YY	MM	DD	hh	mm	WDIR	WSPD	GST	WVHT	DPD	APD	MWD	PRES	ATMP	WTMP	DEWP	VIS	PTDY	TIDE
2026	9	24	18	50	340.0	6.0							13.3		10.6			
2026	9	24	18	40	340.0	6.0							13.2		10.6			
2026	9	24	18	30	340.0	6.0							13.2		10.4			
2026	9	24	18	10	350.0	6.0							13.1		10.4			
2026	9	24	18	0	340.0	6.0							12.9		10.3			
2026	9	24	17	50	340.0	6.0							12.9		10.1			
2026	9	24	17	30	340.0	6.0							12.9		10.5			
2026	9	24	17	10	360.0	6.0							12.9		10.4			
2026	9	24	17	0	340.0	5.0							12.8		10.3			
2026	9	24	16	50	340.0	6.0							12.7		10.3			
2026	9	24	12	50	350.0	5.0							12.7		9.9			
2026	9	24	12	30	350.0	6.0							12.9		10.2			
2026	9	24	12	10	340.0	6.0							13.1		10.2			
2026	9	24	11	50	330.0	5.0							13.0		10.5			
2026	9	24	11	40	350.0	5.0							12.8		10.6			
2026	9	24	11	20	330.0	5.0							13.1		10.2			
2026	9	24	11	10	350.0	5.0							13.0		10.7			
2026	9	24	11	0	330.0	4.0							12.9		10.0			
2026	9	24	10	50	340.0	3.0							12.6		9.5			
2026	9	24	10	30	140.0	1.0							12.0		9.6			
2026	9	24	10	20	180.0	1.0							12.3		9.2			
2026	9	24	10	0	240.0	1.0							12.1		9.9			
2026	9	24	9	50	250.0	1.0							12.5		10.1			
2026	9	24	9	30	290.0	1.0							12.0		9.6			
2026	9	24	9	20	260.0	1.0							11.7		9.9			
2026	9	24	9	10	190.0	1.0							11.7		9.7			
2026	9	24	8	50	250.0	1.0							11.7		9.6			
2026	9	24	8	40	210.0	1.0							11.7		9.9			
2026	9	24	8	30	180.0	1.0							11.6		10.2			
2026	9	24	8	10	170.0	2.0							11.7		10.5			
2026	9	24	8	0	180.0	2.0							11.8		10.6			
2026	9	24	7	50	220.0	1.0							12.0		10.0			
2026	9	24	7	40		0.0							11.8		9.9			
2026	9	24	7	20	230.0	1.0							11.9		10.4			
2026	9	24	7	0	190.0	1.0							12.0		10.7			
2026	9	24	6	50	220.0	1.0							11.9		10.9			
2026	9	24	6	40	190.0	2.0							11.8		10.5			
2026	9	24	6	20	210.0	1.0							12.1		10.6			
2026	9	24	6	10	240.0	1.0							12.2		10.7			
2026	9	24	6	0		0.0							12.3		10.8			
2026	9	24	5	50		0.0							12.7		10.8			
2026	9	24	5	30		0.0							12.5		10.8			
2026	9	24	5	20	200.0	1.0							12.6		10.9			
2026	9	24	5	0	290.0	1.0							12.7		10.9			
2026	9	24	4	50	260.0	1.0							12.5		11.1			
2026	9	24	4	40	290.0	2.0							12.4		11.0			
2026	9	24	4	30	280.0	2.0							12.5		11.0			
2026	9	24	4	10		0.0							13.0		10.7			
2026	9	24	4	0		0.0							12.9		10.7			
2026	9	24	3	50	240.0	1.0							13.1		10.8			
2026	9	24	3	40	360.0	3.0							13.4		10.4			
2026	9	24	3	20	10.0	1.0							13.6		11.2			
2026	9	24	3	0	320.0	2.0							13.7		11.0			
2026	9	24	2	50	310.0	3.0							13.8		11.0			
2026	9	24	2	30	360.0	3.0							14.2		10.1			
2026	9	24	2	20	20.0	2.0							14.3		9.6			
2026	9	24	2	10	10.0	3.0							14.3		9.5			
2026	9	24	1	50	360.0	4.0							14.5		9.4			
2026	9	24	1	40	360.0	4.0							14.6		9.7			
2026	9	24	1	30	360.0	4.0							14.7		9.4			
2026	9	24	1	20	10.0	4.0							14.6		9.5			
2026	9	24	1	0	360.0	5.0							15.1		9.6			
2026	9	24	0	50	10.0	5.0							15.2		9.1			
2026	9	24	0	40	10.0	5.0							15.1		9.3			
2026	9	24	0	30	10.0	5.0							15.0		9.5			
2026	9	24	0	10	10.0	5.0							14.7		10.3			
2026	9	23	23	50	360.0	5.0							14.8		10.3			
2026	9	23	23	40	350.0	5.0							14.7		10.2			
2026	9	23	23	20	360.0	5.0							14.6		10.1			
2026	9	23	23	0	360.0	4.0							14.7		10.2			
2026	9	23	22	50	360.0	4.0							14.6		10.1			
2026	9	23	22	40	350.0	4.0							14.5		10.5			
2026	9	23	22	20	360.0	5.0							14.7		10.0			
2026	9	23	22	0	360.0	4.0							14.5		10.7			
2026	9	23	21	50	360.0	4.0							14.6		10.6			
2026	9	23	21	40	360.0	4.0							14.6		10.8			
2026	9	23	21	20	360.0	4.0							15.0		10.1			
2026	9	23	21	10	360.0	3.0							14.9		10.3			
2026	9	23	21	0	360.0	3.0							14.8		10.8			
2026	9	23	20	50	360.0	4.0							14.7		10.8			
2026	9	23	20	30	20.0	3.0							14.9		11.2			
2026	9	23	20	10	10.0	3.0							14.7		11.1			
2026	9	23	19	50	10.0	3.0							14.5		11.7			
2026	9	23	19	40	360.0	3.0							14.4		11.9			
2026	9	23	19	30	10.0	3.0							14.4		12.2			
2026	9	23	19	20	20.0	2.0							14.6		12.1			
2026	9	23	19	0	70.0	1.0							14.3		12.5			
2026	9	23	18	50	40.0	1.0							14.4		13.1			
2026	9	23	18	40		0.0							14.1		13.2			
2026	9	23	18	20	200.0	1.0							13.6		13.0			
2026	9	23	18	10	170.0	1.0							13.4		12.9			
2026	9	23	17	50	160.0	2.0							13.1		12.8			
2026	9	23	17	40	140.0	2.0							13.0		12.6			
2026	9	23	17	20	120.0	1.0							12.9		12.6			
2026	9	23	17	0	100.0	2.0							12.8		12.6			
2026	9	23	16	50	130.0	2.0							12.8		12.6			
2026	9	23	16	30	130.0	2.0							12.8		12.5			
2026	9	23	16	20	150.0	2.0							12.8		12.5			
2026	9	23	16	10	150.0	1.0							12.6		12.4			
2026	9	23	15	50	240.0	1.0							12.5		12.2			
2026	9	23	15	40	270.0	2.0							12.6		12.1			
2026	9	23	15	30	250.0	1.0							12.6		12.1			
2026	9	23	15	10	270.0	1.0							12.4		11.7			
2026	9	23	15	0	290.0	2.0							12.4		11.7			
2026	9	23	14	50	290.0	2.0							12.4		11.6			
2026	9	23	14	40	280.0	2.0							12.3		11.6			
2026	9	23	14	20	300.0	2.0							12.3		11.7			
2026	9	23	14	0	280.0	1.0							12.5		11.7			
2026	9	23	13	50	300.0	1.0							12.5		11.7			
2026	9	23	13	40	300.0	1.0							12.5		11.8			
2026	9	23	13	30	280.0	1.0							12.5		11.8			
2026	9	23	13	10	180.0	2.0							12.5		11.7			
2026	9	23	13	0	170.0	2.0							12.5		11.7			
2026	9	23	12	50	170.0	2.0							12.4		11.7			
2026	9	23	12	30	150.0	3.0							12.4		11.7			
2026	9	23	12	20	170.0	2.0							12.2		11.5			
2026	9	23	12	10	190.0	2.0							12.2		11.5			
2026	9	23	12	0	180.0	2.0							12.2		11.3			
2026	9	23	11	50	170.0	3.0							12.3		11.4			
2026	9	23	11	30	160.0	4.0							12.6		11.5			
2026	9	23	11	20	150.0	3.0							12.7		11.7			
2026	9	23	11	0	170.0	3.0							12.9		11.8			
2026	9	23	10	50	150.0	4.0							13.1		11.8			
2026	9	23	10	30	140.0	2.0							12.7		11.5			
2026	9	23	10	20	160.0	2.0							12.9		11.6			
2026	9	23	10	0	180.0	2.0							12.8		11.6			
2026	9	23	9	50	140.0	2.0							12.8		11.8			
2026	9	23	9	30	140.0	2.0							12.8		11.7			
2026	9	23	9	10	110.0	1.0							12.9		11.7			
2026	9	23	8	50	210.0	1.0							12.8		11.7			
2026	9	23	8	40	230.0	1.0							13.0		12.0			
2026	9	23	8	20	150.0	1.0							13.2		12.1			
2026	9	23	8	10	120.0	2.0							13.3		12.0			
2026	9	23	8	0	110.0	3.0							13.1		12.1			
2026	9	23	7	50	100.0	1.0							13.0		11.8			
2026	9	23	7	40	80.0	1.0							12.8		11.5			
2026	9	23	7	20	220.0	1.0							12.7		11.2			
2026	9	23	1	50	350.0	3.0							14.6		12.2			
2026	9	23	1	30	350.0	4.0							14.5		12.4			
2026	9	23	1	20	340.0	3.0							14.4		12.5			
2026	9	23	1	10	320.0	3.0							14.4		12.4			
2026	9	23	1	0	340.0	4.0							14.5		12.1			
2026	9	23	0	50	340.0	3.0							14.6		12.1			
2026	9	23	0	40	320.0	3.0							14.4		12.4			
2026	9	23	0	30	340.0	3.0							14.5		12.2			
2026	9	23	0	10	350.0	4.0							14.3		12.6			
2026	9	23	0	0	340.0	3.0							14.2		12.9			
2026	9	22	23	50	320.0	3.0							14.2		12.9			
2026	9	22	23	40	340.0	3.0							14.3		12.8			
2026	9	22	23	20	350.0	4.0							14.3		12.6			
2026	9	22	23	10	350.0	4.0							14.2		12.5			
2026	9	22	23	0	330.0	2.0							14.4		12.8			
2026	9	22	22	50	330.0	3.0							14.3		12.7			
2026	9	22	22	40	320.0	4.0							14.5		12.6			
2026	9	22	22	30	350.0	4.0							14.6		12.4			
2026	9	22	22	10	350.0	4.0							14.4		12.8			
2026	9	22	22	0	340.0	4.0							14.4		12.7			
2026	9	22	21	50	350.0	4.0							14.2		12.7			
2026	9	22	21	40	340.0	4.0							14.0		12.7			
2026	9	22	21	30	340.0	4.0							13.9		12.6			
2026	9	22	21	20	340.0	4.0							13.8		12.7			
2026	9	22	21	0	330.0	4.0							13.7		12.9			
2026	9	22	20	50	330.0	4.0							13.8		13.0			
2026	9	22	20	30	340.0	4.0							13.9		13.1			
2026	9	22	20	20	340.0	4.0							13.9		13.0			
2026	9	22	20	10	340.0	4.0							13.9		13.0			
2026	9	22	19	50	330.0	3.0							14.1		13.0			
2026	9	22	19	40	350.0	4.0							14.1		13.0			
2026	9	22	19	20	340.0	4.0							14.3		12.9			
2026	9	22	19	10	350.0	3.0							14.8		13.2			
2026	9	22	19	0	360.0	3.0							15.7		13.3			
2026	9	22	18	50	40.0	2.0							16.9		13.9			
2026	9	22	18	30	50.0	1.0							15.7		13.7			
2026	9	22	18	20	70.0	2.0							15.4		13.5			
2026	9	22	18	10	90.0	2.0							15.1		13.1			
2026	9	22	18	0	80.0	2.0							15.0		12.9			
2026	9	22	17	50	80.0	2.0							14.9		12.8			
2026	9	22	17	30	90.0	2.0							14.5		12.5			
2026	9	22	17	10	130.0	1.0							14.9		12.4			
2026	9	22	16	50	90.0	1.0							14.6		12.6			
2026	9	22	16	40	100.0	1.0							14.2		12.5			
2026	9	22	16	30		0.0							15.2		13.0			
2026	9	22	16	10	110.0	1.0							13.9		12.9			
2026	9	22	15	50	140.0	1.0							13.9		12.9			
2026	9	22	15	30	170.0	1.0							13.3		12.8			
2026	9	22	15	20	190.0	1.0							13.5		13.0			
2026	9	22	15	10		0.0							13.3		13.0			
2026	9	22	14	50	150.0	1.0							13.0		12.7			
2026	9	22	14	40		0.0							13.0		12.8			
2026	9	22	14	20	230.0	1.0							12.9		12.7			
2026	9	22	14	0	150.0	1.0							13.1		12.8			
2026	9	22	13	50		0.0							13.0		12.8			
2026	9	22	13	40	140.0	1.0							13.0		12.8			
2026	9	22	13	20	130.0	1.0							12.9		12.7			
2026	9	22	13	10	70.0	2.0							13.0		12.7			
2026	9	22	12	50	170.0	1.0							13.2		13.0			
2026	9	22	12	30	140.0	1.0							13.1		12.9			
2026	9	22	12	20	150.0	1.0							13.1		12.9			
2026	9	22	12	10	130.0	2.0							13.0		12.8			
2026	9	22	11	50		0.0							13.3		13.1			
2026	9	22	11	30	160.0	2.0							13.2		13.1			
2026	9	22	11	20	100.0	2.0							13.0		12.8			
2026	9	22	11	10	90.0	2.0							12.9		12.7			
2026	9	22	10	50	120.0	2.0							13.0		12.8			
2026	9	22	10	40	130.0	2.0							12.8		12.6			
2026	9	22	10	30	160.0	1.0							12.8		12.6			
2026	9	22	10	20	160.0	1.0							12.8		12.7			
2026	9	22	10	0	110.0	1.0							12.8		12.6			
2026	9	22	9	50		0.0							12.7		12.5			
2026	9	22	9	30	160.0	1.0							12.7		12.5			
2026	9	22	9	20	150.0	1.0							12.8		12.6			
2026	9	22	9	10		0.0							12.7		12.5			
2026	9	22	8	50	240.0	1.0							12.9		12.8			
2026	9	22	8	30		0.0							13.1		12.8			
2026	9	22	8	20	300.0	1.0							13.1		12.8			
2026	9	22	8	0	140.0	2.0							13.2		13.0			
2026	9	22	7	50	90.0	3.0							13.3		13.2			
2026	9	22	7	40	40.0	1.0							13.1		12.9			
2026	9	22	7	20	240.0	1.0							13.1		12.8			
2026	9	22	7	10	140.0	1.0							13.1		12.9			
2026	9	22	7	0	200.0	1.0							13.2		12.9			
2026	9	22	6	50	170.0	1.0							13.3		13.0			
2026	9	22	6	40	190.0	1.0							13.3		13.0			
2026	9	22	6	20	160.0	1.0							13.5		13.2			
2026	9	22	6	10	140.0	2.0							13.6		13.3			
2026	9	22	5	50	170.0	1.0							13.4		13.1			
2026	9	22	5	30	220.0	1.0							13.6		13.1			
2026	9	22	5	20	220.0	1.0							13.7		13.1			
2026	9	22	5	0	250.0	1.0							13.8		13.2			
2026	9	22	4	50	260.0	1.0							13.8		13.2			
2026	9	22	4	40	270.0	1.0							13.8		13.3			
2026	9	22	4	20	270.0	1.0							14.2		13.3			
2026	9	22	4	10	270.0	1.0							14.3		13.3			
2026	9	22	3	50	300.0	2.0							14.6		13.5			
2026	9	22	3	40	290.0	1.0							14.6		13.4			
2026	9	22	3	30	280.0	2.0							14.7		13.7			
2026	9	22	3	20	290.0	2.0							14.8		13.8			
2026	9	22	3	0	340.0	2.0							15.1		13.9			
2026	9	22	2	50	310.0	2.0							15.2		13.9			
2026	9	22	2	40	330.0	3.0							15.0		13.9			
2026	9	22	2	30	340.0	3.0							15.1		13.8			
2026	9	22	2	10	330.0	3.0							14.9		13.7			
2026	9	22	1	50	330.0	1.0							15.7		13.8			
2026	9	22	1	40	310.0	1.0							15.8		13.9			
2026	9	22	1	30	320.0	2.0							16.1		13.9			
2026	9	22	1	20	310.0	1.0							16.1		14.0			
2026	9	22	1	0	330.0	2.0							15.6		14.0			
2026	9	22	0	50	320.0	2.0							15.4		13.9			
2026	9	22	0	40	330.0	2.0							15.5		14.0			
2026	9	22	0	30	320.0	3.0							15.4		14.0			
2026	9	22	0	10	320.0	2.0							15.5		14.1			
2026	9	22	0	0	330.0	3.0							15.3		13.9			
2026	9	21	23	50	340.0	3.0							15.5		13.8			
2026	9	21	23	30	320.0	2.0							15.7		13.7			
2026	9	21	23	20	330.0	3.0							15.8		13.4			
2026	9	21	23	10	320.0	3.0							15.8		13.2			
2026	9	21	22	50	330.0	2.0							15.2		13.4			
2026	9	21	22	40	320.0	3.0							15.1		13.7			
2026	9	21	22	30	330.0	4.0							14.9		13.7			
2026	9	21	22	10	360.0	2.0							16.9		13.5			
2026	9	21	22	0	350.0	3.0							17.2		13.3			
2026	9	21	20	50	40.0	3.0							16.8		13.5			
2026	9	21	20	40	80.0	1.0							16.5		13.8			
2026	9	21	20	20	280.0	1.0							15.5		13.5			
2026	9	21	20	10	310.0	1.0							16.1		13.5			
2026	9	21	19	50	340.0	1.0							15.5		13.2			
2026	9	21	19	30	40.0	2.0							15.1		13.2			
2026	9	21	19	20	50.0	3.0							14.9		13.0			
2026	9	21	19	10	60.0	3.0							14.8		13.0			
2026	9	21	18	50	70.0	2.0							14.3		12.5			
2026	9	21	18	30	80.0	3.0							13.6		12.7			
2026	9	21	18	20	100.0	3.0							13.4		12.4			
2026	9	21	18	0	120.0	3.0							13.2		12.3			
2026	9	21	17	50	120.0	3.0							13.3		12.3			
2026	9	21	17	30	130.0	2.0							12.7		12.1			
2026	9	21	17	20	140.0	2.0							12.5		12.0			
2026	9	21	17	10	130.0	2.0							12.6		11.8			
2026	9	21	17	0	120.0	2.0							12.6		11.8			
2026	9	21	16	50	110.0	2.0							12.6		11.9			
2026	9	21	16	40	100.0	2.0							12.5		11.8			
2026	9	21	16	20	90.0	2.0							12.7		11.7			
2026	9	21	16	10	100.0	1.0							13.4		12.0			
2026	9	21	16	0		0.0							12.8		11.7			
2026	9	21	15	50		0.0							12.4		11.7			
2026	9	21	15	40	180.0	1.0							12.0		11.6			
2026	9	21	15	30	170.0	3.0							11.8		11.5			
2026	9	21	15	10	160.0	3.0							11.9		11.5			
2026	9	21	14	50	170.0	2.0							11.2		11.0			
2026	9	21	14	40	180.0	2.0							11.3		11.1			
2026	9	21	14	30	180.0	1.0							11.1		10.8			
2026	9	21	14	10	180.0	1.0							11.1		10.8			
2026	9	21	14	0	180.0	2.0							11.2		10.9			
2026	9	21	13	50	170.0	2.0							11.2		11.0			
2026	9	21	13	40	180.0	1.0							11.2		10.9			
2026	9	21	13	30	190.0	1.0							11.2		10.8			
2026	9	21	13	10	200.0	1.0							11.3		11.0			
2026	9	21	13	0	180.0	1.0							11.5		11.2			
2026	9	21	12	50	170.0	2.0							11.3		11.0			
2026	9	21	12	40	180.0	2.0							11.2		10.9			
2026	9	21	12	20	190.0	2.0							11.3		10.9			
2026	9	21	12	10	210.0	2.0							11.4		10.9			
2026	9	21	11	50	200.0	1.0							11.4		10.9			
2026	9	21	11	40	180.0	1.0							11.5		11.0			
2026	9	21	11	20		0.0							11.7		11.1			
2026	9	21	11	10		0.0							11.7		11.0			
2026	9	21	11	0		0.0							11.8		11.2			
2026	9	21	10	50	250.0	1.0							11.8		11.1			
2026	9	21	10	40	270.0	1.0							11.8		11.2			
2026	9	21	10	20	350.0	1.0							11.8		11.2			
2026	9	21	10	10	280.0	1.0							11.8		11.3			
2026	9	21	10	0	260.0	1.0							11.7		11.2			
2026	9	21	9	50	270.0	1.0							11.8		11.3			
2026	9	21	9	30	230.0	1.0							11.8		11.3			
2026	9	21	9	10	210.0	1.0							11.9		11.4			
2026	9	21	9	0	210.0	1.0							12.1		11.5			
2026	9	21	8	50	270.0	1.0							12.3		11.7			
2026	9	21	8	30	260.0	1.0							12.2		11.6			
2026	9	21	8	20	250.0	1.0							12.3		11.6			
2026	9	21	8	0	280.0	1.0							12.5		11.7			
2026	9	21	7	50	290.0	1.0							12.5		11.7			
2026	9	21	7	40	310.0	1.0							12.6		11.8			
2026	9	21	7	30	300.0	2.0							12.6		11.8			
2026	9	21	7	20	300.0	2.0							12.6		11.8			
2026	9	21	7	0	310.0	1.0							12.9		12.0			
2026	9	21	6	50	350.0	2.0							13.1		11.6			
2026	9	21	6	40	10.0	3.0							13.1		11.8			
2026	9	21	6	30	10.0	3.0							13.1		11.8			
2026	9	21	6	10	10.0	3.0							13.2		11.8			
2026	9	21	6	0	360.0	4.0							13.1		11.7			
2026	9	21	5	50	360.0	3.0							13.1		11.7			
2026	9	21	5	40	10.0	4.0							13.2		11.8			
2026	9	21	5	20	360.0	4.0							13.3		11.9			
2026	9	21	5	0	360.0	4.0							13.2		11.8			
2026	9	21	4	50	360.0	4.0							13.2		11.9			
2026	9	21	4	30	350.0	4.0							13.4		12.1			
2026	9	21	4	20	360.0	5.0							13.4		12.0			
2026	9	21	4	10	360.0	4.0							13.4		12.0			
2026	9	21	4	0	360.0	4.0							13.4		12.2			
2026	9	21	3	50	340.0	5.0							13.4		12.1			
2026	9	21	3	40	350.0	5.0							13.4		12.1			
2026	9	21	3	30	350.0	4.0							13.5		12.2			
2026	9	21	3	10	360.0	4.0							13.5		12.2			
2026	9	21	3	0	350.0	4.0							13.6		12.1			
2026	9	21	2	50	360.0	4.0							13.6		12.3			
2026	9	21	2	30	350.0	4.0							13.8		12.7			
2026	9	21	2	20	350.0	4.0							13.8		12.5			
2026	9	21	2	0	350.0	4.0							13.9		12.6			
2026	9	21	1	50	350.0	4.0							14.0		12.5			
2026	9	21	1	40	340.0	4.0							14.1		12.7			
2026	9	21	1	20	330.0	4.0							14.5		12.7			
2026	9	21	1	0	330.0	3.0							14.8		12.6			
2026	9	21	0	50	330.0	4.0							14.8		12.7			
2026	9	21	0	30	310.0	3.0							14.8		12.8			
2026	9	21	0	20	300.0	3.0							15.2		13.0			
2026	9	21	0	10	350.0	4.0							15.4		12.6			
2026	9	20	23	50	350.0	5.0							15.1		12.3			
2026	9	20	23	40	360.0	5.0							14.9		12.1			
2026	9	20	23	30	360.0	6.0							14.8		12.0			
2026	9	20	23	20	360.0	6.0							14.8		12.1			
2026	9	20	23	10	360.0	6.0							14.6		12.1			
2026	9	20	22	50	360.0	6.0							14.3		12.2			
2026	9	20	22	30	360.0	6.0							14.1		12.0			
2026	9	20	22	10	360.0	6.0							14.1		12.1			
2026	9	20	21	50	350.0	6.0							14.2		11.9			
2026	9	20	21	40	360.0	6.0							14.3		11.9			
2026	9	20	21	30	350.0	6.0							14.3		11.8			
2026	9	20	21	10	360.0	6.0							14.3		11.8			
2026	9	20	20	50	360.0	6.0							14.3		12.0			
2026	9	20	20	40	350.0	6.0							14.2		12.0			
2026	9	20	20	20	350.0	6.0							14.0		12.1			
2026	9	20	20	0	360.0	6.0							14.1		12.1			
2026	9	20	19	50	360.0	5.0							14.3		12.1			
2026	9	20	19	40	350.0	5.0							14.3		12.3			
2026	9	20	19	20	360.0	5.0							14.4		12.4			
2026	9	20	19	0	360.0	5.0							13.9		12.3			
2026	9	20	18	50	360.0	5.0							13.8		12.4			
2026	9	20	18	40	360.0	6.0							13.7		12.3			
2026	9	20	18	30	360.0	5.0							13.6		12.2			
2026	9	20	18	20	360.0	4.0							13.7		12.1			
2026	9	20	18	10	340.0	2.0							15.0		12.3			
2026	9	20	18	0	30.0	1.0							15.4		12.6			
2026	9	20	17	50		0.0							15.3		12.2			
2026	9	20	17	30		0.0							14.1		12.0			
2026	9	20	17	20	100.0	1.0							14.0		11.8			
2026	9	20	17	10	90.0	1.0							15.0		12.0			
2026	9	20	17	0		0.0							14.7		11.9			
2026	9	20	16	50	40.0	1.0							15.2		11.9			
2026	9	20	16	40		0.0							15.5		12.1			
2026	9	20	16	20	20.0	1.0							14.7		12.0			
2026	9	20	16	0	100.0	1.0							13.3		11.9			
2026	9	20	15	50	110.0	1.0							13.1		11.7			
2026	9	20	15	30	130.0	1.0							12.7		11.5			
2026	9	20	15	20	150.0	1.0							12.7		11.3			
2026	9	20	15	10		0.0							12.6		11.4			
2026	9	20	14	50		0.0							12.0		11.3			
2026	9	20	14	30	210.0	1.0							11.4		11.0			
2026	9	20	14	10		0.0							11.3		11.1			
2026	9	20	14	0	240.0	1.0							11.2		11.0			
2026	9	20	13	50	220.0	1.0							11.1		10.9			
2026	9	20	13	40	200.0	1.0							11.3		11.1			
2026	9	20	13	20	160.0	1.0							11.4		11.1			
2026	9	20	13	0	180.0	1.0							11.4		11.0			
2026	9	20	12	50	230.0	1.0							11.5		11.1			
2026	9	20	12	30	220.0	1.0							11.3		10.9			
2026	9	20	12	20	250.0	1.0							11.5		11.1			
2026	9	20	12	10	230.0	1.0							11.7		11.2			
2026	9	20	11	50	190.0	1.0							11.7		11.2			
2026	9	20	11	40	250.0	1.0							11.9		11.3			
2026	9	20	11	20	260.0	1.0							11.9		11.3			
2026	9	20	11	10	280.0	1.0							11.8		11.2			
2026	9	20	10	50	270.0	1.0							11.7		11.1			
2026	9	20	10	30	280.0	1.0							11.8		11.2			
2026	9	20	10	10	290.0	1.0							11.9		11.3			
2026	9	20	9	50	310.0	2.0							12.0		11.4			
2026	9	20	9	30	330.0	2.0							12.1		11.5			
2026	9	20	9	20	340.0	2.0							12.0		11.4			
2026	9	20	9	10	350.0	2.0							12.1		11.5			
2026	9	20	9	0	10.0	2.0							12.1		11.5			
2026	9	20	8	50		0.0							12.1		11.6			
2026	9	20	8	30	310.0	1.0							12.3		11.7			
2026	9	20	8	20	310.0	1.0							12.3		11.7			
2026	9	20	8	10	300.0	1.0							12.3		11.6			
2026	9	20	7	50	280.0	1.0							12.3		11.7			
2026	9	20	7	40	280.0	1.0							12.4		11.7			
2026	9	20	7	20	290.0	1.0							12.6		11.8			
2026	9	20	7	10	320.0	2.0							12.6		11.9			
2026	9	20	6	50	330.0	2.0							12.8		11.9			
2026	9	20	6	40	330.0	2.0							12.8		12.0			
2026	9	20	6	30	330.0	2.0							12.9		11.9			
2026	9	20	6	10	330.0	2.0							12.9		12.1			
2026	9	20	5	50	300.0	1.0							12.7		12.0			
2026	9	20	5	30	280.0	1.0							12.8		12.0			
2026	9	20	5	20	280.0	1.0							12.7		12.0			
2026	9	20	5	0	250.0	1.0							12.5		12.0			
2026	9	20	4	50	260.0	2.0							12.6		12.0			
2026	9	20	4	40	280.0	1.0							12.6		12.1			
2026	9	20	4	30	260.0	1.0							12.7		12.1			
2026	9	20	4	10	250.0	1.0							12.8		12.1			
2026	9	20	3	50	280.0	1.0							13.2		12.4			
2026	9	20	3	30	320.0	2.0							13.5		12.7			
2026	9	20	3	20	310.0	2.0							13.5		12.8			
2026	9	20	3	10	310.0	2.0							13.5		12.8			
2026	9	20	2	50	310.0	2.0							13.6		12.9			
2026	9	20	2	40	330.0	3.0							13.7		12.9			
2026	9	20	2	30	330.0	3.0							13.7		12.9			
2026	9	20	2	20	340.0	3.0							13.7		12.9			
2026	9	20	2	0	340.0	2.0							13.7		13.0			
2026	9	20	1	50	320.0	3.0							13.9		13.0			
2026	9	20	1	40	330.0	3.0							14.0		13.1			
2026	9	20	1	20	320.0	4.0							14.1		13.1			
2026	9	20	1	0	320.0	3.0							14.3		13.2			
2026	9	20	0	50	330.0	3.0							14.4		13.2			
2026	9	20	0	40	340.0	2.0							14.5		13.2			
2026	9	20	0	30	340.0	3.0							14.4		13.2			
2026	9	20	0	10	330.0	3.0							14.8		13.4			
2026	9	19	23	50	350.0	3.0							15.1		13.5			
2026	9	19	23	30	330.0	2.0							15.1		13.5			
2026	9	19	23	20	330.0	2.0							15.2		13.5			
2026	9	19	23	10	330.0	1.0							16.3		13.5			
2026	9	19	22	50	80.0	2.0							15.4		13.4			
2026	9	19	22	40	70.0	2.0							15.2		13.4			
2026	9	19	22	30	80.0	2.0							15.0		13.2			
2026	9	19	22	10	50.0	2.0							15.0		13.3			
2026	9	19	22	0	50.0	2.0							14.9		13.3			
2026	9	19	21	50	60.0	2.0							14.8		13.2			
2026	9	19	21	30	70.0	2.0							14.6		13.1			
2026	9	19	21	20	70.0	2.0							14.6		13.0			
2026	9	19	21	0	60.0	1.0							14.6		13.0			
2026	9	19	20	50	50.0	1.0							14.5		13.1			
2026	9	19	20	40	60.0	1.0							14.4		13.0			
2026	9	19	20	30	80.0	2.0							14.3		13.0			
2026	9	19	20	10	80.0	2.0							14.1		13.0			
2026	9	19	19	50	40.0	1.0							14.5		13.1			
2026	9	19	19	40	30.0	1.0							14.6		13.1			
2026	9	19	19	20		0.0							14.6		13.4			
2026	9	19	19	10		0.0							14.3		13.2			
2026	9	19	19	0		0.0							14.1		13.2			
2026	9	19	18	50		0.0							13.9		13.1			
2026	9	19	18	30	90.0	1.0							13.7		12.9			
2026	9	19	18	10	90.0	1.0							13.7		12.9			
2026	9	19	18	0	90.0	1.0							13.7		12.8			
2026	9	19	17	50		0.0							13.6		12.8			
2026	9	19	17	30		0.0							13.3		12.5			
2026	9	19	17	10	340.0	1.0							13.1		12.5			
2026	9	19	16	50	50.0	1.0							12.8		12.4			
2026	9	19	16	30	100.0	2.0							12.6		12.2			
2026	9	19	16	20	120.0	2.0							12.7		12.3			
2026	9	19	16	10	90.0	2.0							12.7		12.4			
2026	9	19	15	50	100.0	1.0							12.7		12.4			
2026	9	19	15	40	90.0	1.0							12.6		12.3			
2026	9	19	15	30	180.0	1.0							12.6		12.4			
2026	9	19	15	20		0.0							12.5		12.2			
2026	9	19	15	10	140.0	1.0							12.4		12.1			
2026	9	19	15	0	160.0	1.0							12.3		12.1			
2026	9	19	14	50	150.0	1.0							12.2		12.0			
2026	9	19	14	30	140.0	1.0							12.2		12.0			
2026	9	19	14	20	130.0	1.0							12.0		11.9			
2026	9	19	14	0	130.0	1.0							11.9		11.7			
2026	9	19	13	50	140.0	1.0							11.8		11.6			
2026	9	19	13	40	160.0	1.0							11.8		11.7			
2026	9	19	13	30	150.0	1.0							11.8		11.7			
2026	9	19	13	10	180.0	1.0							11.8		11.7			
2026	9	19	12	50		0.0							11.8		11.7			
2026	9	19	12	40		0.0							11.8		11.7			
2026	9	19	12	20	240.0	1.0							11.7		11.6			
2026	9	19	12	10	250.0	1.0							12.0		11.9			
2026	9	19	12	0	130.0	3.0							12.1		12.0			
2026	9	19	11	50	100.0	2.0							12.0		11.9			
2026	9	19	11	40		0.0							11.8		11.7			
2026	9	19	11	20		0.0							12.0		11.9			
2026	9	19	11	0		0.0							11.9		11.8			
2026	9	19	10	50	220.0	1.0							11.9		11.8			
2026	9	19	10	40	190.0	1.0							12.0		11.8			
2026	9	19	10	20	160.0	1.0							12.0		11.8			
2026	9	19	10	10	160.0	1.0							12.0		11.8			
2026	9	19	10	0	170.0	1.0							12.1		11.9			
2026	9	19	9	50	190.0	1.0							12.1		11.9			
2026	9	19	9	40	180.0	1.0							12.2		11.9			
2026	9	19	9	30	200.0	1.0							12.2		11.9			
2026	9	19	9	10	190.0	1.0							12.4		12.1			
2026	9	19	8	50		0.0							12.4		12.0			
2026	9	19	8	30		0.0							12.4		12.1			
2026	9	19	8	20		0.0							12.4		12.1			
2026	9	19	8	10	240.0	1.0							12.6		12.3			
2026	9	19	7	50		0.0							12.7		12.4			
2026	9	19	7	30	220.0	1.0							12.8		12.4			
2026	9	19	7	10	150.0	1.0							13.0		12.5			
2026	9	19	7	0	180.0	1.0							13.1		12.5			
2026	9	19	6	50		0.0							13.1		12.5			
2026	9	19	6	30	250.0	1.0							13.4		12.6			
2026	9	19	6	10	240.0	1.0							13.3		12.6			
2026	9	19	5	50	260.0	2.0							13.6		12.7			
2026	9	19	5	40	250.0	2.0							13.5		12.7			
2026	9	19	5	30	250.0	2.0							13.6		12.7			
2026	9	19	5	20	250.0	2.0							13.7		12.7			
2026	9	19	5	10	290.0	2.0							14.0		12.8			
2026	9	19	4	50	330.0	1.0							14.5		12.9			
2026	9	19	4	30	330.0	2.0							14.2		13.0			
2026	9	19	4	20	280.0	3.0							13.9		13.0			
2026	9	19	4	0	330.0	3.0							14.0		13.1			
2026	9	19	3	50	320.0	3.0							14.0		13.1			
2026	9	19	3	30	310.0	3.0							14.1		13.0			
2026	9	19	3	20	310.0	3.0							14.2		13.1			
2026	9	19	3	10	320.0	3.0							14.3		13.1			
2026	9	19	3	0	320.0	3.0							14.3		13.0			
2026	9	19	2	50	310.0	3.0							14.3		13.0			
2026	9	19	2	30	300.0	3.0							14.3		13.1			
2026	9	19	2	10	340.0	4.0							14.5		12.9			
2026	9	19	2	0	340.0	4.0							14.3		12.9			
2026	9	19	1	50	320.0	3.0							14.4		13.2			
2026	9	19	1	40	320.0	3.0							14.5		13.3			
2026	9	19	1	20	340.0	5.0							14.5		13.2			
2026	9	19	1	10	340.0	5.0							14.6		13.4			
2026	9	19	1	0	330.0	4.0							15.9		13.8			
2026	9	19	0	50	320.0	3.0							16.3		13.9			
2026	9	19	0	40	320.0	3.0							16.3		13.9			
2026	9	19	0	30	320.0	4.0							16.3		13.9			
2026	9	19	0	10	320.0	2.0							17.4		14.3			
2026	9	19	0	0	10.0	2.0							18.8		14.3			
2026	9	18	23	50	330.0	2.0							17.8		14.3			
2026	9	18	23	30	320.0	3.0							16.8		14.2			
2026	9	18	23	10	320.0	3.0							16.9		14.2			
2026	9	18	22	50	320.0	3.0							18.6		14.4			
2026	9	18	22	40	90.0	1.0							19.3		14.1			
2026	9	18	22	20	20.0	1.0							19.0		14.6			
2026	9	18	22	10	40.0	1.0							18.7		14.6			
2026	9	18	22	0	60.0	1.0							18.5		14.4			
2026	9	18	21	50	20.0	2.0							18.2		14.3			
2026	9	18	21	30	60.0	2.0							17.5		14.3			
2026	9	18	21	20	70.0	2.0							17.7		14.0			
2026	9	18	21	10	90.0	2.0							17.2		13.9			
2026	9	18	20	50	80.0	3.0							17.1		13.9			
2026	9	18	20	30	90.0	3.0							16.8		13.9			
2026	9	18	20	20	80.0	3.0							16.0		14.1			
2026	9	18	20	10	70.0	3.0							15.9		13.9			
2026	9	18	20	0	60.0	3.0							16.0		13.7			
2026	9	18	19	50	60.0	2.0							15.7		13.7			
2026	9	18	19	40	60.0	3.0							15.5		13.6			
2026	9	18	19	30	60.0	2.0							15.6		13.5			
2026	9	18	19	10	40.0	2.0							15.2		13.5			
2026	9	18	18	50	50.0	2.0							14.7		13.4			
2026	9	18	18	40	60.0	2.0							14.3		13.4			
2026	9	18	18	20	40.0	2.0							14.3		13.3			
2026	9	18	18	10	30.0	2.0							14.3		13.3			
2026	9	18	17	50	50.0	2.0							14.2		13.2			
2026	9	18	17	30	220.0	1.0							14.3		13.3			
2026	9	18	17	20	190.0	2.0							14.2		13.3			
2026	9	18	17	0	160.0	2.0							13.6		13.1			
2026	9	18	16	50	160.0	2.0							13.4		13.1			
2026	9	18	16	40	160.0	2.0							13.3		13.1			
2026	9	18	16	20	170.0	2.0							13.1		12.9			
2026	9	18	16	10	180.0	2.0							13.0		12.7			
2026	9	18	16	0	160.0	3.0							12.9		12.8			
2026	9	18	15	50	160.0	2.0							12.5		12.2			
2026	9	18	15	30	160.0	2.0							12.3		12.0			
2026	9	18	15	10	140.0	3.0							12.0		12.0			
2026	9	18	14	50	140.0	5.0							11.8		11.8			
2026	9	18	14	40	130.0	5.0							11.8		11.8			
2026	9	18	14	20	130.0	3.0							11.9		11.8			
2026	9	18	14	10	130.0	3.0							12.1		11.7			
2026	9	18	13	50	150.0	1.0							11.9		11.6			
2026	9	18	13	40	150.0	1.0							11.9		11.5			
2026	9	18	13	30	130.0	2.0							12.0		11.6			
2026	9	18	13	10	210.0	1.0							11.9		11.4			
2026	9	18	13	0		0.0							12.3		11.8			
2026	9	18	12	50		0.0							12.2		11.8			
2026	9	18	12	40		0.0							12.2		11.7			
2026	9	18	12	20	110.0	1.0							12.3		11.8			
2026	9	18	12	10	140.0	1.0							12.4		11.9			
2026	9	18	11	50	90.0	2.0							12.2		11.6			
2026	9	18	11	40	110.0	3.0							12.4		11.8			
2026	9	18	11	20	160.0	1.0							12.3		11.5			
2026	9	18	11	0	150.0	1.0							12.3		11.6			
2026	9	18	10	50		0.0							12.4		11.6			
2026	9	18	10	30	220.0	1.0							12.4		11.7			
2026	9	18	10	20	200.0	1.0							12.4		11.7			
2026	9	18	10	0	110.0	2.0							12.8		12.3			
2026	9	18	9	50	50.0	1.0							12.5		11.7			
2026	9	18	9	40		0.0							12.5		11.6			
2026	9	18	9	30		0.0							12.6		11.7			
2026	9	18	9	20	160.0	1.0							12.7		11.8			
2026	9	18	9	0	120.0	1.0							12.8		11.9			
2026	9	18	8	50	110.0	1.0							12.8		12.2			
2026	9	18	8	30	110.0	2.0							13.0		12.5			
2026	9	18	8	20	130.0	2.0							13.0		12.4			
2026	9	18	8	0	110.0	1.0							13.1		12.3			
2026	9	18	7	50	90.0	1.0							13.1		12.4			
2026	9	18	7	30	10.0	1.0							13.0		12.2			
2026	9	18	7	20	300.0	1.0							13.0		12.3			
2026	9	18	7	10		0.0							13.1		12.2			
2026	9	18	6	50	140.0	2.0							13.2		12.2			
2026	9	18	6	40		0.0							13.3		12.2			
2026	9	18	6	20	130.0	1.0							13.5		12.3			
2026	9	18	6	0	210.0	1.0							13.3		12.0			
2026	9	18	5	50	260.0	1.0							13.6		12.9			
2026	9	18	5	30	150.0	1.0							13.8		13.0			
2026	9	18	5	10	110.0	1.0							14.1		13.1			
2026	9	18	4	50	140.0	1.0							14.0		12.5			
2026	9	18	4	30	170.0	1.0							14.2		12.3			
2026	9	18	4	10	120.0	1.0							14.4		12.7			
2026	9	18	3	50	260.0	2.0							14.9		12.0			
2026	9	18	3	30	150.0	1.0							14.9		13.0			
2026	9	18	3	10	180.0	1.0							15.0		13.0			
2026	9	18	3	0		0.0							15.3		13.2			
2026	9	18	2	50	190.0	1.0							15.5		12.8			
2026	9	18	2	30	350.0	2.0							16.5		12.3			
2026	9	18	2	20	340.0	2.0							16.4		12.4			
2026	9	18	2	10	320.0	2.0							16.2		12.8			
2026	9	18	1	50	330.0	3.0							17.1		12.7			
2026	9	18	1	30	320.0	3.0							16.4		13.3			
2026	9	18	1	20	310.0	3.0							16.4		13.3			
2026	9	18	1	0	310.0	3.0							16.3		13.5			
2026	9	18	0	50	340.0	4.0							16.6		13.5			
2026	9	18	0	40	350.0	5.0							16.8		13.2			
2026	9	18	0	20	300.0	1.0							17.8		13.1			
2026	9	18	0	10	320.0	2.0							17.8		13.0			
2026	9	18	0	0	320.0	2.0							18.0		12.9			
2026	9	17	23	50	320.0	2.0							18.2		12.8			
2026	9	17	23	40	310.0	2.0							17.6		12.9			
2026	9	17	23	20	320.0	3.0							16.7		13.2			
2026	9	17	23	0	320.0	2.0							16.4		13.3			
2026	9	17	22	50	320.0	3.0							16.5		13.3			
2026	9	17	22	30	350.0	3.0							17.4		13.3			
2026	9	17	22	10	360.0	3.0							16.0		13.5			
2026	9	17	22	0	350.0	4.0							15.6		13.4			
2026	9	17	21	50	340.0	4.0							16.2		13.3			
2026	9	17	21	40	330.0	2.0							15.3		13.3			
2026	9	17	21	30	350.0	3.0							15.2		13.2			
2026	9	17	21	10	340.0	4.0							15.2		13.3			
2026	9	17	21	0	340.0	3.0							15.0		13.2			
2026	9	17	20	50	340.0	4.0							14.6		13.2			
2026	9	17	20	30	340.0	4.0							14.7		13.1			
2026	9	17	20	20	340.0	4.0							14.8		13.1			
2026	9	17	20	10	340.0	4.0							14.8		13.1			
2026	9	17	20	0	340.0	4.0							14.7		13.1			
2026	9	17	19	50	350.0	4.0							14.5		13.2			
2026	9	17	19	40	340.0	4.0							14.3		13.1			
2026	9	17	19	30	350.0	4.0							14.5		13.0			
2026	9	17	19	20	350.0	4.0							14.7		13.1			
2026	9	17	19	0	350.0	3.0							15.0		13.1			
2026	9	17	18	50	350.0	4.0							15.0		13.1			
2026	9	17	18	30	360.0	4.0							15.0		13.0			
2026	9	17	18	10	10.0	4.0							14.8		13.0			
2026	9	17	17	50	10.0	5.0							14.7		12.9			
2026	9	17	17	40	360.0	5.0							14.8		12.9			
2026	9	17	17	30	10.0	6.0							14.7		12.9			
2026	9	17	17	10	360.0	7.0							14.4		12.7			
2026	9	17	16	50	360.0	7.0							14.3		12.6			
2026	9	17	16	40	360.0	7.0							14.0		12.5			
2026	9	17	16	20	360.0	7.0							14.0		12.5			
2026	9	17	16	0	360.0	7.0							14.0		12.4			
2026	9	17	15	50	360.0	7.0							14.2		12.4			
2026	9	17	15	40	360.0	7.0							14.0		12.3			
2026	9	17	15	20	360.0	6.0							13.9		12.3			
2026	9	17	15	10	360.0	6.0							14.0		12.3			
2026	9	17	15	0	350.0	4.0							14.1		12.3			
2026	9	17	14	50	350.0	4.0							14.0		12.3			
2026	9	17	14	40	350.0	4.0							13.9		12.3			
2026	9	17	14	20	10.0	4.0							13.7		12.5			
2026	9	17	14	0	340.0	4.0							13.5		12.5			
2026	9	17	13	50	360.0	5.0							13.4		12.4			
2026	9	17	13	40	330.0	4.0							13.5		12.3			
2026	9	17	13	20	340.0	5.0							13.6		12.4			
2026	9	17	13	0	340.0	4.0							13.7		12.4			
2026	9	17	12	50	330.0	3.0							13.9		12.4			
2026	9	17	12	40	350.0	4.0							14.1		11.7			
2026	9	17	12	30	350.0	3.0							13.8		11.7			
2026	9	17	12	10	320.0	3.0							13.7		12.4			
2026	9	17	11	50	330.0	4.0							14.1		12.1			
2026	9	17	11	30	340.0	2.0							13.9		12.7			
2026	9	17	11	10	350.0	4.0							14.0		12.8			
2026	9	17	10	50	320.0	3.0							13.9		13.1			
2026	9	17	10	40	340.0	4.0							13.9		13.1			
2026	9	17	10	20	340.0	4.0							13.8		12.3			
2026	9	17	10	0	340.0	3.0							13.7		12.5			
2026	9	17	9	50	20.0	2.0							13.6		12.4			
2026	9	17	9	40	30.0	2.0							13.7		12.3			
2026	9	17	9	20	20.0	1.0							13.2		12.5			
2026	9	17	9	10	10.0	1.0							13.2		12.3			
2026	9	17	8	50	340.0	1.0							13.7		12.2			
2026	9	17	8	30	350.0	1.0							13.7		12.6			
2026	9	17	8	10	360.0	2.0							13.9		12.2			
2026	9	17	8	0	20.0	2.0							13.7		12.5			
2026	9	17	7	50	10.0	2.0							13.9		12.6			
2026	9	17	7	30	330.0	1.0							14.1		12.6			
2026	9	17	7	10	330.0	2.0							14.1		12.7			
2026	9	17	7	0	290.0	2.0							13.9		12.7			
2026	9	17	6	50		0.0							13.7		12.6			
2026	9	17	6	40	290.0	2.0							13.8		12.8			
2026	9	17	6	20	330.0	3.0							14.4		12.7			
2026	9	17	6	10	290.0	2.0							14.2		12.7			
2026	9	17	5	50	290.0	2.0							14.0		12.9			
2026	9	17	5	30	310.0	2.0							14.1		12.9			
2026	9	17	5	10	330.0	3.0							14.2		12.9			
2026	9	17	5	0	320.0	2.0							14.3		12.9			
2026	9	17	4	50	330.0	3.0							14.5		12.9			
2026	9	17	4	40	340.0	3.0							14.4		12.9			
2026	9	17	4	30	330.0	2.0							14.4		13.0			
2026	9	17	4	10	350.0	3.0							14.3		13.0			
2026	9	17	3	50	330.0	3.0							14.4		13.0			
2026	9	17	3	30	330.0	3.0							14.8		13.1			
2026	9	17	3	20	320.0	3.0							14.9		13.1			
2026	9	17	3	0	330.0	4.0							14.8		13.1			
2026	9	17	2	50	340.0	4.0							15.1		13.1			
2026	9	17	2	30	330.0	4.0							15.4		13.1			
2026	9	17	2	20	330.0	4.0							15.2		13.2			
2026	9	17	2	0	330.0	4.0							15.2		13.2			
2026	9	17	1	50	330.0	4.0							16.2		13.1			
2026	9	17	1	40	320.0	4.0							15.4		13.2			
2026	9	17	1	20	310.0	4.0							15.7		13.3			
2026	9	17	1	10	340.0	5.0							15.8		13.3			
2026	9	17	0	50	350.0	6.0							15.4		13.3			
2026	9	17	0	40	350.0	6.0							15.2		13.3			
2026	9	17	0	20	340.0	6.0							16.3		13.4			
2026	9	17	0	0	350.0	6.0							16.3		13.5			
2026	9	16	23	50	350.0	5.0							15.9		13.4			
2026	9	16	23	30	350.0	6.0							15.7		13.4			
2026	9	16	23	10	340.0	6.0							15.7		13.3			
2026	9	16	22	50	360.0	6.0							16.2		13.4			
2026	9	16	22	40	350.0	5.0							16.2		13.4			
2026	9	16	22	20	360.0	5.0							16.3		13.2			
2026	9	16	22	0	350.0	6.0							16.3		13.2			
2026	9	16	21	50	360.0	6.0							16.3		13.1			
2026	9	16	21	40	360.0	6.0							16.2		13.1			
2026	9	16	21	20	340.0	6.0							16.2		13.0			
2026	9	16	21	10	360.0	5.0							15.9		13.0			
2026	9	16	20	50	360.0	6.0							15.9		13.0			
2026	9	16	20	40	350.0	5.0							15.4		13.0			
2026	9	16	20	30	360.0	5.0							14.7		13.1			
2026	9	16	20	20	360.0	5.0							14.6		13.1			
2026	9	16	20	0	350.0	6.0							14.7		13.0			
2026	9	16	19	50	350.0	6.0							14.9		12.9			
2026	9	16	19	40	350.0	6.0							15.0		12.9			
2026	9	16	19	20	360.0	6.0							15.6		12.9			
2026	9	16	19	0	360.0	5.0							15.2		12.9			
2026	9	16	18	50	360.0	6.0							15.5		12.9			
2026	9	16	18	40	360.0	6.0							15.3		12.8			
2026	9	16	18	20	360.0	7.0							15.3		12.7			
2026	9	16	18	10	10.0	7.0							15.0		12.6			
2026	9	16	17	50	10.0	5.0							14.1		12.7			
2026	9	16	17	30	360.0	7.0							14.1		12.3			
2026	9	16	17	20	360.0	6.0							14.1		12.3			
2026	9	16	17	10	10.0	7.0							14.0		12.4			
2026	9	16	17	0	10.0	6.0							13.9		12.4			
2026	9	16	16	50	340.0	7.0							14.0		12.3			
2026	9	16	16	40	350.0	7.0							14.3		12.3			
2026	9	16	16	20	360.0	6.0							13.6		12.2			
2026	9	16	16	0	360.0	6.0							13.5		12.1			
2026	9	16	15	50	360.0	7.0							13.5		12.1			
2026	9	16	15	40	360.0	6.0							13.5		12.1			
2026	9	16	15	20	360.0	5.0							13.5		12.2			
2026	9	16	15	10	10.0	5.0							13.5		12.1			
2026	9	16	15	0	360.0	6.0							13.6		12.2			
2026	9	16	14	50	360.0	6.0							13.6		12.1			
2026	9	16	14	40	360.0	6.0							13.6		12.0			
2026	9	16	14	30	10.0	5.0							13.5		12.1			
2026	9	16	14	20	360.0	6.0							13.7		11.9			
2026	9	16	14	0	350.0	6.0							13.6		12.2			
2026	9	16	13	50	340.0	5.0							13.7		12.2			
2026	9	16	13	40	350.0	5.0							13.7		12.1			
2026	9	16	13	30	360.0	6.0							13.7		11.9			
2026	9	16	13	20	360.0	5.0							13.6		11.9			
2026	9	16	13	10	10.0	5.0							13.7		11.8			
2026	9	16	12	50	20.0	5.0							13.7		11.9			
2026	9	16	12	40	10.0	5.0							13.8		11.7			
2026	9	16	12	20	360.0	5.0							13.8		11.9			
2026	9	16	12	0	10.0	4.0							13.7		12.0			
2026	9	16	11	50	10.0	5.0							13.5		12.1			
2026	9	16	11	40	10.0	5.0							13.4		12.4			
2026	9	16	11	20	350.0	7.0							13.4		12.4			
2026	9	16	11	10	350.0	6.0							13.4		12.4			
2026	9	16	11	0	350.0	6.0							13.3		12.4			
2026	9	16	10	50	350.0	5.0							13.4		12.6			
2026	9	16	10	40	340.0	3.0							13.2		12.2			
2026	9	16	10	20	350.0	3.0							13.1		12.2			
2026	9	16	10	10	340.0	2.0							12.9		11.8			
2026	9	16	9	50	330.0	3.0							12.8		11.8			
2026	9	16	9	30	340.0	2.0							12.7		11.6			
2026	9	16	9	10	310.0	1.0							13.1		12.2			
2026	9	16	9	0	350.0	3.0							13.4		12.4			
2026	9	16	8	50	360.0	3.0							13.4		12.5			
2026	9	16	8	40	350.0	3.0							13.4		12.4			
2026	9	16	8	30	350.0	3.0							13.4		12.3			
2026	9	16	8	20	350.0	3.0							13.4		12.3			
2026	9	16	8	0	10.0	4.0							13.5		12.4			
2026	9	16	7	50	350.0	5.0							13.5		12.3			
2026	9	16	7	40	350.0	4.0							13.5		12.4			
2026	9	16	7	30	360.0	4.0							13.6		12.3			
2026	9	16	7	20	360.0	4.0							13.8		12.4			
2026	9	16	7	0	10.0	4.0							14.0		12.0			
2026	9	16	6	50	360.0	3.0							14.0		12.1			
2026	9	16	6	30	330.0	1.0							13.5		12.2			
2026	9	16	6	10	280.0	1.0							13.3		12.2			
2026	9	16	5	50	270.0	1.0							13.1		12.0			
2026	9	16	5	40	260.0	1.0							13.2		11.9			
2026	9	16	5	30	250.0	2.0							13.6		11.8			
2026	9	16	5	10	220.0	1.0							13.5		12.0			
2026	9	16	4	50	290.0	1.0							13.8		12.4			
2026	9	16	4	30	300.0	2.0							14.1		12.3			
2026	9	16	4	20	310.0	2.0							14.1		12.4			
2026	9	16	4	10	310.0	3.0							14.3		12.5			
2026	9	16	3	50	280.0	2.0							14.4		12.7			
2026	9	16	3	40	300.0	2.0							14.3		12.6			
2026	9	16	3	20	350.0	2.0							15.0		12.4			
2026	9	16	3	10	340.0	3.0							14.6		12.5			
2026	9	16	2	50	320.0	3.0							14.6		12.7			
2026	9	16	2	30	340.0	3.0							14.9		12.6			
2026	9	16	2	10	350.0	4.0							15.1		12.6			
2026	9	16	2	0	350.0	4.0							15.1		12.7			
2026	9	16	1	50	350.0	4.0							15.2		12.7			
2026	9	16	1	30	360.0	4.0							14.8		12.7			
2026	9	16	1	20	360.0	5.0							14.7		12.8			
2026	9	16	1	0	350.0	3.0							15.0		13.1			
2026	9	16	0	50	360.0	4.0							15.5		13.0			
2026	9	16	0	40	360.0	4.0							15.5		13.0			
2026	9	16	0	30	360.0	4.0							15.6		13.0			
2026	9	16	0	20	350.0	4.0							16.1		12.9			
2026	9	16	0	0	350.0	5.0							16.4		12.8			
2026	9	15	23	50	360.0	5.0							15.8		12.8			
2026	9	15	23	40	350.0	4.0							15.5		13.0			
2026	9	15	23	30	350.0	5.0							15.4		12.9			
2026	9	15	23	20	360.0	5.0							15.4		12.9			
2026	9	15	23	0	10.0	5.0							15.5		12.9			
2026	9	15	22	50	10.0	5.0							15.2		13.0			
2026	9	15	22	30	360.0	5.0							15.0		12.9			
2026	9	15	22	10	360.0	5.0							15.2		12.8			
2026	9	15	22	0	10.0	5.0							15.2		12.7			
2026	9	15	21	50	360.0	5.0							15.1		12.8			
2026	9	15	21	40	360.0	6.0							14.8		12.8			
2026	9	15	21	30	360.0	7.0							14.4		12.7			
2026	9	15	21	10	360.0	6.0							14.5		12.8			
2026	9	15	20	50	10.0	7.0							14.7		12.6			
2026	9	15	20	30	10.0	6.0							14.7		12.8			
2026	9	15	20	20	360.0	5.0							14.6		12.5			
2026	9	15	20	0	350.0	4.0							14.3		12.6			
2026	9	15	19	50	350.0	4.0							14.5		12.7			
2026	9	15	19	40	360.0	4.0							14.4		12.9			
2026	9	15	19	20	360.0	4.0							14.6		12.5			
2026	9	15	19	10	360.0	4.0							14.5		12.5			
2026	9	15	19	0	350.0	4.0							14.3		12.4			
2026	9	15	18	50	360.0	4.0							14.0		12.3			
2026	9	15	18	30	360.0	4.0							13.8		12.0			
2026	9	15	18	10	360.0	3.0							13.5		12.2			
2026	9	15	17	50	340.0	3.0							13.6		12.1			
2026	9	15	17	30	310.0	2.0							13.4		12.2			
2026	9	15	17	20	310.0	1.0							13.3		12.2			
2026	9	15	17	10	300.0	1.0							13.3		12.4			
2026	9	15	17	0	270.0	1.0							13.3		12.5			
2026	9	15	16	50		0.0							13.4		12.4			
2026	9	15	16	40		0.0							13.3		12.5			
2026	9	15	16	20		0.0							13.2		12.5			
2026	9	15	16	10	200.0	1.0							13.2		12.5			
2026	9	15	16	0		0.0							13.2		12.5			
2026	9	15	15	50	230.0	1.0							13.2		12.5			
2026	9	15	15	40		0.0							13.2		12.4			
2026	9	15	15	20		0.0							13.0		12.4			
2026	9	15	15	10		0.0							13.1		12.6			
2026	9	15	15	0		0.0							13.1		12.6			
2026	9	15	14	50		0.0							13.1		12.6			
2026	9	15	14	40		0.0							13.1		12.6			
2026	9	15	14	20		0.0							13.1		12.5			
2026	9	15	14	0		0.0							13.1		12.5			
2026	9	15	13	50	250.0	1.0							13.2		12.6			
2026	9	15	13	30	270.0	1.0							13.2		12.5			
2026	9	15	13	20	270.0	1.0							13.2		12.6			
2026	9	15	13	0		0.0							13.1		12.5			
2026	9	15	12	50		0.0							13.1		12.5			
2026	9	15	12	30		0.0							13.2		12.6			
2026	9	15	12	10	100.0	1.0							13.3		12.6			
2026	9	15	12	0		0.0							13.2		12.5			
2026	9	15	11	50		0.0							13.3		12.5			
2026	9	15	11	30	50.0	1.0							13.4		12.6			
2026	9	15	11	10		0.0							13.4		12.5			
2026	9	15	11	0		0.0							13.4		12.5			
2026	9	15	10	50	300.0	1.0							13.5		12.4			
2026	9	15	10	40	310.0	1.0							13.4		12.3			
2026	9	15	10	20		0.0							13.3		12.3			
2026	9	15	10	0	230.0	1.0							13.3		12.2			
2026	9	15	9	50	260.0	1.0							13.1		12.1			
2026	9	15	9	40	240.0	1.0							13.1		12.2			
2026	9	15	9	20	280.0	1.0							13.1		12.2			
2026	9	15	9	0	260.0	1.0							13.2		12.1			
2026	9	15	8	50		0.0							13.2		12.0			
2026	9	15	8	40	240.0	1.0							13.3		12.0			
2026	9	15	8	20	290.0	1.0							13.3		12.1			
2026	9	15	8	10	300.0	1.0							13.3		12.1			
2026	9	15	8	0	310.0	1.0							13.3		12.3			
2026	9	15	7	50	320.0	1.0							13.3		12.2			
2026	9	15	7	40	320.0	2.0							13.3		12.1			
2026	9	15	7	20	330.0	2.0							13.4		12.2			
2026	9	15	7	0	320.0	2.0							13.5		12.1			
2026	9	15	6	50	310.0	2.0							13.5		12.0			
2026	9	15	6	40	320.0	2.0							13.5		12.1			
2026	9	15	6	20	320.0	2.0							13.2		12.3			
2026	9	15	6	0	280.0	2.0							13.2		12.3			
2026	9	15	5	50	300.0	2.0							13.1		12.2			
2026	9	15	5	40	310.0	1.0							13.2		12.3			
2026	9	15	5	20	330.0	1.0							13.3		12.5			
2026	9	15	5	10	330.0	2.0							13.3		12.5			
2026	9	15	4	50	330.0	1.0							13.3		12.4			
2026	9	15	4	40	330.0	1.0							13.4		12.4			
2026	9	15	4	20	330.0	2.0							13.5		12.5			
2026	9	15	4	10	340.0	3.0							13.5		12.5			
2026	9	15	3	50	330.0	3.0							13.8		12.2			
2026	9	15	3	40	320.0	3.0							13.8		12.2			
2026	9	15	3	20	320.0	3.0							14.0		12.4			
2026	9	15	3	10	320.0	3.0							14.0		12.3			
2026	9	15	2	50	310.0	2.0							14.0		12.4			
2026	9	15	2	40	310.0	3.0							14.1		12.3			
2026	9	15	2	30	320.0	3.0							14.2		12.4			
2026	9	15	2	10	310.0	3.0							14.2		12.5			
2026	9	15	2	0	310.0	2.0							14.2		12.6			
2026	9	15	1	50	320.0	2.0							14.3		12.4			
2026	9	15	1	40	320.0	2.0							14.3		12.6			
2026	9	15	1	30	330.0	3.0							14.4		12.6			
2026	9	15	1	10	350.0	3.0							14.3		12.5			
2026	9	15	1	0	330.0	3.0							14.2		12.7			
2026	9	15	0	50	340.0	3.0							14.1		12.7			
2026	9	15	0	40	350.0	3.0							14.0		12.7			
2026	9	15	0	20	340.0	3.0							14.1		12.8			
2026	9	15	0	10	350.0	4.0							14.2		12.7			
2026	9	14	23	50	350.0	4.0							14.2		12.8			
2026	9	14	23	40	350.0	4.0							14.2		13.0			
2026	9	14	23	20	350.0	3.0							14.3		13.0			
2026	9	14	23	10	360.0	3.0							14.3		13.5			
2026	9	14	22	50	340.0	2.0							14.4		13.5			
2026	9	14	22	40	330.0	3.0							14.3		13.4			
2026	9	14	22	20	350.0	3.0							14.3		13.4			
2026	9	14	22	0	350.0	3.0							14.2		13.5			
2026	9	14	21	50	340.0	3.0							14.3		13.7			
2026	9	14	21	30	330.0	3.0							14.4		13.7			
2026	9	14	21	10	320.0	2.0							14.6		13.7			
2026	9	14	21	0	330.0	2.0							14.7		13.7			
2026	9	14	20	50	330.0	2.0							15.0		13.7			
2026	9	14	20	40	320.0	1.0							14.9		13.6			
2026	9	14	20	20	360.0	1.0							15.6		13.5			
2026	9	14	20	10	20.0	1.0							15.6		13.4			
2026	9	14	20	0	30.0	1.0							15.2		13.4			
2026	9	14	19	50	10.0	2.0							15.0		13.6			
2026	9	14	19	40	350.0	2.0							14.9		13.7			
2026	9	14	19	30	350.0	2.0							15.1		13.5			
2026	9	14	19	20	360.0	2.0							15.1		13.6			
2026	9	14	19	10	330.0	1.0							15.1		13.5			
2026	9	14	18	50	10.0	1.0							15.3		13.3			
2026	9	14	18	40	50.0	2.0							14.8		13.3			
2026	9	14	18	30	50.0	2.0							14.8		13.3			
2026	9	14	18	10	360.0	1.0							15.1		13.2			
2026	9	14	18	0	340.0	1.0							15.5		13.4			
2026	9	14	17	50	350.0	1.0							15.5		13.4			
2026	9	14	17	30	70.0	1.0							15.6		13.6			
2026	9	14	17	20	90.0	1.0							15.0		13.4			
2026	9	14	17	10	60.0	1.0							14.6		13.3			
2026	9	14	16	50	70.0	1.0							14.5		13.4			
2026	9	14	16	30		0.0							13.9		13.2			
2026	9	14	16	20	300.0	1.0							13.8		13.1			
2026	9	14	16	0	290.0	1.0							13.8		13.1			
2026	9	14	15	50	320.0	1.0							13.8		13.1			
2026	9	14	15	30		0.0							13.8		13.1			
2026	9	14	15	20		0.0							13.9		13.1			
2026	9	14	15	0		0.0							14.0		13.1			
2026	9	14	14	50	90.0	1.0							14.0		13.2			
2026	9	14	14	40	60.0	1.0							14.0		13.2			
2026	9	14	14	20	90.0	2.0							13.9		13.1			
2026	9	14	14	0	40.0	1.0							13.7		13.0			
2026	9	14	13	50	340.0	2.0							13.6		12.8			
2026	9	14	13	30	40.0	2.0							13.8		13.1			
2026	9	14	13	20	50.0	2.0							13.7		13.1			
2026	9	14	13	10	60.0	1.0							13.6		13.0			
2026	9	14	13	0	310.0	1.0							13.6		13.0			
2026	9	14	12	50	90.0	1.0							13.7		13.0			
2026	9	14	12	30	50.0	3.0							13.6		13.1			
2026	9	14	12	20	50.0	3.0							13.6		13.1			
2026	9	14	12	0	50.0	2.0							13.7		13.1			
2026	9	14	11	50	30.0	1.0							13.8		13.1			
2026	9	14	11	30	60.0	1.0							13.8		13.1			
2026	9	14	11	20	50.0	2.0							13.8		13.1			
2026	9	14	11	10	50.0	2.0							13.8		13.1			
2026	9	14	10	50	60.0	2.0							13.8		13.2			
2026	9	14	10	30	50.0	3.0							13.8		13.2			
2026	9	14	10	20	340.0	2.0							13.8		13.0			
2026	9	14	10	0	320.0	3.0							13.8		12.9			
2026	9	14	9	50	330.0	1.0							13.9		13.0			
2026	9	14	9	40	40.0	1.0							13.9		13.0			
2026	9	14	9	20	20.0	2.0							14.0		12.9			
2026	9	14	9	10	40.0	2.0							14.0		12.9			
2026	9	14	8	50	10.0	1.0							14.3		12.6			
2026	9	14	8	40	340.0	1.0							14.2		12.5			
2026	9	14	8	30	300.0	1.0							13.9		12.5			
2026	9	14	8	20	280.0	1.0							13.8		12.5			
2026	9	14	8	0	220.0	1.0							13.9		12.4			
2026	9	14	7	50	260.0	1.0							14.0		12.4			
2026	9	14	7	30		0.0							14.5		12.3			
2026	9	14	7	10	70.0	2.0							14.5		12.3			
2026	9	14	7	0	80.0	2.0							14.5		12.2			
2026	9	14	6	50	60.0	2.0							14.3		12.3			
2026	9	14	6	40	50.0	2.0							14.4		12.3			
2026	9	14	6	20	40.0	3.0							14.6		12.3			
2026	9	14	6	0	20.0	4.0							14.5		12.2			
2026	9	14	5	50	10.0	4.0							14.4		12.2			
2026	9	14	5	30	350.0	3.0							13.8		12.8			
2026	9	14	5	10	350.0	3.0							13.9		13.6			
2026	9	14	5	0	340.0	2.0							13.8		13.4			
2026	9	14	4	50	340.0	2.0							13.8		13.4			
2026	9	14	4	40	330.0	2.0							13.7		13.3			
2026	9	14	4	20	340.0	3.0							13.9		13.4			
2026	9	14	4	0	360.0	2.0							14.4		13.7			
2026	9	14	3	50	330.0	2.0							14.8		13.9			
2026	9	14	3	40	330.0	2.0							14.7		13.8			
2026	9	14	3	20	160.0	1.0							14.8		13.8			
2026	9	14	3	10	140.0	2.0							15.1		13.9			
2026	9	14	2	50	140.0	3.0							15.4		14.1			
2026	9	14	2	30	150.0	3.0							15.2		14.1			
2026	9	14	2	10	140.0	4.0							15.4		14.0			
2026	9	14	1	50	150.0	4.0							15.1		14.0			
2026	9	14	1	40	140.0	3.0							14.9		13.8			
2026	9	14	1	20	140.0	3.0							15.4		14.1			
2026	9	14	1	0	140.0	3.0							15.3		14.0			
2026	9	14	0	50	140.0	3.0							15.6		14.1			
2026	9	14	0	30	140.0	4.0							15.6		14.1			
2026	9	14	0	20	130.0	4.0							15.4		13.9			
2026	9	14	0	10	150.0	4.0							15.5		13.9			
2026	9	14	0	0	150.0	4.0							15.4		13.8			
2026	9	13	23	50	150.0	4.0							14.9		13.7			
2026	9	13	23	40	140.0	5.0							15.2		13.8			
2026	9	13	23	20	150.0	5.0							15.2		13.8			
2026	9	13	23	10	140.0	3.0							15.2		13.7			
2026	9	13	22	50	140.0	6.0							14.8		13.7			
2026	9	13	22	30	140.0	4.0							14.7		13.7			
2026	9	13	22	20	140.0	5.0							14.8		13.7			
2026	9	13	22	10	140.0	5.0							14.6		13.6			
2026	9	13	21	50	140.0	5.0							14.8		13.6			
2026	9	13	21	40	140.0	4.0							14.9		13.6			
2026	9	13	21	30	140.0	4.0							14.8		13.5			
2026	9	13	21	10	130.0	3.0							14.7		13.7			
2026	9	13	20	50	120.0	3.0							14.7		13.6			
2026	9	13	20	40	130.0	2.0							14.5		13.5			
2026	9	13	20	20	110.0	2.0							14.1		13.3			
2026	9	13	20	10	110.0	2.0							14.2		13.3			
2026	9	13	19	50	150.0	3.0							14.4		13.2			
2026	9	13	19	40	160.0	3.0							14.4		13.2			
2026	9	13	19	20	170.0	2.0							14.3		13.3			
2026	9	13	19	0	160.0	2.0							14.2		13.2			
2026	9	13	18	50	170.0	2.0							14.1		13.1			
2026	9	13	18	30	190.0	2.0							14.0		13.1			
2026	9	13	18	10	170.0	3.0							13.6		12.9			
2026	9	13	18	0	160.0	3.0							13.5		13.0			
2026	9	13	17	50	140.0	2.0							13.3		12.9			
2026	9	13	17	30	110.0	2.0							13.3		12.9			
2026	9	13	17	20	140.0	2.0							13.2		12.9			
2026	9	13	17	0	130.0	3.0							13.3		12.9			
2026	9	13	16	50	140.0	2.0							13.3		12.8			
2026	9	13	16	40	140.0	2.0							13.2		12.8			
2026	9	13	16	20	170.0	3.0							13.2		12.7			
2026	9	13	16	10	160.0	3.0							13.2		12.7			
2026	9	13	16	0	180.0	3.0							13.2		12.7			
2026	9	13	15	50	170.0	2.0							13.2		12.7			
2026	9	13	15	40	180.0	2.0							13.1		12.7			
2026	9	13	15	20	180.0	2.0							13.1		12.8			
2026	9	13	15	0	170.0	3.0							13.1		12.9			
2026	9	13	14	50	160.0	3.0							13.2		12.8			
2026	9	13	14	40	150.0	2.0							13.0		12.8			
2026	9	13	14	20	180.0	2.0							13.0		12.9			
2026	9	13	14	0	130.0	2.0							13.0		12.9			
2026	9	13	13	50	120.0	2.0							13.0		12.8			
2026	9	13	13	30	150.0	1.0							13.1		12.8			
2026	9	13	13	10	30.0	1.0							13.3		12.8			
2026	9	13	13	0	40.0	1.0							13.3		12.9			
2026	9	13	12	50	70.0	1.0							13.3		12.9			
2026	9	13	12	40	100.0	2.0							13.3		12.9			
2026	9	13	12	30	90.0	2.0							13.3		13.0			
2026	9	13	12	10	80.0	2.0							13.2		12.9			
2026	9	13	12	0	70.0	2.0							13.2		12.9			
2026	9	13	11	50	20.0	2.0							13.2		12.8			
2026	9	13	11	40	20.0	1.0							13.3		12.8			
2026	9	13	11	20		0.0							13.3		12.8			
2026	9	13	11	10	260.0	1.0							13.2		12.8			
2026	9	13	11	0	190.0	2.0							13.4		12.8			
2026	9	13	10	50	150.0	2.0							13.5		12.9			
2026	9	13	10	30	160.0	2.0							13.6		12.8			
2026	9	13	10	20	140.0	2.0							13.6		12.8			
2026	9	13	10	0	160.0	3.0							13.6		12.7			
2026	9	13	9	50	150.0	4.0							13.6		12.7			
2026	9	13	9	40	150.0	6.0							13.5		12.8			
2026	9	13	9	20	140.0	6.0							13.5		12.9			
2026	9	13	9	10	150.0	6.0							13.6		12.7			
2026	9	13	8	50	150.0	7.0							14.0		12.6			
2026	9	13	8	30	160.0	6.0							13.8		12.8			
2026	9	13	8	20	160.0	6.0							14.0		12.8			
2026	9	13	8	0	150.0	5.0							14.2		12.9			
2026	9	13	7	50	160.0	5.0							14.2		12.8			
2026	9	13	7	40	150.0	4.0							14.2		12.8			
2026	9	13	7	20	160.0	6.0							14.6		12.9			
2026	9	13	7	0	120.0	3.0							14.2		13.2			
2026	9	13	6	50	140.0	2.0							14.6		13.4			
2026	9	13	6	40	70.0	1.0							13.9		13.3			
2026	9	13	6	20	340.0	2.0							13.8		13.1			
2026	9	13	6	10	330.0	2.0							13.8		13.1			
2026	9	13	6	0	290.0	1.0							14.1		13.1			
2026	9	13	5	50	130.0	1.0							14.7		13.3			
2026	9	13	5	30	100.0	2.0							14.2		13.5			
2026	9	13	5	20	10.0	2.0							13.8		13.3			
2026	9	13	5	10	120.0	2.0							13.7		13.2			
2026	9	13	4	50	130.0	3.0							14.3		13.2			
2026	9	13	4	40		0.0							14.6		13.3			
2026	9	13	4	30	190.0	1.0							14.4		13.3			
2026	9	13	4	10	60.0	1.0							13.8		13.1			
2026	9	13	4	0	180.0	2.0							14.0		13.3			
2026	9	13	3	50	180.0	2.0							14.1		13.3			
2026	9	13	3	40	170.0	3.0							14.1		13.2			
2026	9	13	3	30	130.0	3.0							14.6		13.4			
2026	9	13	3	20	110.0	3.0							14.1		13.2			
2026	9	13	3	0	50.0	3.0							14.3		13.2			
2026	9	13	2	50	60.0	3.0							14.4		13.3			
2026	9	13	2	40	80.0	2.0							14.7		13.0			
2026	9	13	2	30	140.0	4.0							14.8		13.0			
2026	9	13	2	10	280.0	5.0							14.2		13.2			
2026	9	13	2	0	290.0	4.0							14.7		12.9			
2026	9	13	1	50	290.0	3.0							14.9		13.0			
2026	9	13	1	40	40.0	3.0							14.4		13.0			
2026	9	13	1	30	90.0	3.0							14.4		12.9			
2026	9	13	1	10	150.0	1.0							15.5		12.7			
2026	9	13	0	50	240.0	2.0							15.3		12.7			
2026	9	13	0	40	360.0	2.0							15.8		12.7			
2026	9	13	0	30	330.0	2.0							15.3		12.7			
2026	9	13	0	10	290.0	2.0							14.7		12.7			
2026	9	12	23	50	290.0	3.0							14.6		12.7			
2026	9	12	23	40	260.0	2.0							14.9		12.8			
2026	9	12	23	30	330.0	1.0							15.5		13.0			
2026	9	12	23	20	360.0	3.0							15.3		12.9			
2026	9	12	23	10	310.0	4.0							14.6		12.9			
2026	9	12	22	50	340.0	4.0							14.7		12.9			
2026	9	12	22	30	300.0	2.0							14.5		12.8			
2026	9	12	22	10	350.0	4.0							14.7		12.7			
2026	9	12	21	50	350.0	4.0							14.6		12.9			
2026	9	12	21	40	350.0	4.0							14.8		12.9			
2026	9	12	21	30	350.0	4.0							14.9		13.0			
2026	9	12	21	20	360.0	4.0							14.8		13.0			
2026	9	12	21	0	360.0	4.0							14.6		12.9			
2026	9	12	20	50	360.0	5.0							14.5		12.8			
2026	9	12	20	30	360.0	4.0							14.2		12.6			
2026	9	12	20	10	330.0	3.0							13.9		12.5			
2026	9	12	20	0	330.0	2.0							13.8		12.5			
2026	9	12	19	50	310.0	2.0							13.7		12.4			
2026	9	12	19	40	270.0	1.0							13.7		12.3			
2026	9	12	19	30	340.0	2.0							13.7		12.2			
2026	9	12	19	10	340.0	2.0							13.6		12.2			
2026	9	12	19	0	340.0	2.0							13.6		12.1			
2026	9	12	18	50	340.0	2.0							13.8		12.1			
2026	9	12	18	30	290.0	1.0							13.4		11.8			
2026	9	12	18	20	300.0	1.0							13.4		11.8			
2026	9	12	18	10	330.0	1.0							13.3		11.9			
2026	9	12	17	50	350.0	1.0							13.7		12.0			
2026	9	12	17	40	20.0	1.0							13.8		12.1			
2026	9	12	17	20	320.0	1.0							13.1		11.7			
2026	9	12	17	10	350.0	2.0							13.1		11.8			
2026	9	12	17	0	360.0	2.0							12.9		11.8			
2026	9	12	16	50	350.0	2.0							12.8		11.8			
2026	9	12	16	40	330.0	2.0							12.8		11.8			
2026	9	12	16	20	340.0	1.0							12.8		11.9			
2026	9	12	16	10	310.0	1.0							12.8		11.9			
2026	9	12	15	50	280.0	1.0							12.8		11.9			
2026	9	12	15	40	320.0	1.0							12.7		11.9			
2026	9	12	15	20	310.0	1.0							12.4		11.7			
2026	9	12	15	10	320.0	1.0							12.3		11.6			
2026	9	12	14	50		0.0							12.3		11.6			
2026	9	12	14	40	280.0	1.0							12.2		11.5			
2026	9	12	14	20	230.0	1.0							12.2		11.7			
2026	9	12	14	0		0.0							12.3		11.8			
2026	9	12	13	50	150.0	1.0							12.3		11.8			
2026	9	12	13	40	200.0	1.0							12.4		11.7			
2026	9	12	13	30	240.0	1.0							12.4		11.7			
2026	9	12	13	10	340.0	2.0							12.6		11.8			
2026	9	12	12	50	350.0	2.0							12.6		11.8			
2026	9	12	12	40	340.0	2.0							12.6		11.7			
2026	9	12	12	20	350.0	3.0							12.7		11.8			
2026	9	12	12	0	350.0	3.0							12.7		11.9			
2026	9	12	11	50	320.0	3.0							12.8		11.9			
2026	9	12	11	40	290.0	2.0							12.9		12.1			
2026	9	12	11	20	320.0	2.0							12.8		11.6			
2026	9	12	11	10	320.0	2.0							12.9		11.7			
2026	9	12	10	50	360.0	2.0							12.9		11.8			
2026	9	12	10	30	350.0	2.0							13.0		11.9			
2026	9	12	10	20	360.0	2.0							12.9		11.8			
2026	9	12	10	0	330.0	2.0							13.1		11.8			
2026	9	12	9	50	310.0	1.0							13.0		11.8			
2026	9	12	9	40	330.0	2.0							12.9		11.8			
2026	9	12	9	30	320.0	2.0							12.9		12.2			
2026	9	12	9	20	320.0	2.0							13.0		12.3			
2026	9	12	9	10	330.0	2.0							13.0		12.3			
2026	9	12	8	50	330.0	2.0							12.9		12.2			
2026	9	12	8	40	340.0	2.0							13.0		12.2			
2026	9	12	8	20	20.0	1.0							12.9		12.3			
2026	9	12	8	10	10.0	1.0							12.9		12.2			
2026	9	12	7	50	340.0	2.0							13.1		12.2			
2026	9	12	7	40	310.0	2.0							13.0		11.9			
2026	9	12	7	20	240.0	1.0							13.0		12.3			
2026	9	12	7	10	360.0	2.0							13.1		12.4			
2026	9	12	7	0	360.0	2.0							13.1		12.3			
2026	9	12	6	50	20.0	3.0							13.0		12.3			
2026	9	12	6	30	360.0	2.0							13.1		12.3			
2026	9	12	6	20	360.0	2.0							13.1		12.2			
2026	9	12	6	0	360.0	2.0							13.2		12.2			
2026	9	12	5	50	320.0	2.0							13.3		12.1			
2026	9	12	5	40	300.0	2.0							13.3		12.1			
2026	9	12	5	20	310.0	2.0							13.2		12.2			
2026	9	12	5	10	310.0	2.0							13.2		12.3			
2026	9	12	5	0	310.0	2.0							13.1		12.4			
2026	9	12	4	50	330.0	2.0							13.2		12.4			
2026	9	12	4	40	360.0	2.0							13.3		12.4			
2026	9	12	4	20	10.0	2.0							13.1		12.4			
2026	9	12	4	10	10.0	2.0							13.1		12.3			
2026	9	12	4	0	300.0	1.0							13.1		12.4			
2026	9	12	3	50	270.0	2.0							13.3		12.4			
2026	9	12	3	30	350.0	3.0							13.3		12.3			
2026	9	12	3	20	320.0	2.0							13.4		12.2			
2026	9	12	3	10	320.0	3.0							13.5		12.1			
2026	9	12	2	50	280.0	2.0							13.5		12.2			
2026	9	12	2	40	310.0	3.0							13.8		12.1			
2026	9	12	2	20	360.0	4.0							14.1		12.1			
2026	9	12	2	0	360.0	3.0							14.0		12.2			
2026	9	12	1	50	330.0	3.0							14.0		12.3			
2026	9	12	1	30	350.0	3.0							14.4		12.2			
2026	9	12	1	20	350.0	2.0							13.9		12.3			
2026	9	12	1	0	350.0	3.0							13.6		12.4			
2026	9	12	0	50	330.0	4.0							13.7		12.3			
2026	9	12	0	40	340.0	5.0							13.9		12.1			
2026	9	12	0	20	320.0	4.0							14.8		12.1			
2026	9	12	0	10	300.0	2.0							15.5		12.1			
2026	9	11	23	50	330.0	2.0							16.0		11.9			
2026	9	11	23	40	40.0	3.0							16.1		11.8			
2026	9	11	23	20	50.0	4.0							16.4		11.8			
2026	9	11	23	10	60.0	4.0							16.2		11.9			
2026	9	11	23	0	50.0	4.0							16.7		12.1			
2026	9	11	22	50	50.0	3.0							16.2		12.4			
2026	9	11	22	40	40.0	1.0							16.5		12.5			
2026	9	11	22	30	60.0	2.0							16.8		12.2			
2026	9	11	22	10	10.0	1.0							17.0		12.5			
2026	9	11	22	0	360.0	1.0							16.7		12.3			
2026	9	11	21	50	10.0	1.0							16.5		12.2			
2026	9	11	21	30	70.0	2.0							15.5		11.9			
2026	9	11	21	10	80.0	2.0							15.3		11.8			
2026	9	11	20	50	100.0	2.0							15.0		12.5			
2026	9	11	20	30	90.0	3.0							15.0		12.2			
2026	9	11	20	10	100.0	3.0							14.9		12.2			
2026	9	11	19	50	60.0	2.0							15.4		12.5			
2026	9	11	19	40	30.0	3.0							15.6		12.1			
2026	9	11	19	20	20.0	1.0							16.6		12.5			
2026	9	11	19	10	340.0	1.0							15.7		12.0			
2026	9	11	19	0	140.0	1.0							15.5		12.1			
2026	9	11	18	50	200.0	3.0							15.1		11.9			
2026	9	11	18	40	170.0	1.0							15.1		12.2			
2026	9	11	18	20	230.0	2.0							14.9		12.0			
2026	9	11	18	0	190.0	2.0							14.5		11.8			
2026	9	11	17	50	190.0	5.0							14.4		11.7			
2026	9	11	17	40	170.0	3.0							14.2		11.8			
2026	9	11	17	20	160.0	2.0							13.8		11.8			
2026	9	11	17	10	150.0	3.0							13.8		11.8			
2026	9	11	17	0	150.0	2.0							13.8		11.7			
2026	9	11	16	50	130.0	3.0							13.8		11.6			
2026	9	11	16	40	150.0	2.0							13.7		11.7			
2026	9	11	16	20	150.0	2.0							13.6		11.7			
2026	9	11	16	10	140.0	3.0							13.5		11.7			
2026	9	11	15	50	150.0	3.0							13.3		11.8			
2026	9	11	15	30	150.0	3.0							13.2		11.8			
2026	9	11	15	10	140.0	4.0							13.2		11.9			
2026	9	11	15	0	150.0	4.0							13.2		11.7			
2026	9	11	14	50	150.0	4.0							13.2		11.8			
2026	9	11	14	40	140.0	5.0							13.1		11.8			
2026	9	11	14	30	130.0	4.0							13.2		11.9			
2026	9	11	14	20	140.0	5.0							13.3		11.8			
2026	9	11	14	0	150.0	4.0							13.4		11.8			
2026	9	11	13	50	140.0	4.0							13.3		11.8			
2026	9	11	13	30	150.0	5.0							13.5		11.7			
2026	9	11	13	20	140.0	4.0							13.4		11.9			
2026	9	11	13	0	110.0	4.0							13.3		11.9			
2026	9	11	12	50	120.0	3.0							13.3		12.0			
2026	9	11	12	40	130.0	3.0							13.3		12.0			
2026	9	11	12	30	140.0	2.0							13.4		11.9			
2026	9	11	12	10	140.0	2.0							13.3		11.9			
2026	9	11	11	50	140.0	2.0							13.3		12.1			
2026	9	11	11	40	150.0	2.0							13.4		12.1			
2026	9	11	11	20	150.0	4.0							13.3		12.4			
2026	9	11	11	10	150.0	2.0							13.1		12.4			
2026	9	11	11	0	170.0	2.0							12.9		12.2			
2026	9	11	10	50	200.0	1.0							13.3		12.3			
2026	9	11	10	40	330.0	1.0							13.1		12.3			
2026	9	11	10	20	280.0	1.0							13.0		12.3			
2026	9	11	10	10	310.0	2.0							12.9		12.2			
2026	9	11	9	50	260.0	1.0							13.0		12.4			
2026	9	11	9	30	210.0	1.0							12.9		12.5			
2026	9	11	9	10	40.0	1.0							13.0		12.6			
2026	9	11	8	50	20.0	1.0							13.1		12.5			
2026	9	11	8	30	310.0	1.0							13.1		12.4			
2026	9	11	8	10		0.0							13.1		12.4			
2026	9	11	8	0		0.0							13.1		12.3			
2026	9	11	7	50	140.0	1.0							13.0		12.3			
2026	9	11	7	40	150.0	1.0							13.1		12.2			
2026	9	11	7	20	270.0	1.0							13.2		12.2			
2026	9	11	7	0	250.0	1.0							13.1		12.3			
2026	9	11	6	50	260.0	1.0							13.0		12.3			
2026	9	11	6	40	250.0	1.0							12.7		12.2			
2026	9	11	6	30	270.0	2.0							12.7		12.1			
2026	9	11	6	10	250.0	1.0							12.9		12.2			
2026	9	11	6	0	250.0	1.0							12.9		12.2			
2026	9	11	5	50	250.0	1.0							12.9		12.2			
2026	9	11	5	40	270.0	1.0							13.1		12.4			
2026	9	11	5	20	300.0	2.0							13.2		12.5			
2026	9	11	5	0	340.0	3.0							13.4		12.5			
2026	9	11	4	50	350.0	3.0							13.4		12.6			
2026	9	11	4	40	350.0	2.0							13.4		12.6			
2026	9	11	4	20	330.0	3.0							13.3		12.7			
2026	9	11	4	10	340.0	3.0							13.3		12.7			
2026	9	11	4	0	300.0	3.0							13.3		12.7			
2026	9	11	3	50	320.0	3.0							13.6		12.7			
2026	9	11	3	30	340.0	3.0							13.5		12.6			
2026	9	11	3	10	330.0	3.0							13.6		12.5			
2026	9	11	3	0	310.0	3.0							13.7		12.5			
2026	9	11	2	50	310.0	3.0							13.7		12.6			
2026	9	11	2	30	300.0	2.0							13.9		12.8			
2026	9	11	2	20	350.0	3.0							13.9		12.7			
2026	9	11	2	0	350.0	3.0							14.0		12.8			
2026	9	11	1	50	340.0	2.0							14.1		12.8			
2026	9	11	1	40	330.0	3.0							14.0		12.6			
2026	9	11	1	30	330.0	3.0							14.1		12.8			
2026	9	11	1	20	320.0	3.0							14.1		12.8			
2026	9	11	1	10	320.0	3.0							13.9		12.8			
2026	9	11	0	50	330.0	4.0							13.8		12.8			
2026	9	11	0	40	330.0	4.0							14.0		12.8			
2026	9	11	0	20	320.0	3.0							14.1		12.8			
2026	9	11	0	0	330.0	4.0							14.2		12.9			
2026	9	10	23	50	330.0	3.0							14.1		12.9			
2026	9	10	23	30	330.0	4.0							14.1		12.9			
2026	9	10	23	20	340.0	4.0							14.0		12.9			
2026	9	10	23	0	330.0	4.0							14.1		12.9			
2026	9	10	22	50	330.0	3.0							14.3		13.0			
2026	9	10	22	40	340.0	3.0							14.4		13.0			
2026	9	10	22	30	330.0	3.0							14.3		13.0			
2026	9	10	22	20	330.0	3.0							14.2		13.0			
2026	9	10	22	10	310.0	3.0							14.4		13.1			
2026	9	10	21	50	340.0	2.0							14.8		13.0			
2026	9	10	21	40	330.0	3.0							14.5		13.1			
2026	9	10	21	20	330.0	3.0							14.8		13.2			
2026	9	10	21	0	320.0	3.0							14.9		13.1			
2026	9	10	20	50	330.0	3.0							14.8		13.1			
2026	9	10	20	30	330.0	4.0							15.3		13.1			
2026	9	10	20	10	300.0	4.0							14.4		13.1			
2026	9	10	19	50	340.0	3.0							14.8		13.3			
2026	9	10	19	30	310.0	2.0							14.7		13.3			
2026	9	10	19	20	310.0	3.0							14.8		13.3			
2026	9	10	19	10	350.0	4.0							15.2		13.4			
2026	9	10	19	0	310.0	2.0							14.9		13.4			
2026	9	10	18	40	260.0	1.0							15.2		13.5			
2026	9	10	18	30	190.0	2.0							15.6		13.5			
2026	9	10	18	20	240.0	2.0							15.1		13.5			
2026	9	10	18	0	10.0	4.0												
2026	9	10	17	50	360.0	4.0							15.5		13.5			
2026	9	10	17	40	10.0	4.0							15.2		13.5			
2026	9	10	17	20	360.0	5.0							14.7		13.4			
2026	9	10	17	10	350.0	4.0							14.7		13.4			
2026	9	10	16	50	10.0	5.0							14.6		13.4			
2026	9	10	16	40	360.0	5.0							14.5		13.4			
2026	9	10	16	20	360.0	4.0							14.6		13.4			
2026	9	10	16	10	360.0	5.0							14.8		13.5			
2026	9	10	15	50	100.0	2.0							14.2		12.9			
2026	9	10	15	30	90.0	1.0							15.1		13.4			
2026	9	10	15	20	90.0	2.0							14.8		13.3			
2026	9	10	15	0	250.0	2.0							15.2		13.3			
2026	9	10	14	50	60.0	1.0							15.1		13.4			
2026	9	10	14	30	290.0	1.0							14.6		13.1			
2026	9	10	14	20	310.0	1.0							14.1		12.8			
2026	9	10	14	0	340.0	1.0							14.0		12.7			
2026	9	10	13	50	320.0	2.0							14.1		12.7			
2026	9	10	13	40	10.0	3.0							14.1		12.6			
2026	9	10	13	30	260.0	1.0							14.1		12.6			
2026	9	10	13	20	260.0	4.0							14.0		12.6			
2026	9	10	13	0	270.0	2.0							13.2		12.7			
2026	9	10	12	50	250.0	2.0							13.2		12.7			
2026	9	10	12	30	350.0	3.0							13.4		12.7			
2026	9	10	12	20	40.0	1.0							13.5		12.7			
2026	9	10	12	0	50.0	2.0							13.6		12.8			
2026	9	10	11	50	340.0	2.0							13.4		12.8			
2026	9	10	11	30		0.0							13.1		12.7			
2026	9	10	11	20	80.0	1.0							13.2		12.8			
2026	9	10	11	0	320.0	4.0							13.0		12.7			
2026	9	10	10	50	330.0	4.0							13.0		12.7			
2026	9	10	10	30	360.0	2.0							13.3		12.8			
2026	9	10	10	10	160.0	1.0							13.5		12.9			
2026	9	10	9	50	190.0	2.0							13.5		12.8			
2026	9	10	9	40	220.0	1.0							13.8		12.8			
2026	9	10	9	30	230.0	1.0							14.0		12.9			
2026	9	10	9	10	250.0	1.0							14.0		12.9			
2026	9	10	8	50	320.0	2.0							14.0		13.0			
2026	9	10	8	40	320.0	3.0							13.9		13.1			
2026	9	10	8	30	300.0	2.0							13.8		13.1			
2026	9	10	8	10	330.0	2.0							13.9		13.2			
2026	9	10	8	0	320.0	2.0							14.0		13.2			
2026	9	10	7	50	320.0	2.0							14.5		13.3			
2026	9	10	7	40	340.0	2.0							14.3		13.3			
2026	9	10	7	30	340.0	3.0							14.3		13.3			
2026	9	10	7	10	10.0	4.0							15.2		13.4			
2026	9	10	7	0	360.0	3.0							15.0		13.2			
2026	9	10	6	50	360.0	4.0							14.7		13.0			
2026	9	10	6	30	360.0	3.0							14.0		12.8			
2026	9	10	6	10	320.0	3.0							13.9		12.8			
2026	9	10	6	0	300.0	3.0							13.7		12.8			
2026	9	10	5	50	310.0	2.0							13.7		12.8			
2026	9	10	5	30	340.0	4.0							14.2		12.9			
2026	9	10	5	20	350.0	4.0							14.1		13.0			
2026	9	10	5	0	360.0	4.0							14.2		12.9			
2026	9	10	4	50	360.0	5.0							14.1		12.9			
2026	9	10	4	40	320.0	3.0							14.1		13.0			
2026	9	10	4	20	340.0	2.0							13.8		13.1			
2026	9	10	4	0	320.0	2.0							14.0		13.1			
2026	9	10	3	50	160.0	1.0							14.0		13.0			
2026	9	10	3	40	320.0	2.0							14.1		13.1			
2026	9	10	3	20	310.0	2.0							14.3		13.2			
2026	9	10	3	10	310.0	2.0							14.4		13.1			
2026	9	10	2	50	330.0	3.0							14.2		13.2			
2026	9	10	2	40	330.0	2.0							14.3		13.2			
2026	9	10	2	30	330.0	2.0							14.4		13.3			
2026	9	10	2	20	320.0	3.0							14.5		13.3			
2026	9	10	2	0	340.0	4.0							15.0		13.3			
2026	9	10	1	50	340.0	3.0							14.8		13.2			
2026	9	10	1	30	330.0	2.0							14.9		13.3			
2026	9	10	1	10	340.0	5.0							15.0		13.4			
2026	9	10	0	50	330.0	4.0							15.1		13.5			
2026	9	10	0	40	340.0	4.0							15.2		13.5			
2026	9	10	0	30	340.0	4.0							15.3		13.5			
2026	9	10	0	10	350.0	4.0							14.9		13.5			
2026	9	10	0	0	330.0	3.0							15.0		13.5			
2026	9	9	23	50	340.0	4.0							14.9		13.5			
2026	9	9	23	30	340.0	4.0							14.8		13.4			
2026	9	9	23	10	330.0	3.0							14.7		13.3			
2026	9	9	23	0	320.0	3.0							14.6		13.3			
2026	9	9	22	50	320.0	4.0							14.6		13.3			
2026	9	9	22	40	340.0	4.0							14.6		13.3			
2026	9	9	22	30	330.0	4.0							14.7		13.3			
2026	9	9	22	10	320.0	2.0							15.5		13.6			
2026	9	9	22	0	320.0	2.0							15.4		13.5			
2026	9	9	21	50	240.0	1.0							14.9		13.4			
2026	9	9	21	40	330.0	3.0							15.1		13.5			
2026	9	9	21	20	310.0	3.0							14.8		13.4			
2026	9	9	21	0	330.0	3.0							14.8		13.2			
2026	9	9	20	50	340.0	4.0							14.8		13.3			
2026	9	9	20	30	330.0	4.0							14.9		13.4			
2026	9	9	20	20	340.0	4.0							15.0		13.4			
2026	9	9	20	10	330.0	4.0							15.2		13.5			
2026	9	9	19	50	340.0	3.0							15.1		13.5			
2026	9	9	19	30	340.0	3.0							15.6		13.7			
2026	9	9	19	20	350.0	3.0							15.7		13.8			
2026	9	9	19	10	330.0	2.0							15.4		13.7			
2026	9	9	19	0	340.0	2.0							15.4		13.6			
2026	9	9	18	50	340.0	2.0							15.4		13.4			
2026	9	9	18	40	330.0	2.0							15.2		13.4			
2026	9	9	18	20	350.0	2.0							14.5		13.3			
2026	9	9	18	10	340.0	2.0							14.3		13.2			
2026	9	9	18	0	330.0	2.0							14.2		13.2			
2026	9	9	17	50	330.0	2.0							14.2		13.2			
2026	9	9	17	30	330.0	2.0							14.0		13.1			
2026	9	9	17	20	340.0	3.0							14.0		13.1			
2026	9	9	17	0	330.0	1.0							14.3		13.1			
2026	9	9	16	50	10.0	2.0							14.0		13.0			
2026	9	9	16	40	360.0	2.0							13.9		12.9			
2026	9	9	16	20	350.0	2.0							13.8		12.9			
2026	9	9	16	10	350.0	2.0							13.6		12.8			
2026	9	9	16	0	320.0	2.0							13.5		12.4			
2026	9	9	15	50	340.0	1.0							13.5		12.4			
2026	9	9	15	30	330.0	1.0							13.4		12.4			
2026	9	9	15	10	330.0	1.0							13.1		12.3			
2026	9	9	14	50	320.0	1.0							13.6		12.3			
2026	9	9	14	30		0.0							13.5		12.4			
2026	9	9	14	10	320.0	1.0							13.1		12.3			
2026	9	9	14	0		0.0							12.8		12.1			
2026	9	9	13	50	320.0	1.0							12.6		12.0			
2026	9	9	13	40	280.0	1.0							12.5		11.9			
2026	9	9	13	20	310.0	2.0							12.5		11.9			
2026	9	9	13	0	310.0	2.0							12.5		12.0			
2026	9	9	12	50	330.0	2.0							12.3		12.0			
2026	9	9	12	30		0.0							12.1		11.8			
2026	9	9	12	10	90.0	1.0							12.4		12.2			
2026	9	9	12	0	150.0	1.0							12.4		12.1			
2026	9	9	11	50	180.0	1.0							12.5		12.2			
2026	9	9	11	40	170.0	1.0							12.6		12.2			
2026	9	9	11	20	190.0	1.0							12.8		12.3			
2026	9	9	11	10	170.0	1.0							12.8		12.4			
2026	9	9	11	0	250.0	1.0							12.7		12.3			
2026	9	9	10	50	160.0	1.0							12.7		12.4			
2026	9	9	10	30	290.0	2.0							12.7		12.3			
2026	9	9	10	20	310.0	2.0							12.9		12.5			
2026	9	9	10	0	300.0	1.0							12.9		12.5			
2026	9	9	9	50	320.0	2.0							13.0		12.6			
2026	9	9	9	40	340.0	3.0							13.0		12.6			
2026	9	9	9	20	330.0	3.0							13.0		12.5			
2026	9	9	9	0	310.0	2.0							13.1		12.5			
2026	9	9	8	50	320.0	3.0							13.1		12.6			
2026	9	9	8	40	320.0	3.0							13.1		12.6			
2026	9	9	8	30	320.0	3.0							13.2		12.6			
2026	9	9	8	20	330.0	4.0							13.3		12.6			
2026	9	9	8	0	330.0	3.0							13.3		12.6			
2026	9	9	7	50	320.0	2.0							13.4		12.6			
2026	9	9	7	30	320.0	3.0							13.4		12.7			
2026	9	9	7	10	320.0	4.0							13.5		12.6			
2026	9	9	6	50	290.0	3.0							13.3		12.5			
2026	9	9	6	40	310.0	2.0							13.4		12.5			
2026	9	9	6	30	310.0	2.0							13.5		12.6			
2026	9	9	6	10	310.0	2.0							13.5		12.7			
2026	9	9	6	0	330.0	4.0							13.5		12.8			
2026	9	9	5	50	310.0	3.0							13.4		12.8			
2026	9	9	5	30	340.0	2.0							13.5		12.8			
2026	9	9	5	20	330.0	4.0							13.5		12.8			
2026	9	9	5	10	330.0	5.0							13.6		12.9			
2026	9	9	4	50	320.0	5.0							13.9		13.0			
2026	9	9	4	40	330.0	4.0							14.0		13.0			
2026	9	9	4	20	310.0	3.0							14.3		13.1			
2026	9	9	4	0	330.0	3.0							14.7		13.1			
2026	9	9	3	50	340.0	3.0							14.8		13.1			
2026	9	9	3	40	350.0	3.0							14.7		13.1			
2026	9	9	3	30	330.0	3.0							14.7		13.2			
2026	9	9	3	20	330.0	3.0							15.0		13.3			
2026	9	9	3	0	320.0	3.0							14.8		13.3			
2026	9	9	2	50	330.0	4.0							15.4		13.3			
2026	9	9	2	40	330.0	4.0							15.3		13.3			
2026	9	9	2	20	310.0	3.0							15.2		13.4			
2026	9	9	2	0	330.0	3.0							15.6		13.5			
2026	9	9	1	50	320.0	4.0							16.0		13.6			
2026	9	9	1	40	350.0	4.0							16.0		13.6			
2026	9	9	1	30	310.0	3.0							15.5		13.6			
2026	9	9	1	10	310.0	3.0							16.1		13.6			
2026	9	9	1	0	350.0	4.0							16.6		13.6			
2026	9	9	0	50	310.0	3.0							15.4		13.7			
2026	9	9	0	40	330.0	3.0							16.4		13.7			
2026	9	9	0	20	360.0	5.0							17.1		13.6			
2026	9	9	0	10	360.0	5.0							17.1		13.6			
2026	9	8	23	50	360.0	6.0							16.6		13.8			
2026	9	8	23	30	310.0	4.0							15.7		13.7			
2026	9	8	23	10	340.0	5.0							15.7		13.7			
2026	9	8	23	0	310.0	4.0							15.4		13.8			
2026	9	8	22	50	310.0	3.0							15.2		13.8			
2026	9	8	22	40	310.0	3.0							15.3		13.8			
2026	9	8	22	20	320.0	4.0							15.6		13.8			
2026	9	8	22	10	320.0	3.0							15.6		13.7			
2026	9	8	22	0	310.0	4.0							15.3		13.6			
2026	9	8	21	50	310.0	3.0							15.1		13.6			
2026	9	8	21	40	330.0	4.0							15.8		13.7			
2026	9	8	21	30	340.0	4.0							15.5		13.6			
2026	9	8	21	10	340.0	4.0							16.0		13.5			
2026	9	8	20	50	350.0	5.0							16.0		13.3			
2026	9	8	20	40	360.0	5.0							15.9		13.1			
2026	9	8	20	30	360.0	5.0							15.8		13.2			
2026	9	8	20	10	360.0	5.0							15.5		13.4			
2026	9	8	20	0	360.0	6.0							15.0		13.3			
2026	9	8	19	50	350.0	6.0							14.9		13.2			
2026	9	8	19	40	360.0	5.0							14.9		13.2			
2026	9	8	19	20	360.0	4.0							15.1		13.1			
2026	9	8	19	0	360.0	5.0							15.4		13.2			
2026	9	8	18	50	360.0	5.0							15.2		13.2			
2026	9	8	18	40	350.0	6.0							14.9		13.1			
2026	9	8	18	20	350.0	5.0							14.7		13.0			
2026	9	8	18	0	360.0	6.0							14.5		12.9			
2026	9	8	17	50	360.0	5.0							14.2		12.8			
2026	9	8	17	40	360.0	6.0							14.2		12.8			
2026	9	8	17	30	10.0	6.0							14.4		12.8			
2026	9	8	17	20	10.0	5.0							14.9		12.8			
2026	9	8	17	0	10.0	3.0							15.1		12.6			
2026	9	8	16	50	360.0	3.0							15.0		12.6			
2026	9	8	16	40	10.0	3.0							15.1		12.6			
2026	9	8	16	30	10.0	2.0							14.9		12.7			
2026	9	8	16	20	350.0	2.0							14.1		12.6			
2026	9	8	16	10	30.0	1.0							13.9		12.6			
2026	9	8	16	0	30.0	1.0							13.7		12.6			
2026	9	8	15	50	330.0	2.0							13.8		12.6			
2026	9	8	15	30	280.0	1.0							13.2		12.3			
2026	9	8	15	20	200.0	1.0							12.8		12.2			
2026	9	8	15	0	140.0	1.0							13.1		12.1			
2026	9	8	14	50		0.0							13.0		12.1			
2026	9	8	14	30	120.0	1.0							13.1		12.3			
2026	9	8	14	10	270.0	1.0							12.6		12.1			
2026	9	8	13	50	240.0	1.0							12.2		11.9			
2026	9	8	13	30		0.0							12.2		11.8			
2026	9	8	13	20	270.0	1.0							12.2		11.8			
2026	9	8	13	0	230.0	1.0							12.4		11.9			
2026	9	8	12	50	250.0	1.0							12.5		12.0			
2026	9	8	12	40		0.0							12.5		12.0			
2026	9	8	12	30	260.0	1.0							12.6		12.0			
2026	9	8	12	10	280.0	1.0							12.8		12.3			
2026	9	8	11	50	290.0	1.0							12.5		11.9			
2026	9	8	11	30	270.0	1.0							12.4		11.8			
2026	9	8	11	20	220.0	1.0							12.7		12.1			
2026	9	8	11	0		0.0							13.2		12.3			
2026	9	8	10	50	240.0	1.0							13.1		12.3			
2026	9	8	10	30	290.0	1.0							13.3		12.5			
2026	9	8	10	10		0.0							13.3		12.3			
2026	9	8	10	0	320.0	1.0							13.4		12.5			
2026	9	8	9	50	300.0	1.0							13.4		12.5			
2026	9	8	9	40	300.0	1.0							13.7		12.7			
2026	9	8	9	20	10.0	2.0							13.9		12.6			
2026	9	8	9	0		0.0							13.5		12.5			
2026	9	8	8	50	50.0	1.0							13.8		12.8			
2026	9	8	8	30	350.0	2.0							14.0		12.9			
2026	9	8	8	10	330.0	3.0							14.0		12.7			
2026	9	8	7	50	300.0	1.0							14.0		12.6			
2026	9	8	7	40	290.0	1.0							14.0		12.6			
2026	9	8	7	30	300.0	1.0							14.0		12.7			
2026	9	8	7	10		0.0							14.4		12.7			
2026	9	8	6	50	260.0	1.0							14.3		12.6			
2026	9	8	6	30	300.0	2.0							14.4		12.5			
2026	9	8	6	20	280.0	2.0							13.9		12.7			
2026	9	8	6	0	290.0	2.0							14.1		12.7			
2026	9	8	5	50	270.0	2.0							14.1		12.6			
2026	9	8	5	30	310.0	1.0							14.2		12.7			
2026	9	8	5	10	330.0	1.0							14.2		12.8			
2026	9	8	4	50	320.0	2.0							14.2		12.9			
2026	9	8	4	30	330.0	2.0							14.3		12.9			
2026	9	8	4	20	290.0	2.0							14.3		12.9			
2026	9	8	4	10	310.0	3.0							14.4		13.0			
2026	9	8	4	0	300.0	3.0							14.3		12.9			
2026	9	8	3	50	310.0	2.0							14.6		13.0			
2026	9	8	3	30	360.0	4.0							15.2		12.7			
2026	9	8	3	20	360.0	4.0							15.3		12.7			
2026	9	8	3	0	360.0	5.0							15.3		12.7			
2026	9	8	2	50	360.0	5.0							15.3		12.7			
2026	9	8	2	30	360.0	5.0							15.3		12.7			
2026	9	8	2	20	350.0	5.0							15.5		12.8			
2026	9	8	2	0	330.0	4.0							15.2		13.0			
2026	9	8	1	50	350.0	5.0							15.5		12.9			
2026	9	8	1	30	360.0	5.0							15.4		13.0			
2026	9	8	1	20	360.0	5.0							15.3		13.0			
2026	9	8	1	0	350.0	4.0							16.4		13.0			
2026	9	8	0	50	350.0	3.0							16.5		13.3			
2026	9	8	0	40	330.0	2.0							16.3		13.5			
2026	9	8	0	30	320.0	2.0							16.2		13.6			
2026	9	8	0	10	330.0	3.0							16.9		12.9			
2026	9	8	0	0	330.0	2.0							17.1		12.9			
2026	9	7	23	50	340.0	3.0							16.4		13.1			
2026	9	7	23	40	350.0	3.0							16.3		13.3			
2026	9	7	23	20	310.0	3.0							16.2		13.7			
2026	9	7	23	10	330.0	3.0							16.5		13.5			
2026	9	7	22	50	320.0	2.0							16.1		13.6			
2026	9	7	22	30	320.0	3.0							16.1		13.6			
2026	9	7	22	20	320.0	2.0							16.3		14.0			
2026	9	7	22	10	320.0	2.0							16.3		13.4			
2026	9	7	21	50	340.0	1.0							17.0		14.2			
2026	9	7	21	40	20.0	1.0							16.7		13.5			
2026	9	7	21	30	360.0	1.0							16.7		14.2			
2026	9	7	21	10	330.0	1.0							16.1		13.7			
2026	9	7	21	0	20.0	1.0							16.8		13.6			
2026	9	7	20	50	40.0	1.0							16.8		13.6			
2026	9	7	20	40	40.0	1.0							16.6		13.7			
2026	9	7	20	30	30.0	1.0							16.8		13.8			
2026	9	7	20	10		0.0							16.3		13.8			
2026	9	7	20	0	30.0	1.0							15.9		13.5			
2026	9	7	19	50	50.0	1.0							15.5		13.4			
2026	9	7	19	30	20.0	1.0							15.6		14.1			
2026	9	7	19	10	130.0	1.0							15.1		13.8			
2026	9	7	18	50	100.0	1.0							15.2		13.6			
2026	9	7	18	30	140.0	3.0							15.1		13.6			
2026	9	7	18	20	140.0	3.0							15.1		13.6			
2026	9	7	18	10	130.0	3.0							15.2		13.6			
2026	9	7	17	50	170.0	2.0							15.1		13.5			
2026	9	7	17	30	180.0	2.0							14.7		13.4			
2026	9	7	17	20	220.0	1.0							14.7		13.2			
2026	9	7	17	0		0.0							14.5		13.3			
2026	9	7	16	50	230.0	1.0							14.4		13.4			
2026	9	7	16	40		0.0							14.4		13.4			
2026	9	7	16	30		0.0							14.3		13.3			
2026	9	7	16	10	300.0	1.0							14.4		13.3			
2026	9	7	15	50	280.0	1.0							14.3		13.2			
2026	9	7	15	30	50.0	1.0							14.5		13.1			
2026	9	7	15	10	40.0	2.0							14.3		13.2			
2026	9	7	14	50	310.0	1.0							13.9		13.1			
2026	9	7	14	30	290.0	1.0							13.9		13.1			
2026	9	7	14	10	190.0	1.0							13.9		13.1			
2026	9	7	13	50		0.0							13.7		12.8			
2026	9	7	13	30	290.0	1.0							13.6		12.6			
2026	9	7	13	10	320.0	2.0							13.6		12.7			
2026	9	7	12	50	340.0	1.0							13.5		12.8			
2026	9	7	12	40	340.0	2.0							13.5		12.6			
2026	9	7	12	20	340.0	3.0							13.5		12.5			
2026	9	7	12	10	340.0	2.0							13.6		12.8			
2026	9	7	11	50	350.0	2.0							13.5		13.0			
2026	9	7	11	40	340.0	1.0							13.4		12.8			
2026	9	7	11	30		0.0							13.3		12.7			
2026	9	7	11	10	260.0	1.0							13.4		12.7			
2026	9	7	10	50	270.0	1.0							13.3		12.7			
2026	9	7	10	30		0.0							13.4		12.7			
2026	9	7	10	20	10.0	1.0							13.4		12.6			
2026	9	7	10	10	360.0	1.0							13.3		12.5			
2026	9	7	9	50	270.0	1.0							13.5		12.6			
2026	9	7	9	40	160.0	1.0							13.5		12.6			
2026	9	7	9	20		0.0							13.2		12.4			
2026	9	7	9	0	70.0	2.0							13.4		12.5			
2026	9	7	8	50	40.0	1.0							13.7		12.9			
2026	9	7	8	40	280.0	1.0							13.7		12.8			
2026	9	7	8	30	150.0	1.0							13.8		12.8			
2026	9	7	8	10	70.0	1.0							13.9		12.7			
2026	9	7	7	50	210.0	1.0							13.8		12.2			
2026	9	7	7	40	190.0	1.0							13.9		12.5			
2026	9	7	7	20	150.0	1.0							13.7		12.7			
2026	9	7	7	0	130.0	1.0							13.6		12.2			
2026	9	7	6	50	150.0	1.0							13.7		12.5			
2026	9	7	6	40	160.0	1.0							13.7		12.5			
2026	9	7	6	30	200.0	2.0							13.7		12.4			
2026	9	7	6	20	190.0	1.0							13.8		12.7			
2026	9	7	6	0	220.0	1.0							13.9		12.5			
2026	9	7	5	50	190.0	1.0							14.0		12.6			
2026	9	7	5	40	180.0	1.0							13.9		12.4			
2026	9	7	5	20	190.0	2.0							13.9		12.4			
2026	9	7	5	0	120.0	2.0							14.1		12.9			
2026	9	7	4	50	130.0	1.0							14.1		12.4			
2026	9	7	4	40	160.0	2.0							14.1		12.5			
2026	9	7	4	20	210.0	2.0							14.2		12.6			
2026	9	7	4	10	190.0	1.0							14.2		12.8			
2026	9	7	4	0	200.0	1.0							14.6		12.4			
2026	9	7	3	50	210.0	1.0							14.7		12.8			
2026	9	7	3	40	210.0	1.0							14.7		12.7			
2026	9	7	3	30	200.0	2.0							14.9		12.9			
2026	9	7	3	10	270.0	2.0							15.4		12.4			
2026	9	7	3	0	280.0	2.0							15.0		12.5			
2026	9	7	2	50	240.0	1.0							14.9		13.0			
2026	9	7	2	30	320.0	3.0							15.1		13.0			
2026	9	7	2	20	320.0	4.0							15.2		12.7			
2026	9	7	2	0	320.0	3.0							15.5		13.0			
2026	9	7	1	50	300.0	3.0							15.6		13.1			
2026	9	7	1	40	330.0	3.0							16.2		13.0			
2026	9	7	1	30	340.0	3.0							17.3		13.1			
2026	9	7	1	20	320.0	1.0							18.6		13.1			
2026	9	7	1	0	280.0	2.0							18.1		13.3			
2026	9	7	0	50	260.0	2.0							18.0		13.4			
2026	9	7	0	40	270.0	1.0							18.5		13.4			
2026	9	7	0	20	290.0	1.0							17.7		13.4			
2026	9	7	0	0	320.0	2.0							16.7		13.4			
2026	9	6	23	50	280.0	1.0							16.1		13.5			
2026	9	6	23	30	320.0	2.0							15.5		13.6			
2026	9	6	23	10	300.0	2.0							15.7		13.6			
2026	9	6	23	0	330.0	3.0							15.2		13.6			
2026	9	6	22	50	350.0	4.0							16.4		13.5			
2026	9	6	22	30	360.0	4.0							16.1		13.5			
2026	9	6	22	20	360.0	5.0							16.3		13.4			
2026	9	6	22	0	360.0	5.0							16.6		13.4			
2026	9	6	21	50	360.0	6.0							16.5		13.4			
2026	9	6	21	40	10.0	6.0							16.9		13.5			
2026	9	6	21	30	360.0	7.0							16.5		13.4			
2026	9	6	21	10	10.0	6.0							16.3		13.2			
2026	9	6	20	50	350.0	6.0							16.6		13.2			
2026	9	6	20	40	10.0	6.0							16.8		13.1			
2026	9	6	20	20	10.0	6.0							16.5		12.7			
2026	9	6	20	10	360.0	7.0							16.0		12.5			
2026	9	6	19	50	360.0	6.0							15.0		12.8			
2026	9	6	19	40	10.0	7.0							15.0		12.5			
2026	9	6	19	30	360.0	7.0							15.0		12.3			
2026	9	6	19	10	360.0	7.0							15.6		12.0			
2026	9	6	19	0	360.0	5.0							15.7		12.2			
2026	9	6	18	50	10.0	5.0							16.0		12.1			
2026	9	6	18	40	10.0	5.0							16.1		11.9			
2026	9	6	18	20	10.0	6.0							15.5		11.5			
2026	9	6	18	0	360.0	7.0							14.9		12.1			
2026	9	6	17	50	10.0	6.0							14.4		12.3			
2026	9	6	17	40	350.0	7.0							14.3		12.4			
2026	9	6	17	30	350.0	7.0							14.8		12.2			
2026	9	6	17	10	360.0	6.0							14.2		12.5			
2026	9	6	17	0	360.0	7.0							14.0		12.3			
2026	9	6	16	50	10.0	7.0							13.9		12.2			
2026	9	6	16	30	360.0	7.0							14.1		12.3			
2026	9	6	16	20	360.0	7.0							14.1		12.4			
2026	9	6	16	0	360.0	7.0							14.0		12.5			
2026	9	6	15	50	350.0	7.0							14.3		12.5			
2026	9	6	15	30	360.0	6.0							13.8		12.3			
2026	9	6	15	20	10.0	7.0							13.8		12.2			
2026	9	6	15	10	10.0	7.0							13.9		12.1			
2026	9	6	15	0	360.0	7.0							13.9		12.2			
2026	9	6	14	50	360.0	6.0							13.9		12.2			
2026	9	6	14	40	360.0	6.0							14.0		12.1			
2026	9	6	14	20	10.0	6.0							13.7		12.4			
2026	9	6	14	0	350.0	6.0							13.8		12.2			
2026	9	6	13	50	360.0	6.0							13.7		12.2			
2026	9	6	13	40	10.0	6.0							13.6		12.3			
2026	9	6	13	20	350.0	4.0							13.9		12.7			
2026	9	6	13	0	350.0	5.0							13.9		12.8			
2026	9	6	12	50	340.0	4.0							13.8		12.8			
2026	9	6	12	40	350.0	4.0							13.8		12.7			
2026	9	6	12	30	350.0	4.0							13.9		12.6			
2026	9	6	12	10	350.0	4.0							13.7		12.6			
2026	9	6	12	0	350.0	4.0							13.8		12.7			
2026	9	6	11	50	360.0	4.0							13.8		12.5			
2026	9	6	11	40	360.0	4.0							13.8		12.8			
2026	9	6	11	20	340.0	2.0							13.6		12.6			
2026	9	6	11	10	350.0	3.0							13.6		12.5			
2026	9	6	10	50	350.0	4.0							13.8		12.5			
2026	9	6	10	40	340.0	4.0							13.8		12.6			
2026	9	6	10	30	350.0	4.0							13.9		12.6			
2026	9	6	10	10	340.0	5.0							14.0		12.7			
2026	9	6	10	0	340.0	5.0							14.0		12.7			
2026	9	6	9	50	340.0	6.0							14.0		12.7			
2026	9	6	9	40	350.0	5.0							13.9		12.7			
2026	9	6	9	20	350.0	5.0							13.9		12.4			
2026	9	6	9	10	360.0	5.0							13.7		12.6			
2026	9	6	9	0	360.0	4.0							13.6		12.6			
2026	9	6	8	50	360.0	4.0							13.6		12.8			
2026	9	6	8	30	360.0	5.0							13.5		12.7			
2026	9	6	8	20	350.0	4.0							13.5		12.6			
2026	9	6	8	10	360.0	4.0							13.5		12.7			
2026	9	6	7	50	350.0	3.0							13.6		12.8			
2026	9	6	7	30	350.0	3.0							13.6		12.8			
2026	9	6	7	10	320.0	4.0							13.8		12.7			
2026	9	6	7	0	330.0	4.0							13.7		12.7			
2026	9	6	6	50	340.0	3.0							13.8		12.7			
2026	9	6	6	40	330.0	3.0							13.8		12.8			
2026	9	6	6	20	330.0	3.0							14.0		12.9			
2026	9	6	6	10	320.0	3.0							14.0		12.9			
2026	9	6	6	0	340.0	4.0							14.1		12.9			
2026	9	6	5	50	350.0	4.0							14.0		13.0			
2026	9	6	5	30	320.0	3.0							14.1		13.0			
2026	9	6	5	10	310.0	3.0							14.2		13.2			
2026	9	6	4	50	320.0	3.0							14.2		13.1			
2026	9	6	4	40	320.0	3.0							14.2		13.3			
2026	9	6	4	20	330.0	3.0							14.3		13.1			
2026	9	6	4	10	310.0	3.0							14.5		13.2			
2026	9	6	4	0	340.0	4.0							14.4		13.2			
2026	9	6	3	50	350.0	4.0							14.5		13.2			
2026	9	6	3	40	350.0	4.0							14.6		13.3			
2026	9	6	3	20	350.0	4.0							14.8		13.1			
2026	9	6	3	0	340.0	3.0							15.1		13.6			
2026	9	6	2	50	340.0	3.0							15.0		13.6			
2026	9	6	2	40	340.0	4.0							15.1		13.4			
2026	9	6	2	20	340.0	4.0							15.1		13.3			
2026	9	6	2	0	330.0	3.0							15.1		13.5			
2026	9	6	1	50	320.0	2.0							15.3		13.6			
2026	9	6	1	30	330.0	3.0							15.5		13.4			
2026	9	6	1	20	340.0	4.0							15.8		13.2			
2026	9	6	1	10	340.0	4.0							15.9		13.5			
2026	9	6	1	0	350.0	4.0							16.4		13.4			
2026	9	6	0	50	360.0	4.0							16.2		13.7			
2026	9	6	0	40	360.0	4.0							16.2		14.1			
2026	9	6	0	30	360.0	3.0							16.5		14.4			
2026	9	6	0	10	330.0	3.0							16.4		13.9			
2026	9	6	0	0	300.0	2.0							16.2		14.1			
2026	9	5	23	50	330.0	3.0							16.0		14.0			
2026	9	5	23	40	330.0	3.0							16.0		14.0			
2026	9	5	23	20	340.0	4.0							15.5		13.6			
2026	9	5	23	0	330.0	4.0							15.5		13.8			
2026	9	5	22	50	340.0	4.0							15.7		13.7			
2026	9	5	22	40	340.0	4.0							15.7		13.5			
2026	9	5	22	30	320.0	3.0							16.1		14.3			
2026	9	5	22	20	330.0	3.0							16.0		14.4			
2026	9	5	22	10	330.0	2.0							16.1		14.3			
2026	9	5	21	50	310.0	3.0							16.3		14.1			
2026	9	5	21	40	320.0	2.0							16.9		13.6			
2026	9	5	21	20	350.0	2.0							16.7		13.8			
2026	9	5	21	0	340.0	2.0							16.3		13.7			
2026	9	5	20	50	340.0	2.0							16.2		13.7			
2026	9	5	20	40	320.0	2.0							16.1		13.5			
2026	9	5	20	20	350.0	2.0							16.1		13.5			
2026	9	5	20	0	340.0	2.0							15.8		13.3			
2026	9	5	19	50	330.0	2.0							15.5		13.7			
2026	9	5	19	30	330.0	2.0							15.5		13.4			
2026	9	5	19	10	340.0	1.0							16.2		13.4			
2026	9	5	18	50	320.0	1.0							16.2		13.2			
2026	9	5	18	40	330.0	1.0							16.4		13.2			
2026	9	5	18	20	300.0	1.0							15.3		12.9			
2026	9	5	18	0	240.0	1.0							15.1		12.6			
2026	9	5	17	50	250.0	1.0							15.2		12.5			
2026	9	5	17	30		0.0							14.8		12.6			
2026	9	5	17	20		0.0							15.1		12.6			
2026	9	5	17	10		0.0							14.8		12.7			
2026	9	5	17	0	120.0	1.0							13.9		12.5			
2026	9	5	16	50	130.0	2.0							13.4		12.4			
2026	9	5	16	30	110.0	2.0							13.8		12.5			
2026	9	5	16	20	100.0	1.0							14.1		12.3			
2026	9	5	16	0	360.0	1.0							14.0		12.3			
2026	9	5	15	50	330.0	2.0							13.7		12.3			
2026	9	5	15	30	320.0	2.0							13.3		12.2			
2026	9	5	15	20	330.0	2.0							13.2		12.1			
2026	9	5	15	10	340.0	2.0							13.3		12.3			
2026	9	5	15	0	350.0	1.0							13.4		12.4			
2026	9	5	14	50	20.0	1.0							13.6		12.4			
2026	9	5	14	30	230.0	1.0							14.0		12.4			
2026	9	5	14	20		0.0							14.3		12.6			
2026	9	5	14	0	320.0	1.0							13.2		12.2			
2026	9	5	13	50	350.0	1.0							13.0		12.2			
2026	9	5	13	30	360.0	2.0							13.0		12.2			
2026	9	5	13	20	340.0	2.0							13.0		12.2			
2026	9	5	13	10	300.0	1.0							12.9		12.3			
2026	9	5	12	50	230.0	1.0							12.9		12.3			
2026	9	5	12	30	30.0	1.0							13.2		12.5			
2026	9	5	12	20	360.0	2.0							13.2		12.5			
2026	9	5	12	0	350.0	1.0							13.3		12.5			
2026	9	5	11	50	330.0	2.0							13.3		12.5			
2026	9	5	11	40	340.0	2.0							13.3		12.5			
2026	9	5	11	30	330.0	2.0							13.3		12.6			
2026	9	5	11	10	290.0	2.0							13.4		12.6			
2026	9	5	10	50	350.0	2.0							13.5		12.6			
2026	9	5	10	40	360.0	1.0							13.4		12.5			
2026	9	5	10	20	350.0	2.0							13.3		12.4			
2026	9	5	10	0	330.0	2.0							13.4		12.4			
2026	9	5	9	50	350.0	2.0							13.5		12.4			
2026	9	5	9	40	340.0	2.0							13.4		12.5			
2026	9	5	9	20	330.0	2.0							13.6		12.5			
2026	9	5	9	10	360.0	2.0							13.6		12.6			
2026	9	5	8	50	270.0	1.0							13.6		12.6			
2026	9	5	8	40	250.0	2.0							13.7		12.7			
2026	9	5	8	30	280.0	2.0							13.8		12.6			
2026	9	5	8	20	300.0	2.0							13.8		12.5			
2026	9	5	8	0		0.0							13.5		12.7			
2026	9	5	7	50	120.0	2.0							13.6		12.7			
2026	9	5	7	30	50.0	2.0							14.0		12.5			
2026	9	5	7	10	80.0	2.0							14.2		13.0			
2026	9	5	7	0	180.0	1.0							14.6		13.0			
2026	9	5	6	50	330.0	1.0							14.5		12.8			
2026	9	5	6	30	290.0	2.0							14.6		12.8			
2026	9	5	6	20	300.0	2.0							14.6		12.7			
2026	9	5	6	10	320.0	3.0							14.6		12.6			
2026	9	5	6	0	330.0	3.0							14.5		12.9			
2026	9	5	5	50	300.0	1.0							14.6		12.7			
2026	9	5	5	30	290.0	2.0							14.4		13.1			
2026	9	5	5	20	300.0	2.0							14.4		13.0			
2026	9	5	5	10	320.0	3.0							14.2		12.9			
2026	9	5	4	50	350.0	2.0							14.9		12.6			
2026	9	5	4	30	30.0	4.0							14.3		12.8			
2026	9	5	4	10	350.0	3.0							14.7		13.0			
2026	9	5	4	0	330.0	3.0							14.8		13.0			
2026	9	5	3	50	320.0	4.0							15.1		12.9			
2026	9	5	3	30	310.0	3.0							15.0		13.2			
2026	9	5	3	10	300.0	1.0							15.0		13.0			
2026	9	5	2	50	30.0	1.0							15.3		12.8			
2026	9	5	2	30	10.0	2.0							14.9		12.9			
2026	9	5	2	10	320.0	2.0							15.2		13.0			
2026	9	5	2	0	320.0	3.0							15.2		13.0			
2026	9	5	1	50	330.0	3.0							15.2		12.9			
2026	9	5	1	30	310.0	3.0							14.9		13.2			
2026	9	5	1	20	310.0	3.0							14.8		13.2			
2026	9	5	1	0	350.0	4.0							15.0		12.9			
2026	9	5	0	50	360.0	4.0							14.9		13.1			
2026	9	5	0	30	310.0	2.0							15.1		13.4			
2026	9	5	0	10	340.0	4.0							15.2		13.0			
2026	9	4	23	50	340.0	4.0							15.4		13.0			
2026	9	4	23	40	350.0	5.0							15.5		13.0			
2026	9	4	23	20	350.0	5.0							15.6		13.0			
2026	9	4	23	0	360.0	5.0							15.7		12.9			
2026	9	4	22	50	340.0	3.0							15.6		13.2			
2026	9	4	22	30	350.0	5.0							15.4		12.7			
2026	9	4	22	20	340.0	4.0							16.0		12.9			
2026	9	4	22	0	360.0	3.0							15.8		13.4			
2026	9	4	21	50	340.0	3.0							16.0		13.3			
2026	9	4	21	40	330.0	5.0							15.7		13.0			
2026	9	4	21	30	340.0	4.0							15.4		13.2			
2026	9	4	21	10	340.0	4.0							15.3		12.9			
2026	9	4	21	0	350.0	3.0							15.3		12.7			
2026	9	4	20	50	350.0	3.0							15.2		12.5			
2026	9	4	20	30	340.0	3.0							14.7		12.6			
2026	9	4	20	20	350.0	5.0							14.7		12.5			
2026	9	4	20	0	340.0	4.0							14.2		12.5			
2026	9	4	19	50	330.0	3.0							14.0		12.4			
2026	9	4	19	40	330.0	4.0							13.9		12.4			
2026	9	4	19	30	330.0	4.0							14.0		12.5			
2026	9	4	19	10	330.0	2.0							15.1		12.6			
2026	9	4	19	0	280.0	1.0							15.2		12.5			
2026	9	4	18	50	20.0	1.0							15.7		12.6			
2026	9	4	18	40	50.0	1.0							15.3		12.6			
2026	9	4	18	20	60.0	1.0							15.2		12.2			
2026	9	4	18	10	60.0	1.0							15.1		12.3			
2026	9	4	17	50	80.0	1.0							14.0		12.3			
2026	9	4	17	40	70.0	2.0							14.0		12.2			
2026	9	4	17	20	330.0	2.0							13.2		12.0			
2026	9	4	17	10	340.0	2.0							13.2		11.8			
2026	9	4	16	50	330.0	3.0							13.2		11.9			
2026	9	4	16	30	330.0	3.0							13.2		12.1			
2026	9	4	16	20	330.0	3.0							13.0		12.0			
2026	9	4	16	10	340.0	3.0							13.0		11.9			
2026	9	4	15	50	360.0	2.0							13.1		12.0			
2026	9	4	15	40	360.0	3.0							13.0		11.8			
2026	9	4	15	30	340.0	2.0							13.0		11.7			
2026	9	4	15	10	350.0	2.0							13.0		11.8			
2026	9	4	15	0	330.0	2.0							13.1		11.9			
2026	9	4	14	50	310.0	1.0							13.0		11.9			
2026	9	4	14	40	260.0	1.0							12.9		11.8			
2026	9	4	14	20	250.0	2.0							12.7		11.8			
2026	9	4	14	0	300.0	1.0							12.9		11.9			
2026	9	4	13	50	310.0	1.0							12.8		11.7			
2026	9	4	13	30	270.0	1.0							13.1		11.7			
2026	9	4	13	20	360.0	2.0							13.1		11.8			
2026	9	4	13	0	350.0	1.0							12.9		12.0			
2026	9	4	12	50	340.0	1.0							12.8		12.0			
2026	9	4	12	30	260.0	2.0							12.9		12.0			
2026	9	4	12	10	70.0	1.0							12.6		11.7			
2026	9	4	12	0	80.0	1.0							12.5		11.8			
2026	9	4	11	50	160.0	1.0							12.5		11.7			
2026	9	4	11	40	220.0	1.0							12.7		11.8			
2026	9	4	11	30	240.0	2.0							12.6		11.8			
2026	9	4	11	20	200.0	2.0							12.7		11.9			
2026	9	4	11	0	240.0	1.0							12.7		11.9			
2026	9	4	10	50	260.0	1.0							13.0		11.9			
2026	9	4	10	40	10.0	1.0							12.9		11.8			
2026	9	4	10	20	350.0	1.0							12.7		11.8			
2026	9	4	10	10	340.0	2.0							12.8		11.9			
2026	9	4	9	50	20.0	1.0							12.8		11.9			
2026	9	4	9	30	60.0	1.0							12.7		11.7			
2026	9	4	9	10	300.0	2.0							12.9		12.0			
2026	9	4	8	50	300.0	3.0							12.8		12.0			
2026	9	4	8	40	290.0	3.0							12.8		12.0			
2026	9	4	8	20	340.0	2.0							12.8		11.8			
2026	9	4	8	10	330.0	2.0							12.8		11.5			
2026	9	4	7	50	320.0	2.0							13.2		11.9			
2026	9	4	7	40	340.0	2.0							12.9		11.8			
2026	9	4	7	30	290.0	1.0							12.6		11.7			
2026	9	4	7	20	260.0	1.0							12.5		11.5			
2026	9	4	7	0	250.0	1.0							12.6		11.5			
2026	9	4	6	50	240.0	1.0							12.5		11.4			
2026	9	4	6	40	240.0	1.0							12.6		11.4			
2026	9	4	6	20	270.0	1.0							13.2		11.9			
2026	9	4	6	10	360.0	2.0							13.6		12.2			
2026	9	4	6	0	10.0	1.0							13.7		12.2			
2026	9	4	5	50	20.0	2.0							13.8		12.1			
2026	9	4	5	30	320.0	2.0							14.0		12.2			
2026	9	4	5	20	330.0	2.0							14.0		12.0			
2026	9	4	5	0	350.0	4.0							14.3		12.4			
2026	9	4	4	50	350.0	5.0							14.4		12.1			
2026	9	4	4	40	20.0	4.0							14.7		12.2			
2026	9	4	4	20	350.0	1.0							13.9		12.3			
2026	9	4	4	10	230.0	1.0							14.0		11.8			
2026	9	4	4	0	250.0	2.0							14.2		12.1			
2026	9	4	3	50	230.0	2.0							14.8		12.0			
2026	9	4	3	30		0.0							14.7		12.2			
2026	9	4	3	20	100.0	1.0							15.0		12.7			
2026	9	4	3	10	110.0	1.0							15.0		12.6			
2026	9	4	2	50	180.0	2.0							16.1		11.8			
2026	9	4	2	30	190.0	2.0							16.5		11.9			
2026	9	4	2	10	220.0	3.0							17.3		11.6			
2026	9	4	2	0	200.0	3.0							17.5		11.5			
2026	9	4	1	50	190.0	3.0							17.4		11.6			
2026	9	4	1	40	190.0	4.0							17.3		11.7			
2026	9	4	1	30	180.0	5.0							17.4		11.2			
2026	9	4	1	10	160.0	3.0							17.0		11.8			
2026	9	4	1	0	150.0	4.0							17.0		12.0			
2026	9	4	0	50	150.0	5.0							16.5		12.5			
2026	9	4	0	40	150.0	4.0							16.8		12.2			
2026	9	4	0	30	140.0	3.0							16.7		12.3			
2026	9	4	0	20	150.0	3.0							16.7		12.0			
2026	9	4	0	0	140.0	2.0							17.1		11.9			
2026	9	3	23	50	140.0	2.0							16.8		12.0			
2026	9	3	23	40	130.0	2.0							16.9		12.2			
2026	9	3	23	30	130.0	2.0							16.6		12.2			
2026	9	3	23	10	110.0	3.0							16.0		12.6			
2026	9	3	22	50	110.0	4.0							16.4		12.2			
2026	9	3	22	40	140.0	3.0							16.3		12.5			
2026	9	3	22	20	140.0	2.0							16.6		11.7			
2026	9	3	22	10	120.0	2.0							16.8		11.7			
2026	9	3	21	50	110.0	3.0							16.5		12.0			
2026	9	3	21	30	170.0	3.0							16.9		11.5			
2026	9	3	21	20	160.0	4.0							16.8		11.9			
2026	9	3	21	0	160.0	4.0							16.3		12.1			
2026	9	3	20	50	170.0	3.0							16.6		11.8			
2026	9	3	20	30	170.0	4.0							16.7		11.9			
2026	9	3	20	20	180.0	4.0							16.7		11.7			
2026	9	3	20	10	170.0	5.0							16.1		11.8			
2026	9	3	19	50	180.0	4.0							15.8		11.8			
2026	9	3	19	40	150.0	6.0							15.9		11.6			
2026	9	3	19	30	170.0	6.0							15.9		11.6			
2026	9	3	19	10	160.0	7.0							15.9		11.7			
2026	9	3	19	0	160.0	5.0							15.7		11.4			
2026	9	3	18	50	160.0	6.0							15.6		11.5			
2026	9	3	18	40	160.0	8.0							15.5		11.4			
2026	9	3	18	30	160.0	6.0							15.2		11.8			
2026	9	3	18	10	160.0	6.0							15.1		11.9			
2026	9	3	18	0	160.0	6.0							14.9		12.0			
2026	9	3	17	50	170.0	7.0							15.0		11.9			
2026	9	3	17	40	160.0	7.0							15.2		12.0			
2026	9	3	17	20	150.0	5.0							15.0		12.2			
2026	9	3	17	10	140.0	6.0							14.5		12.1			
2026	9	3	17	0	130.0	6.0							14.4		12.2			
2026	9	3	16	50	160.0	5.0							14.7		12.4			
2026	9	3	16	40	160.0	6.0							14.6		12.2			
2026	9	3	16	30	170.0	6.0							14.5		12.2			
2026	9	3	16	20	160.0	6.0							14.3		12.1			
2026	9	3	16	0	170.0	6.0							14.1		12.0			
2026	9	3	15	50	160.0	6.0							14.1		12.1			
2026	9	3	15	40	150.0	4.0							13.7		12.2			
2026	9	3	15	20	140.0	5.0							13.6		12.1			
2026	9	3	15	10	150.0	5.0							13.6		12.2			
2026	9	3	15	0	130.0	4.0							13.6		12.1			
2026	9	3	14	50	150.0	5.0							13.6		12.2			
2026	9	3	14	40	150.0	5.0							13.5		12.1			
2026	9	3	14	30	150.0	6.0							13.5		12.0			
2026	9	3	14	10	140.0	7.0							13.4		12.1			
2026	9	3	14	0	140.0	8.0							13.5		12.1			
2026	9	3	13	50	130.0	7.0							13.5		11.9			
2026	9	3	13	30	140.0	6.0							13.6		12.0			
2026	9	3	13	20	140.0	6.0							13.8		11.7			
2026	9	3	13	10	150.0	7.0							13.8		11.8			
2026	9	3	13	0	140.0	7.0							13.6		11.7			
2026	9	3	12	50	140.0	6.0							13.4		11.9			
2026	9	3	12	40	140.0	6.0							13.4		12.1			
2026	9	3	12	30	140.0	7.0							13.4		12.2			
2026	9	3	12	10	140.0	7.0							13.4		12.3			
2026	9	3	11	50	140.0	7.0							13.4		12.2			
2026	9	3	11	40	140.0	6.0							13.5		12.3			
2026	9	3	11	30	150.0	7.0							13.7		12.1			
2026	9	3	11	10	140.0	7.0							13.9		12.1			
