40767841_0|COMPLETED|00:00:03|
40767841_1|COMPLETED|00:00:03|
40767841_2|COMPLETED|00:57:40|
40767841_3|COMPLETED|00:57:09|
40767841_4|COMPLETED|00:50:47|
40767841_5|COMPLETED|01:01:58|
40767841_6|COMPLETED|00:56:48|
40767841_7|COMPLETED|00:55:32|
40767841_8|COMPLETED|00:59:19|
40767841_9|COMPLETED|01:18:17|
40767841_10|COMPLETED|01:06:09|
40767841_11|COMPLETED|01:13:32|
40767841_12|COMPLETED|01:04:29|
40767841_13|COMPLETED|00:40:48|
40767841_14|COMPLETED|00:55:38|
40767841_15|COMPLETED|01:05:16|
40767841_16|COMPLETED|01:02:49|
40767841_17|COMPLETED|01:12:15|
40767841_18|COMPLETED|00:58:25|
40767841_19|COMPLETED|00:54:42|
40767841_20|COMPLETED|00:53:11|
40767841_21|COMPLETED|00:59:33|
40767841_22|COMPLETED|01:05:11|
40767841_23|COMPLETED|01:05:05|
40767841_24|COMPLETED|00:43:23|
40767841_25|COMPLETED|00:55:48|
40767841_26|COMPLETED|00:51:41|
40767841_27|COMPLETED|00:58:24|
40767841_28|COMPLETED|01:05:27|
40767841_29|COMPLETED|01:04:19|
40767841_30|COMPLETED|01:07:33|
40767841_31|COMPLETED|00:54:41|
40767841_32|COMPLETED|00:59:41|
40767841_33|COMPLETED|01:16:55|
40767841_34|COMPLETED|00:17:55|
40767841_35|COMPLETED|00:48:36|
40767841_36|COMPLETED|00:59:33|
40767841_37|COMPLETED|00:45:12|
40767841_38|COMPLETED|00:39:40|
40767841_39|COMPLETED|00:49:38|
40767841_40|COMPLETED|00:57:26|
40767841_41|COMPLETED|00:49:14|
40767841_42|COMPLETED|00:58:44|
40767841_43|COMPLETED|01:06:50|
40767841_44|COMPLETED|01:07:59|
40767841_45|COMPLETED|00:45:15|
40767841_46|COMPLETED|01:03:50|
40767841_47|COMPLETED|00:57:45|
40767841_48|COMPLETED|00:59:23|
40767841_49|COMPLETED|00:58:48|
40767841_50|COMPLETED|01:01:20|
40767841_51|COMPLETED|01:01:17|
40767841_52|COMPLETED|00:50:33|
40767841_53|COMPLETED|00:59:47|
40767841_54|COMPLETED|00:59:03|
40767841_55|COMPLETED|00:54:19|
40767841_56|COMPLETED|01:03:13|
40767841_57|COMPLETED|00:48:38|
40767841_58|COMPLETED|00:51:54|
40767841_59|COMPLETED|01:04:01|
40767841_60|COMPLETED|00:57:38|
40767841_61|COMPLETED|00:40:25|
40767841_62|COMPLETED|00:57:03|
40767841_63|COMPLETED|00:55:00|
40767841_64|COMPLETED|00:54:58|
40767841_65|COMPLETED|00:53:11|
40767841_66|COMPLETED|00:47:12|
40767841_67|COMPLETED|00:53:10|
40767841_68|COMPLETED|00:48:26|
40767841_69|COMPLETED|00:57:30|
40767841_70|COMPLETED|00:44:45|
40767841_71|COMPLETED|01:04:06|
40767841_72|COMPLETED|00:46:47|
40767841_73|COMPLETED|00:59:36|
40767841_74|COMPLETED|01:10:48|
40767841_75|COMPLETED|01:05:06|
40767841_76|COMPLETED|01:07:05|
40767841_77|COMPLETED|01:06:26|
40767841_78|COMPLETED|01:00:59|
40767841_79|COMPLETED|01:04:25|
40767841_80|COMPLETED|01:08:19|
40767841_81|COMPLETED|00:49:39|
40767841_82|COMPLETED|00:49:49|
40767841_83|COMPLETED|00:57:42|
40767841_84|COMPLETED|00:58:01|
40767841_85|COMPLETED|00:56:04|
40767841_86|COMPLETED|01:17:11|
40767841_87|COMPLETED|00:49:20|
40767841_88|COMPLETED|00:47:23|
40767841_89|COMPLETED|00:53:51|
40767841_90|COMPLETED|00:52:18|
40767841_91|COMPLETED|00:57:43|
40767841_92|COMPLETED|00:58:38|
40767841_93|COMPLETED|00:58:20|
40767841_94|COMPLETED|01:04:37|
40767841_95|COMPLETED|00:48:56|
40767841_96|COMPLETED|00:55:22|
40767841_97|COMPLETED|01:04:59|
40767841_98|COMPLETED|00:59:11|
40767841_99|COMPLETED|01:14:11|
40767841_100|COMPLETED|00:59:06|
40767841_101|COMPLETED|01:04:47|
40767841_102|COMPLETED|01:03:46|
40767841_103|COMPLETED|01:07:42|
40767841_104|COMPLETED|01:07:04|
40767841_105|COMPLETED|01:00:32|
40767841_106|COMPLETED|01:16:18|
40767841_107|COMPLETED|01:04:41|
40767841_108|COMPLETED|01:06:05|
40767841_109|COMPLETED|01:06:38|
40767841_110|COMPLETED|00:59:04|
40767841_111|COMPLETED|01:05:03|
