location	nSites	watterson_theta	pi	tajima_D
CS18_22_Wild_plate1	634993953	0.0037	0.00373	0.03378
Coos_Bay	621838042	0.00343	0.00368	0.3517
Dogfish_Bay	628258531	0.00313	0.00347	0.48215
FB18_Wild	600211661	0.00355	0.00362	0.08905
Fidalgo_Bay	621258871	0.00317	0.00344	0.42308
HC18_Triton_Wild	610680262	0.00436	0.00403	-0.36527
LS	639499359	0.00312	0.00343	0.45504
MB	631459164	0.00323	0.00356	0.45648
NS18_Disco_Wild	622820417	0.00377	0.00381	0.03485
NS18_Sequim_Wild	625149487	0.00388	0.00388	-0.01413
Ostrich_Bay	634755762	0.00317	0.00351	0.48564
PGB18_Wild	604860591	0.00402	0.00389	-0.15272
SS18_North_Bay_Wild	621608918	0.00404	0.00389	-0.17382
Squaxin_Island	640107362	0.00313	0.00344	0.46151
WB	611078956	0.00335	0.00365	0.40448
