	CS18_22_Wild_plate1	Coos_Bay	Dogfish_Bay	FB18_Wild	Fidalgo_Bay	HC18_Triton_Wild	LS	MB	NS18_Disco_Wild	NS18_Sequim_Wild	Ostrich_Bay	PGB18_Wild	SS18_North_Bay_Wild	Squaxin_Island	WB
CS18_22_Wild_plate1	0	0.1359	0.038	0.0722	0.0633	0.0805	0.0523	0.0667	0.0508	0.0586	0.0362	0.0792	0.046	0.0518	0.1392
Coos_Bay	0.1359	0	0.1327	0.1194	0.1209	0.1236	0.1393	0.1192	0.1154	0.1111	0.1343	0.1213	0.1305	0.1392	0.0367
Dogfish_Bay	0.038	0.1327	0	0.0694	0.0571	0.0789	0.0433	0.0612	0.0457	0.0539	0.0343	0.0769	0.0383	0.0431	0.1355
FB18_Wild	0.0722	0.1194	0.0694	0	0.055	0.0769	0.0792	0.0702	0.0589	0.055	0.072	0.0766	0.0689	0.0774	0.1229
Fidalgo_Bay	0.0633	0.1209	0.0571	0.055	0	0.0738	0.0624	0.0622	0.0492	0.0495	0.0603	0.0729	0.0557	0.0631	0.1226
HC18_Triton_Wild	0.0805	0.1236	0.0789	0.0769	0.0738	0	0.0879	0.0376	0.052	0.0417	0.0802	0.037	0.0751	0.0874	0.1264
LS	0.0523	0.1393	0.0433	0.0792	0.0624	0.0879	0	0.0695	0.0509	0.0606	0.0493	0.0858	0.0352	0.0383	0.1428
MB	0.0667	0.1192	0.0612	0.0702	0.0622	0.0376	0.0695	0	0.0418	0.0348	0.0621	0.0363	0.0615	0.0702	0.1214
NS18_Disco_Wild	0.0508	0.1154	0.0457	0.0589	0.0492	0.052	0.0509	0.0418	0	0.0371	0.0482	0.0492	0.0427	0.0497	0.1181
NS18_Sequim_Wild	0.0586	0.1111	0.0539	0.055	0.0495	0.0417	0.0606	0.0348	0.0371	0	0.0566	0.0398	0.0519	0.0599	0.114
Ostrich_Bay	0.0362	0.1343	0.0343	0.072	0.0603	0.0802	0.0493	0.0621	0.0482	0.0566	0	0.0777	0.0438	0.0479	0.1368
PGB18_Wild	0.0792	0.1213	0.0769	0.0766	0.0729	0.037	0.0858	0.0363	0.0492	0.0398	0.0777	0	0.0755	0.0858	0.1251
SS18_North_Bay_Wild	0.046	0.1305	0.0383	0.0689	0.0557	0.0751	0.0352	0.0615	0.0427	0.0519	0.0438	0.0755	0	0.0357	0.1344
Squaxin_Island	0.0518	0.1392	0.0431	0.0774	0.0631	0.0874	0.0383	0.0702	0.0497	0.0599	0.0479	0.0858	0.0357	0	0.1423
WB	0.1392	0.0367	0.1355	0.1229	0.1226	0.1264	0.1428	0.1214	0.1181	0.114	0.1368	0.1251	0.1344	0.1423	0
