pop1	pop2	fst_unweighted	fst_weighted
CS18_22_Wild_plate1	Coos_Bay	0.041968	0.135907
CS18_22_Wild_plate1	Dogfish_Bay	0.039247	0.038039
CS18_22_Wild_plate1	FB18_Wild	0.052585	0.072183
CS18_22_Wild_plate1	Fidalgo_Bay	0.038864	0.063342
CS18_22_Wild_plate1	HC18_Triton_Wild	0.040002	0.08051
CS18_22_Wild_plate1	LS	0.038829	0.052323
CS18_22_Wild_plate1	MB	0.040454	0.06672
CS18_22_Wild_plate1	NS18_Disco_Wild	0.035172	0.05085
CS18_22_Wild_plate1	NS18_Sequim_Wild	0.035243	0.058622
CS18_22_Wild_plate1	Ostrich_Bay	0.039929	0.036182
CS18_22_Wild_plate1	PGB18_Wild	0.034747	0.079206
CS18_22_Wild_plate1	SS18_North_Bay_Wild	0.034414	0.045986
CS18_22_Wild_plate1	Squaxin_Island	0.038917	0.051833
CS18_22_Wild_plate1	WB	0.042692	0.139203
Coos_Bay	Dogfish_Bay	0.041637	0.132714
Coos_Bay	FB18_Wild	0.062167	0.119449
Coos_Bay	Fidalgo_Bay	0.04784	0.120893
Coos_Bay	HC18_Triton_Wild	0.042323	0.123617
Coos_Bay	LS	0.043141	0.139319
Coos_Bay	MB	0.041345	0.119249
Coos_Bay	NS18_Disco_Wild	0.035776	0.115388
Coos_Bay	NS18_Sequim_Wild	0.035881	0.111116
Coos_Bay	Ostrich_Bay	0.042499	0.134326
Coos_Bay	PGB18_Wild	0.035259	0.121312
Coos_Bay	SS18_North_Bay_Wild	0.036068	0.130526
Coos_Bay	Squaxin_Island	0.043137	0.139175
Coos_Bay	WB	0.036693	0.036701
Dogfish_Bay	FB18_Wild	0.066506	0.06936
Dogfish_Bay	Fidalgo_Bay	0.046403	0.057059
Dogfish_Bay	HC18_Triton_Wild	0.045602	0.078875
Dogfish_Bay	LS	0.035781	0.043302
Dogfish_Bay	MB	0.03482	0.061171
Dogfish_Bay	NS18_Disco_Wild	0.033661	0.04572
Dogfish_Bay	NS18_Sequim_Wild	0.034593	0.053925
Dogfish_Bay	Ostrich_Bay	0.033632	0.034294
Dogfish_Bay	PGB18_Wild	0.035469	0.076932
Dogfish_Bay	SS18_North_Bay_Wild	0.033899	0.038339
Dogfish_Bay	Squaxin_Island	0.035015	0.043146
Dogfish_Bay	WB	0.037799	0.135546
FB18_Wild	Fidalgo_Bay	0.054417	0.055026
FB18_Wild	HC18_Triton_Wild	0.037036	0.076852
FB18_Wild	LS	0.064809	0.079218
FB18_Wild	MB	0.065496	0.070194
FB18_Wild	NS18_Disco_Wild	0.047957	0.058921
FB18_Wild	NS18_Sequim_Wild	0.046022	0.055026
FB18_Wild	Ostrich_Bay	0.070397	0.071972
FB18_Wild	PGB18_Wild	0.041665	0.0766
FB18_Wild	SS18_North_Bay_Wild	0.04661	0.068861
FB18_Wild	Squaxin_Island	0.067103	0.077382
FB18_Wild	WB	0.068768	0.122933
Fidalgo_Bay	HC18_Triton_Wild	0.029683	0.073843
Fidalgo_Bay	LS	0.05011	0.062415
Fidalgo_Bay	MB	0.045057	0.062227
Fidalgo_Bay	NS18_Disco_Wild	0.029531	0.049183
Fidalgo_Bay	NS18_Sequim_Wild	0.028507	0.049491
Fidalgo_Bay	Ostrich_Bay	0.050749	0.060333
Fidalgo_Bay	PGB18_Wild	0.026971	0.072876
Fidalgo_Bay	SS18_North_Bay_Wild	0.029761	0.055659
Fidalgo_Bay	Squaxin_Island	0.053216	0.063133
Fidalgo_Bay	WB	0.049945	0.122586
HC18_Triton_Wild	LS	0.041202	0.087885
HC18_Triton_Wild	MB	0.04401	0.03763
HC18_Triton_Wild	NS18_Disco_Wild	0.041179	0.052025
HC18_Triton_Wild	NS18_Sequim_Wild	0.040425	0.041699
HC18_Triton_Wild	Ostrich_Bay	0.046047	0.080161
HC18_Triton_Wild	PGB18_Wild	0.038564	0.036987
HC18_Triton_Wild	SS18_North_Bay_Wild	0.041073	0.075104
HC18_Triton_Wild	Squaxin_Island	0.041401	0.087366
HC18_Triton_Wild	WB	0.047153	0.126359
LS	MB	0.036996	0.069547
LS	NS18_Disco_Wild	0.032002	0.050907
LS	NS18_Sequim_Wild	0.03271	0.060579
LS	Ostrich_Bay	0.037168	0.049317
LS	PGB18_Wild	0.032989	0.085827
LS	SS18_North_Bay_Wild	0.031325	0.03522
LS	Squaxin_Island	0.038848	0.038316
LS	WB	0.040225	0.142829
MB	NS18_Disco_Wild	0.033931	0.041785
MB	NS18_Sequim_Wild	0.033741	0.034801
MB	Ostrich_Bay	0.035249	0.062077
MB	PGB18_Wild	0.033861	0.036347
MB	SS18_North_Bay_Wild	0.034789	0.061456
MB	Squaxin_Island	0.036735	0.070208
MB	WB	0.037903	0.121404
NS18_Disco_Wild	NS18_Sequim_Wild	0.03324	0.037057
NS18_Disco_Wild	Ostrich_Bay	0.033932	0.048154
NS18_Disco_Wild	PGB18_Wild	0.033902	0.049154
NS18_Disco_Wild	SS18_North_Bay_Wild	0.033204	0.042701
NS18_Disco_Wild	Squaxin_Island	0.031604	0.04973
NS18_Disco_Wild	WB	0.036315	0.118068
NS18_Sequim_Wild	Ostrich_Bay	0.034819	0.056627
NS18_Sequim_Wild	PGB18_Wild	0.033318	0.039782
NS18_Sequim_Wild	SS18_North_Bay_Wild	0.033844	0.051931
NS18_Sequim_Wild	Squaxin_Island	0.032382	0.059891
NS18_Sequim_Wild	WB	0.036726	0.114018
Ostrich_Bay	PGB18_Wild	0.035483	0.077687
Ostrich_Bay	SS18_North_Bay_Wild	0.034114	0.043783
Ostrich_Bay	Squaxin_Island	0.036376	0.047945
Ostrich_Bay	WB	0.03781	0.13676
PGB18_Wild	SS18_North_Bay_Wild	0.034533	0.075489
PGB18_Wild	Squaxin_Island	0.032636	0.085811
PGB18_Wild	WB	0.036969	0.125103
SS18_North_Bay_Wild	Squaxin_Island	0.030946	0.035734
SS18_North_Bay_Wild	WB	0.036627	0.134413
Squaxin_Island	WB	0.039441	0.14226
