sample_id	location	PC1	PC2	PC3	PC4	PC5	PC6
CS18_22_Wild_plate1_A7	CS18_22_Wild_plate1	-0.058243143936419	-0.0804751008523112	0.0363254402052881	-0.221720281803679	-0.105441320921072	-0.00336708287686208
CS18_22_Wild_plate1_C6	CS18_22_Wild_plate1	-0.0602659560096027	-0.0720689628541969	0.0159031616256368	-0.192005626312867	-0.0215848358574404	-0.0750511038748236
CS18_22_Wild_plate1_D6	CS18_22_Wild_plate1	-0.0581427122430741	-0.041207286653988	0.025447814780564	-0.177860775281282	0.215852981645165	0.00273723322566586
CS18_22_Wild_plate1_E6	CS18_22_Wild_plate1	-0.0626481371661328	-0.0531380945633435	0.0520323260861601	-0.201004308236936	0.0926917351357718	-0.00395148735926291
CS18_22_Wild_plate1_F6	CS18_22_Wild_plate1	-0.0636972329358012	-0.0613614677368922	-0.0159420924106103	-0.178603193893526	-0.00810058616325908	-0.180045277884729
CS18_22_Wild_plate1_G6	CS18_22_Wild_plate1	-0.056142921970576	-0.0634733184477887	0.0309077752583765	-0.234012313397901	0.0879550438275004	0.0598543914286137
CS18_22_Wild_plate1_H6	CS18_22_Wild_plate1	-0.0627225468352967	-0.0668499426975181	0.0243677039701467	-0.152085828162604	-0.103967298283073	0.0282121736795408
Coos_Bay_10	Coos_Bay	0.229697852042996	-0.0514312887442729	-0.000685812695901718	-0.0298991675555081	-0.0794481529041108	0.0664023558962205
Coos_Bay_4	Coos_Bay	0.219299285866054	-0.0458037427764271	0.0220564643735484	0.0125372342348524	0.0984621384479064	-0.011065164358113
Coos_Bay_5	Coos_Bay	0.231264796690006	-0.0637900581589765	0.0174407520504641	-0.00118203238954639	-0.0947337793723756	0.0399593926128936
Coos_Bay_6	Coos_Bay	0.232214958273705	-0.0468663672432339	0.0480097492083793	0.0336084616005078	0.042801522043867	0.0126437555157424
Coos_Bay_7	Coos_Bay	0.232657811641189	-0.0480854432367014	0.0464758434337946	0.0032947913453738	-0.043090483959914	-0.0618833150725502
Coos_Bay_8	Coos_Bay	0.228119526585295	-0.0435684566388856	0.0244213975757573	-0.00796383789636864	0.0716515429363716	0.0014041459710762
Coos_Bay_9	Coos_Bay	0.22479244038965	-0.0495541792536241	0.0245010442971454	-0.00287449000691127	-0.0668751168808234	0.210963993039575
Dogfish_Bay_10	Dogfish_Bay	-0.0570365260470025	-0.0631122528211026	0.0248248090376429	-0.12270142393675	-0.127764905772668	-0.0773958529302156
Dogfish_Bay_11	Dogfish_Bay	-0.0574493693910913	-0.0862925179141689	0.0367983440845187	-0.0646354291319738	-0.0318624292753919	0.0349986093168512
Dogfish_Bay_12	Dogfish_Bay	-0.0600089200674582	-0.0662559752506658	0.0142689149726118	-0.118658156632633	0.127042458617133	-0.00550536393477575
Dogfish_Bay_13	Dogfish_Bay	-0.0614938070177016	-0.0597837559768003	0.0380522886775097	-0.0840319280327035	0.0522683837865519	-0.055517899681439
Dogfish_Bay_14	Dogfish_Bay	-0.0616350624108622	-0.0648474849603654	0.017428787800466	-0.0433522722094668	0.0350628911952178	0.0667085102548218
Dogfish_Bay_7	Dogfish_Bay	-0.0554640336621829	-0.0814686788686964	0.032380896337172	-0.0354922861115982	-0.0924996042463369	0.0475876796120373
Dogfish_Bay_8	Dogfish_Bay	-0.0540546198601532	-0.0686229415210409	0.0433432362129512	-0.0919231556572255	0.0900618890343494	0.0433089042357984
Dogfish_Bay_9	Dogfish_Bay	-0.0628627789960812	-0.0741477338629729	0.0299137006193744	-0.147607376035682	-0.10251545305442	-0.004585092627621
FB18_Wild_10	FB18_Wild	-0.0202208387176851	-0.0100373541644046	-0.162229282002112	-0.00296415403913393	0.0942409933556828	0.0469520765078216
FB18_Wild_11	FB18_Wild	-0.0227154692967942	-0.0349777345955709	-0.184507198754475	0.0256088037368881	0.035070342419927	0.0441989637724804
FB18_Wild_12	FB18_Wild	0.0221161102963526	0.0370935305661476	-0.437504561897449	-0.0241621766413183	0.0423014411756551	0.167082373598522
FB18_Wild_8	FB18_Wild	-0.0124926747303718	-0.000220935542695586	-0.241201805988566	0.0224465681085181	0.0874917942259387	-0.116971908991785
FB18_Wild_9	FB18_Wild	0.01145474790516	0.017195796132464	-0.355433836703108	-0.0592234468063358	-0.0742677554775858	0.10687523478471
Fidalgo_Bay_10	Fidalgo_Bay	-0.0213867410349076	-0.0162642596852342	-0.172317464915332	0.0500064023720513	0.0474600907428886	-0.0227111367407199
Fidalgo_Bay_11	Fidalgo_Bay	-0.0146575704237414	-0.00794987391285787	-0.241137769731949	0.0159863471944564	-0.0422608208281169	-0.294639017766401
Fidalgo_Bay_12	Fidalgo_Bay	-0.0229715346729607	-0.0329344489094743	-0.181513014968829	0.0516227667776678	-0.104082063884383	-0.0424811343219049
Fidalgo_Bay_8	Fidalgo_Bay	-0.013722889980352	-0.0329413569386689	-0.3076921975756	0.0159077751262619	-0.0881857030036864	0.148479784464267
Fidalgo_Bay_9	Fidalgo_Bay	-0.00904792115095511	-0.0126465371025041	-0.182117647896316	0.0471091327621474	0.0204421649935468	0.181264971192041
HC18_Triton_Wild_11	HC18_Triton_Wild	-0.00546269400994317	0.180375445388974	0.040857730533835	-0.0255319856162985	0.0852556748540072	-0.0854674060678118
HC18_Triton_Wild_12	HC18_Triton_Wild	-0.00453195982498848	0.153310326095487	0.0659311419444809	0.0155781986077773	-0.0434512029056603	0.0118854593450361
HC18_Triton_Wild_15	HC18_Triton_Wild	-0.0022226031862529	0.164410946679443	0.00266887252636497	-0.000842628617398182	-0.0168562561415976	-0.123548959189024
HC18_Triton_Wild_16	HC18_Triton_Wild	0.00204009828348103	0.198078247185583	0.00706615745994128	0.00457196861330963	0.0656808409429671	0.0409027235755389
HC18_Triton_Wild_7	HC18_Triton_Wild	-0.00394644971912636	0.16445630584223	0.0345312554208396	0.0133918548733499	-0.0894785254205022	0.0781222085088793
HC18_Triton_Wild_8	HC18_Triton_Wild	-0.00714096170140674	0.164767067971424	0.0539225148312477	-0.000857051789279808	0.0892485240933524	0.0448676245785423
HC18_Triton_Wild_9	HC18_Triton_Wild	0.0018500412154666	0.175601295747593	0.0358259037939659	0.0160232246399681	0.0797665333736104	0.00838183177944786
LS_10a	LS	-0.0609107508903452	-0.0957416953654354	0.0637739063431523	0.120946393218053	-0.0588927567812205	0.0166778930107856
LS_11a	LS	-0.0606621769517004	-0.0959493592351753	0.0469089074955493	0.152289674854788	-0.072633383105064	0.0570696011525435
LS_12a	LS	-0.0673783996956176	-0.0871604570136304	0.0409917120441459	0.152471794243908	-0.140434707002164	0.0763896276098371
LS_13a	LS	-0.0573272346303166	-0.076412819904647	0.0377172479565926	0.112373705160242	0.0621441201784419	-0.0303424780486128
LS_14a	LS	-0.0688467412330937	-0.0858693734916298	0.0612303757291858	0.160579711257496	0.0856229423815373	0.00906371054909861
LS_8a	LS	-0.0605789085488666	-0.0880113282447572	0.0421342953208788	0.127806371704303	-0.0707286566215933	-0.00673684532460008
LS_9a	LS	-0.0588666148842494	-0.0691193744880096	0.0701602857429332	0.0779675509887215	-0.108586703639793	0.0758866073609419
MB_11a	MB	-0.0184209226705122	0.156114567673612	0.0406251582001509	-0.0164379472761823	-0.0367872776531774	-0.0637836035817869
MB_12a	MB	-0.024407032435665	0.0656098805851227	0.0179486815362159	-0.0465931562569647	-0.207488094426137	-0.000292948215759198
MB_13a	MB	-0.00497582317697122	0.110088656715843	0.0585677217793225	0.0171968055965007	0.0310772264901492	0.0938331054624255
MB_14a	MB	-0.0113392957426419	0.114544924619624	0.0324277543867588	0.00993253300330416	-0.0177508734578952	0.216924837850983
MB_1a	MB	-0.00736911240789256	0.150940874651313	0.0273207822849562	-0.0253181398281326	-0.0708675131193661	-0.127065004479191
MB_2a	MB	-0.041803368091977	-0.0248499925865069	0.01822978651187	0.0393950459061933	-0.062996210977391	-0.170263780621123
MB_3a	MB	-0.00402779397609243	0.14763559801827	0.031432039838602	0.0306690674922689	-0.104848446274552	0.0224563135268742
MB_4a	MB	0.00159161640142989	0.17941760193569	0.0439472285371102	0.014774409445036	0.0377136292770028	-0.110153702503626
NS18_Disco_Wild_10	NS18_Disco_Wild	-0.0346317580718635	0.0374196108324469	0.00867430301140656	0.086657362531124	0.228506336601631	-0.00109270304432477
NS18_Disco_Wild_11	NS18_Disco_Wild	-0.0231926207456249	0.0311272900769704	-0.0499864462383335	-0.0197387186448273	0.0674475675790668	-0.316790378494778
NS18_Disco_Wild_12	NS18_Disco_Wild	-0.0170777447271951	0.0538778760369268	-0.0700136663673928	0.000311310023087624	-0.145313457852382	-0.18378274797853
NS18_Disco_Wild_13	NS18_Disco_Wild	-0.0452933536251269	-0.00423756146444148	-0.00533247889935384	0.0767982635042413	0.0392276051563588	-0.11561319869022
NS18_Disco_Wild_14	NS18_Disco_Wild	-0.0104090473055432	0.112311144572903	-0.0418040932204016	-0.0332059079668529	-0.117537338318579	0.0295109141271745
NS18_Disco_Wild_15	NS18_Disco_Wild	-0.0246073015467222	0.0479197771534462	-0.0656907017307261	0.0678125750333317	0.169499416913093	-0.02239812944501
NS18_Disco_Wild_8	NS18_Disco_Wild	-0.0333518743748758	0.0487375584342783	0.0902427465927187	0.0271109483371007	0.164380432717323	-0.0259403947819079
NS18_Disco_Wild_9	NS18_Disco_Wild	-0.0330942858688825	0.0136966640038853	0.0513660699718933	0.0922934388794294	0.226224133642831	0.0682304778669679
NS18_Sequim_Wild_4	NS18_Sequim_Wild	-0.00180433133396715	0.16705589500177	0.0102234915976662	0.00763104403337489	-0.0201542345283152	0.123658270481363
NS18_Sequim_Wild_5	NS18_Sequim_Wild	-0.00768220076791805	-0.0127453021214726	-0.231303431052003	0.0993282744339435	0.127929030081089	-0.134516545677916
NS18_Sequim_Wild_55	NS18_Sequim_Wild	0.00183117922760471	0.165491851468625	0.00118749430229875	-0.00932237254989922	-0.0725505863242347	0.00718578562153963
NS18_Sequim_Wild_56	NS18_Sequim_Wild	-0.00601580837015691	0.17450643549403	0.05341784161273	0.0185868123601237	0.0549553482846511	0.0592724242757512
NS18_Sequim_Wild_57	NS18_Sequim_Wild	-0.00979556494128096	0.162496184829566	0.055522780233641	0.0326870827298648	-0.0582027083197033	0.00850571267442277
NS18_Sequim_Wild_58	NS18_Sequim_Wild	-0.0502750744021342	0.00907063412177838	0.087378799069062	0.0361627062370483	0.0567206286808183	-0.0182750528815045
NS18_Sequim_Wild_6	NS18_Sequim_Wild	-0.0213878926877692	-0.0155151696942055	-0.232206000252704	0.0519267531740018	0.0790941669592809	0.103351796833372
NS18_Sequim_Wild_7	NS18_Sequim_Wild	-0.0269670230953472	-0.0260755140523507	-0.18121325272242	0.0424183486735501	-0.0479797375439877	-0.156556248524522
Ostrich_Bay_10	Ostrich_Bay	-0.062308500936438	-0.0608422559189384	0.0323083228793778	-0.133711881704549	0.0672856600957233	-0.0340099826403684
Ostrich_Bay_11	Ostrich_Bay	-0.0514452746495217	-0.073525151529637	0.0261973679640222	-0.16933847492252	0.0621214465988201	0.220166671467532
Ostrich_Bay_12	Ostrich_Bay	-0.0576355870052922	-0.0689908025141107	0.0290048723151361	-0.176946075054036	-0.0972840918210978	0.0241317161629348
Ostrich_Bay_13	Ostrich_Bay	-0.0633840742867727	-0.0556774179786202	0.0305013104690304	-0.153128685614193	0.0102312152927512	0.0930838874219321
Ostrich_Bay_14	Ostrich_Bay	-0.0552416914762465	-0.0690011850326713	0.0495798119181206	-0.184645823917039	-0.0673432972561032	0.0850374156623474
Ostrich_Bay_7	Ostrich_Bay	-0.0659291517925107	-0.0657893996726221	0.0315843301928412	-0.167184396139863	-0.09726572354107	-0.0437445088240193
Ostrich_Bay_8	Ostrich_Bay	-0.0516108805990166	-0.0698098728217247	0.000824727410674477	-0.149676187944243	-0.110275627396975	-0.00989006564768027
Ostrich_Bay_9	Ostrich_Bay	-0.0586104169989174	-0.048644419443306	0.0431689874015294	-0.20971098490655	0.249881634023703	-0.0255513145714967
PGB18_Wild_10	PGB18_Wild	-0.00530448829905593	0.179097165476585	0.0363716890051079	-0.0130765426275828	0.0109206789250722	-0.00234008998252473
PGB18_Wild_11	PGB18_Wild	-0.00458042929323899	0.179861087565427	0.0538934946303834	-0.0213339998020244	0.0219160649994249	0.0916493891271577
PGB18_Wild_12	PGB18_Wild	-0.000173151253104815	0.144069620924311	0.0219073040086665	-0.000987239842477152	-0.272139017596822	0.153479034340243
PGB18_Wild_13	PGB18_Wild	-0.00646689880641224	0.166302428504007	0.0419859725174948	-0.00380579337506876	-0.0683055953102816	-0.177724153389016
PGB18_Wild_14	PGB18_Wild	0.00784111025239007	0.180885067834597	0.0319278727072939	0.0248414004168716	0.0858775802598996	0.124969383758229
PGB18_Wild_15	PGB18_Wild	-0.00420590326662633	0.158966813207496	0.0151640497438273	-0.0148412550358559	-0.0551637024593715	0.0395878702520054
PGB18_Wild_8	PGB18_Wild	-0.00360826369422024	0.16904464167475	0.0124147479961148	0.00769265821139544	-0.0122132177523977	-0.0287378165036987
PGB18_Wild_9	PGB18_Wild	-0.00322935630207823	0.177237881058399	0.0605069133851932	-0.0100221670873467	-0.0112351018757586	-0.0771996612436016
SS18_North_Bay_Wild_11	SS18_North_Bay_Wild	-0.0647922780795465	-0.0671724871214597	0.0760742074124551	0.098717729803561	0.126345797599986	0.069199525588507
SS18_North_Bay_Wild_13	SS18_North_Bay_Wild	-0.059373250622989	-0.0824017471253191	0.0185391370963445	0.121313183083323	-0.0606324993967926	0.0505421198423551
SS18_North_Bay_Wild_14	SS18_North_Bay_Wild	-0.0704656667217555	-0.0614408138316647	0.0529318001836571	0.101133245614593	0.0427216832566955	-0.0486764705994116
SS18_North_Bay_Wild_15	SS18_North_Bay_Wild	-0.063912712836696	-0.079148337695864	0.0542142686642946	0.148932273263227	-0.0542301971045269	-0.0544787757960049
SS18_North_Bay_Wild_16	SS18_North_Bay_Wild	-0.0582654809891328	-0.0630755173992982	0.0643633883495129	0.124787633981203	0.234569914049532	0.0711487053013934
SS18_North_Bay_Wild_17	SS18_North_Bay_Wild	-0.0568207494747956	-0.0765274671426618	0.0693669657805221	0.110820592926429	-0.0519753266252524	-0.00640198456270138
SS18_North_Bay_Wild_18	SS18_North_Bay_Wild	-0.0660391986966674	-0.0701841899192871	0.0696923393363945	0.0631477095198734	0.0786105938965311	-0.0188970592484715
SS18_North_Bay_Wild_19	SS18_North_Bay_Wild	-0.0628457867385162	-0.0713505954214772	0.0361715158145381	0.0823842881567949	-0.0872986130890821	-0.0110471711626726
Squaxin_Island_10a	Squaxin_Island	-0.0622397058803787	-0.0725724940620534	0.0361785310631221	0.107383213727415	0.0500921325689824	0.0637120645475755
Squaxin_Island_11a	Squaxin_Island	-0.061904780730939	-0.0794819782727009	0.0242651019097873	0.0842980012531366	-0.0465053899607722	-0.12075945009967
Squaxin_Island_12a	Squaxin_Island	-0.0601063637360107	-0.0925919048953988	0.0480807689392948	0.178613899076399	-0.085122344394129	-0.0499668620595256
Squaxin_Island_6a	Squaxin_Island	-0.059419806511069	-0.0845851613308738	0.0790940618509186	0.12984690300182	-0.0337329890266451	-0.0899672983945146
Squaxin_Island_7a	Squaxin_Island	-0.0607409279958171	-0.0956045665135764	0.0802831049337349	0.14504809372609	-0.10168055909666	0.00954546832183942
Squaxin_Island_8a	Squaxin_Island	-0.0673619182792107	-0.0985459013905142	0.035968644085916	0.148274153185684	-0.071068543785384	-0.00178374796512375
Squaxin_Island_9a	Squaxin_Island	-0.0621181656030176	-0.0818956510284023	0.0353822314772106	0.166133166502163	0.0436192137701485	0.172182019229436
WB_11a	WB	0.234919616360665	-0.0492567861002434	0.0446309643051161	0.00153139882643554	0.0433988579259262	0.0219198465472904
WB_12a	WB	0.241880680118619	-0.0481151751927631	0.023941547302802	-0.000834879085508363	-0.0561655433210185	-0.102255536229085
WB_13a	WB	0.237203157466311	-0.0559264599592854	0.0186274138668016	-0.021505398124905	-0.029810839484547	-0.030236072288489
WB_14a	WB	0.239432529090651	-0.0517391233608549	0.0286933459271512	-3.15454966884061e-06	0.096780549969593	-0.17815235972077
WB_15a	WB	0.241577712448162	-0.0484419130470787	0.0270994573618878	-0.0423571974868758	0.145247585591207	-0.0214551293696815
WB_16a	WB	0.235907835169241	-0.0687002429342894	0.0231482334445973	0.0155625297451357	-0.0524623806383881	-0.0799916583350741
WB_17a	WB	0.23462319539492	-0.0510798512144733	0.00624610780164021	-0.0105386858505128	-0.0388517608343498	0.0580612634731465
WB_18a	WB	0.234775715764674	-0.0543019603152645	0.0479096041701951	0.00686493270389329	-0.00863785673545772	0.0470491362638927
