location	meandepth	mapped_pct	duplicate_pct	samples
Blank	0	15.17	1.135	2
CS18_22_Wild_plate1	7.22892857142857	98.8685714285714	16.0714285714286	7
Coos_Bay	7.09374285714286	98.5457142857143	20.4714285714286	7
Dogfish_Bay	7.05785	98.62875	20.79625	8
FB18_Wild	6.49358	98.942	15.524	5
Fidalgo_Bay	7.34226	98.612	21.302	5
HC18_Triton_Wild	5.7204875	96.4625	12.53	8
LS	7.2142	98.6314285714286	19.9214285714286	7
MB	6.849575	98.62875	20.5875	8
NS18_Disco_Wild	6.850025	98.88	15.8575	8
NS18_Sequim_Wild	6.6604125	98.83125	15.32875	8
Ostrich_Bay	7.5276125	98.59625	21.1675	8
PGB18_Wild	6.91815	98.95375	13.83625	8
SS18_North_Bay_Wild	7.134175	98.8675	14.83375	8
Squaxin_Island	7.61874285714286	98.56	20.51	7
WB	7.3007125	98.57	21.555	8
