#rname	startpos	endpos	numreads	covbases	coverage	meandepth	meanbaseq	meanmapq
CM196826.1	1	121144336	7150200	113817190	93.9517	7.97617	38.4	39.1
CM196827.1	1	119089578	6952688	111426920	93.5656	7.90187	38.4	39.2
CM196828.1	1	115857957	7320773	109195588	94.2495	8.28437	38.2	36.8
CM196829.1	1	104731463	6094566	97922005	93.4982	7.87003	38.4	39
CM196830.1	1	100164202	5904385	94821046	94.6656	7.97412	38.4	39.9
CM196831.1	1	98168248	4743761	82673161	84.2158	6.37957	38.4	36.4
CM196832.1	1	94681600	5421872	86111415	90.9484	7.594	38.3	36.4
CM196833.1	1	93094520	4782021	80739105	86.7281	6.80249	38.4	35.8
CM196834.1	1	82557442	4128134	68893122	83.4487	6.59799	38.4	34.1
CM196835.1	1	65617359	3323062	55745312	84.9551	6.6925	38.4	34.8
JCBQSH010000011.1	1	2380475	104155	1778889	74.7283	5.908	38.4	23.2
JCBQSH010000012.1	1	2171073	75961	1735958	79.9585	4.63815	38.5	29.3
JCBQSH010000013.1	1	1750079	89415	1444716	82.5515	6.9032	38.5	29.8
JCBQSH010000014.1	1	1353907	48452	971135	71.7283	4.72386	38.4	20.4
JCBQSH010000015.1	1	1311098	44116	969876	73.9743	4.42284	38.5	21.3
JCBQSH010000016.1	1	1243449	47230	854665	68.7334	4.70869	38	24.2
JCBQSH010000017.1	1	1215934	32307	631836	51.963	3.3365	38.4	13.7
JCBQSH010000018.1	1	1167096	41752	819041	70.1777	4.54658	38.3	25.6
JCBQSH010000019.1	1	1116098	38717	793192	71.0683	4.49385	38.4	18.5
JCBQSH010000020.1	1	1106371	37378	751344	67.9107	4.2751	38.4	26.8
JCBQSH010000021.1	1	983444	32442	714227	72.6251	4.21013	38.2	21
JCBQSH010000022.1	1	848184	31924	668789	78.8495	4.91599	38.4	25.7
JCBQSH010000023.1	1	831149	43587	659069	79.2961	6.52263	37.5	17.6
JCBQSH010000024.1	1	787334	40675	605120	76.8568	6.96664	38.3	25
JCBQSH010000025.1	1	756217	22507	512560	67.7795	3.83023	38.4	17.3
JCBQSH010000026.1	1	677501	44808	628372	92.7485	8.93386	38.2	23.4
JCBQSH010000027.1	1	657773	27658	617066	93.8114	5.6252	38.5	33.8
JCBQSH010000028.1	1	654098	24806	524225	80.1447	5.18149	38.4	20.9
JCBQSH010000029.1	1	619917	28273	486266	78.4405	6.36327	38.3	20.1
JCBQSH010000030.1	1	598669	30452	528248	88.2371	7.15866	38	2.66
JCBQSH010000031.1	1	590304	29606	454706	77.0291	6.92703	38.1	9.72
JCBQSH010000032.1	1	589763	15874	402959	68.3256	3.56258	38.5	14.8
JCBQSH010000033.1	1	522975	35672	513911	98.2668	9.30872	38.2	27.5
JCBQSH010000034.1	1	498098	21187	394427	79.1866	5.56644	38.2	16.8
JCBQSH010000035.1	1	472098	38022	468437	99.2245	11.3187	38.4	27.5
JCBQSH010000036.1	1	450197	17718	343214	76.2364	5.31652	38.5	25.6
JCBQSH010000037.1	1	339098	23045	327154	96.4777	9.52156	38.4	21.9
JCBQSH010000038.1	1	338677	20412	264838	78.1978	8.49053	38.3	17.3
JCBQSH010000039.1	1	328327	29862	320839	97.7193	12.8869	38.1	1.14
JCBQSH010000040.1	1	307948	12792	228935	74.3421	5.52945	38.2	10.2
JCBQSH010000041.1	1	299098	22654	297488	99.4617	10.7807	38.4	30.1
JCBQSH010000042.1	1	294321	4265	136583	46.4061	1.91964	37.5	1.11
JCBQSH010000043.1	1	294155	34215	240628	81.8031	16.6889	38.4	10.2
JCBQSH010000044.1	1	273559	8709	202318	73.9577	4.56678	38.4	0.152
JCBQSH010000045.1	1	264957	12794	235773	88.9854	6.49331	38.6	32.1
JCBQSH010000046.1	1	259939	7081	171635	66.029	3.48023	38.5	24.2
JCBQSH010000047.1	1	259197	14676	239186	92.2796	7.80053	38	15
JCBQSH010000048.1	1	252203	10272	202539	80.3079	5.20729	37.6	15.5
JCBQSH010000049.1	1	240432	8037	173684	72.2383	4.31943	38.4	20.4
JCBQSH010000050.1	1	235147	23566	226101	96.153	14.5581	38.6	0.114
JCBQSH010000051.1	1	188531	5930	139113	73.7879	4.12344	37.9	12
JCBQSH010000052.1	1	179865	17102	166217	92.4121	13.1836	38.3	15.9
JCBQSH010000053.1	1	174723	10459	169986	97.2889	8.44947	38.4	3.78
JCBQSH010000054.1	1	153740	3426	103852	67.5504	2.92109	38.4	4.37
JCBQSH010000055.1	1	143823	6179	99601	69.2525	5.98852	38.4	6.07
JCBQSH010000056.1	1	120231	7303	107056	89.0419	8.19156	38.4	23.9
JCBQSH010000057.1	1	112755	5452	87097	77.2445	6.52181	38.3	6.8
JCBQSH010000058.1	1	110929	12659	106359	95.8802	16.2271	38	5
JCBQSH010000059.1	1	110210	4633	92126	83.5913	5.71654	38.4	27.8
JCBQSH010000060.1	1	102488	3003	86973	84.8616	3.80889	38.6	41.3
JCBQSH010000061.1	1	99021	718	18589	18.7728	0.758637	38.4	4
JCBQSH010000062.1	1	97961	2674	82387	84.1018	3.69156	38.5	2.67
JCBQSH010000063.1	1	97313	6005	89557	92.0298	8.47853	38.3	14
JCBQSH010000064.1	1	97237	14133	97093	99.8519	21.3869	38.4	5.5
JCBQSH010000065.1	1	93932	3497	65924	70.1827	5.18357	38.3	18.9
JCBQSH010000066.1	1	90309	5484	89039	98.5937	8.66358	38.6	18.3
JCBQSH010000067.1	1	81699	9221	76821	94.0293	15.6059	38	0.697
JCBQSH010000068.1	1	73414	4166	67612	92.0969	8.25551	38.4	0.557
JCBQSH010000069.1	1	70533	2417	43849	62.1681	4.59181	38.4	0.737
JCBQSH010000070.1	1	70099	3924	69294	98.8516	8.08933	38.6	0.178
JCBQSH010000071.1	1	66935	2811	52940	79.0917	6.00012	38.2	12.2
JCBQSH010000072.1	1	65693	3141	60253	91.7191	6.31008	38.6	36.4
JCBQSH010000073.1	1	60661	4765	32507	53.588	11.229	38.4	7.14
JCBQSH010000074.1	1	60314	971	18092	29.9964	1.8469	37.9	21.9
JCBQSH010000075.1	1	59168	4252	58702	99.2124	8.90071	37.3	0.238
JCBQSH010000076.1	1	51654	3169	46521	90.0627	8.23007	38.6	43.5
JCBQSH010000077.1	1	45384	1250	29141	64.2099	3.8947	38.5	0
JCBQSH010000078.1	1	39141	2236	38340	97.9536	8.28893	38.3	21.1
JCBQSH010000079.1	1	39072	1587	37499	95.9741	5.80938	38.6	1.95
JCBQSH010000080.1	1	37620	974	26619	70.7576	2.81571	37.4	0.266
JCBQSH010000081.1	1	36373	1472	31708	87.1746	4.75858	36.8	0.0408
JCBQSH010000082.1	1	36264	1408	32355	89.2207	5.29307	38.5	1.16
JCBQSH010000083.1	1	34937	330	23254	66.5598	1.33354	38.1	0
JCBQSH010000084.1	1	23562	547	20246	85.9265	2.96006	37.6	0.0804
JCBQSH010000085.1	1	19294	7512	18945	98.1911	57.2392	38.5	0.0844
JCBQSH010000086.1	1	18367	3408	15326	83.4431	26.5459	38.2	0.132
JCBQSH010000087.1	1	17848	973	17629	98.773	7.61105	38.7	0
JCBQSH010000088.1	1	17334	4131	15916	91.8195	33.7684	38	0.0339
JCBQSH010000089.1	1	16922	156	7861	46.4543	0.725564	37.2	0
JCBQSH010000090.1	1	10453	2368	9185	87.8695	32.8306	38.2	0.00338
JCBQSH010000091.1	1	7055	1459	6428	91.1127	29.8731	38	0
JCBQSH010000092.1	1	6469	819	5645	87.2623	16.0853	37.1	0.274
JCBQSH010000093.1	1	6314	631	5152	81.5965	11.6422	37.1	0.179
JCBQSH010000094.1	1	6203	212	4570	73.674	3.76689	37.8	0
JCBQSH010000095.1	1	6171	5058	6147	99.6111	120.336	38.7	0
JCBQSH010000096.1	1	6156	2348	5906	95.9389	55.8353	38.5	0.023
JCBQSH010000097.1	1	6104	7881	6056	99.2136	173.09	36.7	0.724
JCBQSH010000098.1	1	6089	2073	5900	96.896	50.1215	38.2	0
JCBQSH010000099.1	1	6045	1442	5783	95.6658	33.2688	38.1	0.343
JCBQSH010000100.1	1	6039	2343	6039	100	57.1812	38.3	0.041
JCBQSH010000101.1	1	6024	472	4767	79.1335	10.2087	37.5	0
JCBQSH010000102.1	1	5981	1145	5963	99.699	28.2456	38.5	0.101
JCBQSH010000103.1	1	5962	898	4863	81.5666	21.3537	38.1	0.107
JCBQSH010000104.1	1	5948	2211	5866	98.6214	54.5365	38.4	0
JCBQSH010000105.1	1	5927	2312	5850	98.7009	57.1551	38.2	0.0424
JCBQSH010000106.1	1	5906	2264	5892	99.763	56.5987	38.3	0.0292
JCBQSH010000107.1	1	5903	1391	5278	89.4122	34.1425	38.2	0
JCBQSH010000108.1	1	5884	180	4372	74.3032	3.04096	36.9	0
JCBQSH010000109.1	1	5844	2257	5781	98.922	57.2498	38.4	0
JCBQSH010000110.1	1	5815	535	4422	76.0447	12.579	38.1	0
JCBQSH010000111.1	1	5801	1042	4708	81.1584	25.3667	38.3	0
JCBQSH010000112.1	1	5780	1425	5331	92.2318	35.0554	38.3	0.125
JCBQSH010000113.1	1	5777	664	4917	85.1134	16.1222	38.1	0
JCBQSH010000114.1	1	5720	1069	4755	83.1294	26.5823	37.9	0.267
JCBQSH010000115.1	1	5718	677	4621	80.815	16.7293	38.4	0
JCBQSH010000116.1	1	5710	2946	5709	99.9825	75.7354	38.4	0.0163
JCBQSH010000117.1	1	5695	2204	5690	99.9122	57.2948	38.3	0
JCBQSH010000118.1	1	5682	368	4908	86.378	8.17687	37.5	0
JCBQSH010000119.1	1	5652	1942	5544	98.0892	50.6285	38.3	0.00824
JCBQSH010000120.1	1	5650	2042	5634	99.7168	53.4184	38.3	0.188
JCBQSH010000121.1	1	5650	655	4865	86.1062	16.2065	37.8	0.00916
JCBQSH010000122.1	1	5615	1960	5598	99.6972	51.4607	38.4	0
JCBQSH010000123.1	1	5554	1171	4569	82.265	30.7332	38.4	0
JCBQSH010000124.1	1	5522	1994	5516	99.8913	53.1315	38.3	0
JCBQSH010000125.1	1	5512	778	5495	99.6916	20.8574	38.8	0
JCBQSH010000126.1	1	5510	543	5492	99.6733	14.5682	38.6	0
JCBQSH010000127.1	1	5485	2182	5468	99.6901	58.8186	38.2	0
JCBQSH010000128.1	1	5421	4070	5413	99.8524	102.578	36.9	0.445
JCBQSH010000129.1	1	5385	3536	5358	99.4986	96.1632	38.6	0
JCBQSH010000130.1	1	5363	2258	5313	99.0677	61.1031	38.3	1.63
JCBQSH010000131.1	1	5351	546	5250	98.1125	14.6956	38.9	0
JCBQSH010000132.1	1	5307	1243	4997	94.1587	33.8223	38.2	0
JCBQSH010000133.1	1	526	5	262	49.8099	0.731939	33.3	0
JCBQSH010000134.1	1	5267	1057	4679	88.8361	29.1713	38.1	0.0766
JCBQSH010000135.1	1	5229	307	5024	96.0796	8.60853	38.9	0
JCBQSH010000136.1	1	5222	1723	5185	99.2915	48.3357	38.3	0.185
JCBQSH010000137.1	1	5217	182	3656	70.0786	3.64961	37.6	0
JCBQSH010000138.1	1	5174	1616	4629	89.4666	45.4724	38.1	0.113
JCBQSH010000139.1	1	5170	1762	5111	98.8588	50.5207	38.5	0
JCBQSH010000140.1	1	5166	513	4809	93.0894	14.5203	38.5	0
JCBQSH010000141.1	1	5152	1291	4719	91.5955	36.5943	38.3	0.00465
JCBQSH010000142.1	1	5140	812	3974	77.3152	22.884	38	0
JCBQSH010000143.1	1	5122	1014	4635	90.492	28.5326	38.2	0.0483
JCBQSH010000144.1	1	5107	1833	5098	99.8238	53.1835	38.2	0.00109
JCBQSH010000145.1	1	5107	200	4819	94.3607	5.48287	38.4	1.92
JCBQSH010000146.1	1	5082	1165	4371	86.0094	32.5362	38.1	0
JCBQSH010000147.1	1	5057	1147	5016	99.1892	32.5529	37.5	0.0384
JCBQSH010000148.1	1	5022	173	3255	64.8148	4.03982	37.3	0
JCBQSH010000149.1	1	5000	1210	4300	86	34.3086	38.3	0.0554
JCBQSH010000150.1	1	4973	1071	4741	95.3348	31.0744	38.2	0
JCBQSH010000151.1	1	4938	435	4169	84.4269	11.4765	37.8	0.12
JCBQSH010000152.1	1	4898	121	4518	92.2417	3.50694	38.5	0
JCBQSH010000153.1	1	4880	276	4616	94.5902	8.28811	38.1	0.00725
JCBQSH010000154.1	1	4859	1197	4184	86.1083	35.8786	38.3	0
JCBQSH010000155.1	1	4844	160	3488	72.0066	3.532	35.8	0.188
JCBQSH010000156.1	1	4828	1506	4571	94.6769	45.3811	38.4	0
JCBQSH010000157.1	1	4773	234	3748	78.525	5.39786	37.1	0.128
JCBQSH010000158.1	1	4741	1930	4740	99.9789	54.9504	38.1	0.00207
JCBQSH010000159.1	1	4707	3236	4130	87.7417	89.2583	35.9	0.279
JCBQSH010000160.1	1	4645	110	3084	66.394	2.32508	35.9	0.636
JCBQSH010000161.1	1	4639	345	3454	74.4557	8.75038	36.9	0
JCBQSH010000162.1	1	4556	69	2184	47.9368	1.24649	36	5.36
JCBQSH010000163.1	1	4547	136	2655	58.3901	3.26875	37.4	0
JCBQSH010000164.1	1	4519	6260	4517	99.9557	204.504	38.9	9.07
JCBQSH010000165.1	1	4511	446	3718	82.4207	13.3092	37.5	0.224
JCBQSH010000166.1	1	4438	1647	4423	99.662	54.8308	38.2	0
JCBQSH010000167.1	1	4394	522	3574	81.3382	16.4149	38.4	0.00766
JCBQSH010000168.1	1	4357	1009	3677	84.3929	32.2913	38.2	0
JCBQSH010000169.1	1	4327	1476	4285	99.0294	50.4026	38.2	0
JCBQSH010000170.1	1	4323	748	3409	78.8573	25.164	38.4	0
JCBQSH010000171.1	1	4314	1435	4293	99.5132	49.0429	38.4	0
JCBQSH010000172.1	1	4303	596	3683	85.5914	19.766	37.9	0.188
JCBQSH010000173.1	1	4299	480	3724	86.6248	13.1861	37.2	6.64
JCBQSH010000174.1	1	4292	1440	4127	96.1556	49.4758	38.1	0.00139
JCBQSH010000175.1	1	4271	1448	4265	99.8595	49.8265	38.4	0
JCBQSH010000176.1	1	4271	368	4148	97.1201	12.0819	38.6	0
JCBQSH010000177.1	1	4267	1475	4253	99.6719	50.9871	38.2	0
JCBQSH010000178.1	1	4264	1353	4242	99.4841	42.9092	38	0.0333
JCBQSH010000179.1	1	4214	317	4161	98.7423	10.1742	37.8	0
JCBQSH010000180.1	1	4181	3174	4163	99.5695	103.629	37	0.0649
JCBQSH010000181.1	1	4212	1225	4199	99.6914	42.6244	38.4	0
JCBQSH010000182.1	1	4190	277	4117	98.2578	9.55847	38.3	0.0505
JCBQSH010000183.1	1	4184	98	2506	59.8948	2.45435	37.9	0
JCBQSH010000184.1	1	4180	1421	4135	98.9234	50.2478	38.1	0
JCBQSH010000185.1	1	4179	1436	4173	99.8564	50.6193	38.4	0
JCBQSH010000186.1	1	4174	462	3384	81.0733	14.547	37.7	1.11
JCBQSH010000187.1	1	4140	1189	4108	99.2271	42.4285	38.4	0
JCBQSH010000188.1	1	4135	2339	4027	97.3881	74.5816	38.1	9.66
JCBQSH010000189.1	1	4097	1805	3875	94.5814	58.9468	37.6	0.179
JCBQSH010000190.1	1	4095	1437	4090	99.8779	51.7966	38.1	0
JCBQSH010000191.1	1	4083	193	2962	72.5447	6.16605	37.7	0.254
JCBQSH010000192.1	1	4082	563	4025	98.6036	20.4123	38.8	0.0355
JCBQSH010000193.1	1	4045	1035	3860	95.4265	36.8371	38.5	0.0638
JCBQSH010000194.1	1	4037	2969	4037	100	107.763	38.6	0
JCBQSH010000195.1	1	4031	426	3429	85.0657	12.8566	36.9	0.324
JCBQSH010000196.1	1	4023	1652	4007	99.6023	60.7954	38.1	0.0448
JCBQSH010000197.1	1	3986	256	3901	97.8675	9.44255	38.2	0.188
JCBQSH010000198.1	1	3983	711	3911	98.1923	25.2493	37.3	0.0338
JCBQSH010000199.1	1	3954	271	2968	75.0632	8.74203	37.6	0
JCBQSH010000200.1	1	3933	1290	3914	99.5169	48.2982	38.4	0
JCBQSH010000201.1	1	3932	1216	3668	93.2859	45.4257	38.1	0
JCBQSH010000202.1	1	3911	28	1153	29.481	0.707747	37.8	0
JCBQSH010000203.1	1	3891	973	3711	95.3739	36.9311	38.4	0.00206
JCBQSH010000204.1	1	3885	879	3542	91.1712	32.8211	38.1	0
JCBQSH010000205.1	1	3879	1716	3530	91.0028	65.0784	38.4	0.0816
JCBQSH010000206.1	1	3877	513	2756	71.0859	18.3921	38.4	0
JCBQSH010000207.1	1	3873	856	3383	87.3483	32.2239	38.2	0.0911
JCBQSH010000208.1	1	3867	157	3102	80.2172	5.30075	37	0.51
JCBQSH010000209.1	1	3829	1277	3815	99.6344	49.2149	38.5	0
JCBQSH010000210.1	1	3805	644	3410	89.6189	22.0021	37.6	0
JCBQSH010000211.1	1	3794	991	3768	99.3147	38.2955	38.1	0.228
JCBQSH010000212.1	1	3734	1218	3703	99.1698	48.2882	38.4	0
JCBQSH010000213.1	1	3631	386	3578	98.5403	15.6913	38.4	0.0363
JCBQSH010000214.1	1	3670	85	2389	65.0954	1.74714	35.4	0.894
JCBQSH010000215.1	1	3661	1236	3637	99.3444	49.9615	38.3	0.00971
JCBQSH010000216.1	1	3653	492	3560	97.4541	19.8637	38.8	0
JCBQSH010000217.1	1	3630	245	3532	97.3003	9.93223	38.9	0
JCBQSH010000218.1	1	3607	1090	3482	96.5345	44.5733	38.4	0.204
JCBQSH010000219.1	1	3586	272	3356	93.5862	10.8511	38.3	48
JCBQSH010000220.1	1	3559	233	3518	98.848	9.64344	38.6	0
JCBQSH010000221.1	1	3545	274	3295	92.9478	11.3732	38.8	0
JCBQSH010000222.1	1	3504	536	3479	99.2865	20.893	38.8	0
JCBQSH010000223.1	1	3537	439	3404	96.2398	17.957	38.6	5.77
JCBQSH010000224.1	1	3534	664	3415	96.6327	26.8124	37.5	0
JCBQSH010000225.1	1	3529	325	3431	97.223	13.4727	38.6	0.298
JCBQSH010000226.1	1	3503	1232	3493	99.7145	51.9752	38.1	0.164
JCBQSH010000227.1	1	3499	437	3243	92.6836	14.1472	36.8	6.43
JCBQSH010000228.1	1	3490	1027	3417	97.9083	43.5023	38.3	0
JCBQSH010000229.1	1	3488	1210	3487	99.9713	51.041	38.3	0.0215
JCBQSH010000230.1	1	3486	1170	3397	97.4469	49.7166	38.3	0.0957
JCBQSH010000231.1	1	3481	78	2112	60.6722	2.34588	37.4	0
JCBQSH010000232.1	1	3480	48	1980	56.8966	1.88908	38.5	0
JCBQSH010000233.1	1	3474	1207	3470	99.8849	51.5676	38.2	0.936
JCBQSH010000234.1	1	3467	401	3281	94.6351	17.1376	38.8	0
JCBQSH010000235.1	1	3442	87	2066	60.0232	2.8649	37.3	0
JCBQSH010000236.1	1	3439	483	2887	83.9488	17.8974	37.3	0.329
JCBQSH010000237.1	1	3429	254	3362	98.0461	10.8201	39	0
JCBQSH010000238.1	1	3421	378	3352	97.983	16.2637	38.8	0
JCBQSH010000239.1	1	3420	215	3216	94.0351	8.82193	38.3	0
JCBQSH010000240.1	1	3400	877	3284	96.5882	33.5426	37.4	2.82
JCBQSH010000241.1	1	3392	247	2599	76.6215	8.0967	38	0.794
JCBQSH010000242.1	1	3381	2207	3366	99.5563	95.1801	38.5	0.0154
JCBQSH010000243.1	1	3369	629	3091	91.7483	26.2707	38.2	0.156
JCBQSH010000244.1	1	3362	481	2959	88.0131	19.9012	38.2	0
JCBQSH010000245.1	1	3359	710	2968	88.3596	30.3269	38	0.0451
JCBQSH010000246.1	1	3335	3677	3315	99.4003	148.78	36.6	0
JCBQSH010000247.1	1	3333	226	3282	98.4698	9.90849	38.7	0
JCBQSH010000248.1	1	3327	1086	3217	96.6937	48.0027	38.2	0
JCBQSH010000249.1	1	3324	964	3297	99.1877	42.8604	38.1	0
JCBQSH010000250.1	1	3309	104	2680	80.9912	4.19825	38.7	0
JCBQSH010000251.1	1	3278	644	3135	95.6376	28.0451	37.1	0
JCBQSH010000252.1	1	3276	429	2992	91.3309	15.1624	36.7	0.149
JCBQSH010000253.1	1	3275	962	3149	96.1527	43.2476	38.2	0.0541
JCBQSH010000254.1	1	3265	994	3237	99.1424	44.6184	38.4	0
JCBQSH010000255.1	1	3263	396	3255	99.7548	15.6099	38.8	0.0303
JCBQSH010000256.1	1	3245	1022	3206	98.7982	46.5445	38.2	0
JCBQSH010000257.1	1	3244	1160	3227	99.476	53.1005	38.4	0.0448
JCBQSH010000258.1	1	3220	335	3042	94.472	15.1062	38.4	0.0239
JCBQSH010000259.1	1	3218	154	2535	78.7756	5.16314	36.7	0.675
JCBQSH010000260.1	1	3215	691	3202	99.5956	30.1201	37.2	0
JCBQSH010000261.1	1	3214	817	3091	96.173	37.3239	38.2	0.424
JCBQSH010000262.1	1	3199	231	2776	86.7771	8.3548	37	0.26
JCBQSH010000263.1	1	3191	889	3179	99.6239	41.1749	38.2	0
JCBQSH010000264.1	1	3175	1224	3135	98.7402	56.6057	38.2	0.427
JCBQSH010000265.1	1	3170	351	2487	78.4543	15.0281	37.4	1.07
JCBQSH010000266.1	1	3162	385	2874	90.8918	14.4213	36.9	0.519
JCBQSH010000267.1	1	3157	881	2825	89.4837	41.0234	38.2	0
JCBQSH010000268.1	1	3152	295	2999	95.1459	13.7874	38.8	0
JCBQSH010000269.1	1	3137	579	3131	99.8087	27.2537	38.3	0.107
JCBQSH010000270.1	1	3123	147	2869	91.8668	6.85271	39	0
JCBQSH010000271.1	1	3119	1010	3092	99.1343	47.7518	38.4	0.0475
JCBQSH010000272.1	1	3101	2095	3098	99.9033	98.7836	38.6	0.00382
JCBQSH010000273.1	1	3092	463	2803	90.6533	21.2865	38.1	0
JCBQSH010000274.1	1	3091	1477	2996	96.9266	70.1139	38.5	0.0508
JCBQSH010000275.1	1	3084	1012	3057	99.1245	48.3178	38.3	0
JCBQSH010000276.1	1	3083	381	2991	97.0159	18.0496	38.7	0.00525
JCBQSH010000277.1	1	3077	192	3040	98.7975	9.1937	38.7	0
JCBQSH010000278.1	1	3072	1063	3070	99.9349	50.7279	37.9	0.487
JCBQSH010000279.1	1	3070	971	3043	99.1205	46.9339	38.5	0
JCBQSH010000280.1	1	3063	984	3054	99.7062	47.5145	38.4	0.183
JCBQSH010000281.1	1	3045	432	3010	98.8506	19.8026	38.7	2.43
JCBQSH010000282.1	1	3035	13	836	27.5453	0.311367	39.2	0
JCBQSH010000283.1	1	3030	958	3005	99.1749	46.47	38.2	0.0501
JCBQSH010000284.1	1	3030	81	1681	55.4785	2.83003	37.3	0
JCBQSH010000285.1	1	2996	867	2816	93.992	42.7427	38.6	0
JCBQSH010000286.1	1	2995	251	2958	98.7646	12.2574	38.7	0
JCBQSH010000287.1	1	2978	969	2926	98.2539	47.9997	38.6	0
JCBQSH010000288.1	1	2968	58	1888	63.6119	2.04582	36.9	0
JCBQSH010000289.1	1	2964	1008	2947	99.4265	50.0789	38.3	0.165
JCBQSH010000290.1	1	2963	926	2943	99.325	46.3318	38.5	0.0151
JCBQSH010000291.1	1	2960	230	2785	94.0878	9.29831	37.5	2.96
JCBQSH010000292.1	1	2958	369	2788	94.2529	17.8097	37.7	0.103
JCBQSH010000293.1	1	2957	148	2117	71.5928	4.29456	35.8	2.8
JCBQSH010000294.1	1	2952	7798	2937	99.4919	355.193	36.4	0.696
JCBQSH010000295.1	1	2950	295	2620	88.8136	12.4858	37.3	0.0102
JCBQSH010000296.1	1	2939	193	2791	94.9643	9.81388	38.9	0
JCBQSH010000297.1	1	2933	386	2728	93.0106	14.9564	36.6	0.0803
JCBQSH010000298.1	1	2930	53	2142	73.1058	1.6273	36.4	0
JCBQSH010000299.1	1	2928	798	2815	96.1407	38.0673	38.3	0.01
JCBQSH010000300.1	1	2925	461	2782	95.1111	22.3101	37.7	0
JCBQSH010000301.1	1	2920	655	2896	99.1781	32.8623	37.8	0
JCBQSH010000302.1	1	2882	892	2762	95.8362	45.4674	38	0
JCBQSH010000303.1	1	2859	3438	2854	99.8251	172.689	37.5	0.803
JCBQSH010000304.1	1	2855	276	2725	95.4466	11.7758	37.4	0.0507
JCBQSH010000305.1	1	2842	228	2613	91.9423	9.00528	38	0
JCBQSH010000306.1	1	2821	2012	2810	99.6101	104.341	38.7	0.0338
JCBQSH010000307.1	1	2797	252	2653	94.8516	11.2131	37.4	0.0159
JCBQSH010000308.1	1	2789	476	2744	98.3865	24.569	37.9	0
JCBQSH010000309.1	1	2780	437	2190	78.777	13.477	36.6	0.217
JCBQSH010000310.1	1	2779	92	1545	55.5955	3.58582	37.2	0
JCBQSH010000311.1	1	2779	369	2500	89.9604	14.8924	36.6	0.125
JCBQSH010000312.1	1	2771	1008	2748	99.17	53.7106	38.2	0.0734
JCBQSH010000313.1	1	2766	632	2598	93.9262	32.9555	38.2	0.331
JCBQSH010000314.1	1	2761	134	2030	73.5241	4.87396	34.9	4.93
JCBQSH010000315.1	1	2749	338	2492	90.6511	13.8894	35.8	1.11
JCBQSH010000316.1	1	2748	997	2688	97.8166	50.3974	38.5	10.6
JCBQSH010000317.1	1	2745	178	2696	98.2149	9.55337	38.4	0
JCBQSH010000318.1	1	2742	832	2739	99.8906	44.7396	38.5	0.0288
JCBQSH010000319.1	1	2736	6773	2734	99.9269	323.645	36.2	1.15
JCBQSH010000320.1	1	2728	2841	2722	99.7801	151.934	38	0.653
JCBQSH010000321.1	1	2722	693	2716	99.7796	37.3024	38.5	0.0491
JCBQSH010000322.1	1	2721	167	2699	99.1915	9.14774	39.1	0
JCBQSH010000323.1	1	2719	912	2701	99.338	49.7039	38.3	0
JCBQSH010000324.1	1	2712	447	2667	98.3407	23.1257	37.3	0.322
JCBQSH010000325.1	1	2699	744	2509	92.9604	40.6866	38.5	0
JCBQSH010000326.1	1	2696	136	2558	94.8813	7.45772	38.8	0.0294
JCBQSH010000327.1	1	2684	185	2574	95.9016	10.0808	38.1	0.778
JCBQSH010000328.1	1	2677	103	1776	66.3429	5.36048	38.8	0.893
JCBQSH010000329.1	1	2676	80	1548	57.8475	2.85575	35.9	4.15
JCBQSH010000330.1	1	2667	71	1276	47.844	3.02587	38.1	0.113
JCBQSH010000331.1	1	2665	604	2648	99.3621	30.5857	38.4	0
JCBQSH010000332.1	1	2661	866	2645	99.3987	47.8125	38.6	2.36
JCBQSH010000333.1	1	2661	146	2506	94.1751	8.09207	38.7	0
JCBQSH010000334.1	1	2657	750	2587	97.3654	38.9767	38.6	0.155
JCBQSH010000335.1	1	2657	988	2618	98.5322	49.1965	37.9	0.806
JCBQSH010000336.1	1	2654	178	2550	96.0814	9.87792	38.3	0.202
JCBQSH010000337.1	1	2653	690	2638	99.4346	37.7851	38.6	0.151
JCBQSH010000338.1	1	2650	189	2564	96.7547	10.5536	38.6	0
JCBQSH010000339.1	1	2642	255	2405	91.0295	12.8266	37.3	0.00784
JCBQSH010000340.1	1	2635	563	2528	95.9393	29.134	37.8	0
JCBQSH010000341.1	1	2601	1062	2588	99.5002	60.3106	38.2	0.0782
JCBQSH010000342.1	1	2633	121	2566	97.4554	6.77212	39.1	0
JCBQSH010000343.1	1	2632	830	2582	98.1003	46.5467	38.2	0
JCBQSH010000344.1	1	2615	683	2439	93.2696	36.8402	38	0.0205
JCBQSH010000345.1	1	2611	867	2607	99.8468	49.0525	38.2	0.083
JCBQSH010000346.1	1	2607	119	2579	98.926	6.76141	38.7	0
JCBQSH010000347.1	1	2600	185	2534	97.4615	10.2865	39	0
JCBQSH010000348.1	1	2589	1776	2587	99.9228	101.007	38.7	0
JCBQSH010000349.1	1	2577	6663	2574	99.8836	343.87	36.4	1.68
JCBQSH010000350.1	1	2573	799	2544	98.8729	45.7684	38.2	0.22
JCBQSH010000351.1	1	2572	1749	2510	97.5894	99.2959	38.8	0.0389
JCBQSH010000352.1	1	2554	545	2332	91.3078	27.1077	37.8	1.02
JCBQSH010000353.1	1	2551	164	2446	95.884	9.30419	39	0.268
JCBQSH010000354.1	1	2550	1908	2550	100	110.964	38.7	30.4
JCBQSH010000355.1	1	2537	748	2525	99.527	43.4308	38.4	0
JCBQSH010000356.1	1	2531	764	2521	99.6049	44.7973	38.4	0
JCBQSH010000357.1	1	2529	85	2333	92.2499	4.76868	37.5	0.353
JCBQSH010000358.1	1	2516	684	2478	98.4897	40.316	38.6	0
JCBQSH010000359.1	1	2510	78	2426	96.6534	4.16255	37.1	15.9
JCBQSH010000360.1	1	2502	759	2494	99.6803	44.7098	38.4	0.0316
JCBQSH010000361.1	1	2480	157	2403	96.8952	9.48669	38.9	0
JCBQSH010000362.1	1	2464	134	2369	96.1445	7.90706	38.4	0
JCBQSH010000363.1	1	2464	159	2440	99.026	9.51177	38.8	0
JCBQSH010000364.1	1	2464	1069	2447	99.3101	63.4769	38.3	0.0374
JCBQSH010000365.1	1	2460	858	2065	83.9431	50.8756	38.5	0.028
JCBQSH010000366.1	1	2456	83	1984	80.7818	4.09894	36.7	0
JCBQSH010000367.1	1	2454	690	2453	99.9593	41.6255	38.3	0.188
JCBQSH010000368.1	1	2443	137	2371	97.0528	6.90053	36.8	0.263
JCBQSH010000369.1	1	2442	1365	2439	99.8771	81.0942	38.4	0.979
JCBQSH010000370.1	1	2442	801	2432	99.5905	48.1429	38.1	0
JCBQSH010000371.1	1	2432	110	1703	70.0247	4.17188	37	0.418
JCBQSH010000372.1	1	2421	731	2400	99.1326	44.4275	38.5	0
JCBQSH010000373.1	1	2419	665	2403	99.3386	40.3737	38.4	0.108
JCBQSH010000374.1	1	2418	594	2413	99.7932	36.2184	38.9	18.3
JCBQSH010000375.1	1	2414	217	2362	97.8459	12.8761	38.2	0
JCBQSH010000376.1	1	2412	699	2410	99.9171	42.6816	38.6	0.0515
JCBQSH010000377.1	1	2398	419	2386	99.4996	25.7552	38.5	0
JCBQSH010000378.1	1	2392	499	2126	88.8796	30.1008	38.3	0
JCBQSH010000379.1	1	2382	112	2171	91.1419	6.97271	38.9	0
JCBQSH010000380.1	1	2382	171	2321	97.4391	10.5684	38.8	0
JCBQSH010000381.1	1	2380	136	2248	94.4538	8.42395	38.3	0
JCBQSH010000382.1	1	2375	117	2249	94.6947	5.65895	38	0.444
JCBQSH010000383.1	1	2370	1007	2350	99.1561	62.1283	38.5	0
JCBQSH010000384.1	1	2369	144	2144	90.5023	8.87168	38.1	2.44
JCBQSH010000385.1	1	2367	1598	2359	99.662	98.5615	38.7	0
JCBQSH010000386.1	1	2365	227	2021	85.4545	11.9751	37.6	0
JCBQSH010000387.1	1	2361	501	2170	91.9102	28.1516	37.6	0
JCBQSH010000388.1	1	2361	1744	2353	99.6612	107.639	38.7	20.8
JCBQSH010000389.1	1	2354	731	2345	99.6177	46.2137	38.4	0
JCBQSH010000390.1	1	2348	140	2220	94.5486	8.38714	38.2	0.357
JCBQSH010000391.1	1	2339	60	1672	71.4835	2.4472	38	0
JCBQSH010000392.1	1	2333	489	2278	97.6425	28.7098	38	0.092
JCBQSH010000393.1	1	2327	672	2310	99.2694	42.5286	38.6	0.0714
JCBQSH010000394.1	1	2313	593	2297	99.3083	38.0216	38.6	0
JCBQSH010000395.1	1	2310	154	1577	68.2684	6.26277	36.1	2.05
JCBQSH010000396.1	1	2308	697	2288	99.1334	44.5455	38.3	0
JCBQSH010000397.1	1	2304	680	2281	99.0017	43.6059	38.2	0
JCBQSH010000398.1	1	2298	125	2221	96.6493	8.0805	39	0.128
JCBQSH010000399.1	1	2293	1723	2284	99.6075	110.677	38.4	15.7
JCBQSH010000400.1	1	2289	559	2181	95.2818	36.0406	38	0.39
JCBQSH010000401.1	1	2282	194	2055	90.0526	12.3379	38.5	3.87
JCBQSH010000402.1	1	2277	166	2098	92.1388	10.4857	38.5	0
JCBQSH010000403.1	1	2266	1521	2253	99.4263	98.0684	38.9	0
JCBQSH010000404.1	1	2261	297	2193	96.9925	19.4007	38.6	1.15
JCBQSH010000405.1	1	2255	312	2243	99.4678	19.016	38.7	0.0128
JCBQSH010000406.1	1	2254	422	2199	97.5599	27.0102	38.2	0.118
JCBQSH010000407.1	1	2252	796	2234	99.2007	52.0599	38.1	0.224
JCBQSH010000408.1	1	2246	131	2196	97.7738	8.66474	38.4	0
JCBQSH010000409.1	1	2244	237	1747	77.852	15.0553	37.6	0
JCBQSH010000410.1	1	2244	605	2227	99.2424	39.4278	38.7	0
JCBQSH010000411.1	1	2243	130	2111	94.115	8.63665	38.9	0
JCBQSH010000412.1	1	2235	223	2212	98.9709	12.9141	38.4	0.112
JCBQSH010000413.1	1	2228	780	2201	98.7882	51.2904	38.5	0.451
JCBQSH010000414.1	1	2225	1016	2222	99.8652	67.3506	38.5	0.0709
JCBQSH010000415.1	1	2225	673	2204	99.0562	44.5362	38.1	0
JCBQSH010000416.1	1	2218	68	1392	62.7592	3.94454	37.3	0.382
JCBQSH010000417.1	1	2212	97	1437	64.9638	3.88427	34.6	2.96
JCBQSH010000418.1	1	2209	1351	2179	98.6419	88.9778	38.6	0.0222
JCBQSH010000419.1	1	2206	101	2074	94.0163	6.86763	39.3	0
JCBQSH010000420.1	1	2206	83	1888	85.5848	5.01632	38.5	2
JCBQSH010000421.1	1	2205	105	2030	92.0635	6.95918	39	0
JCBQSH010000422.1	1	2203	145	2131	96.7317	9.65547	39	0
JCBQSH010000423.1	1	2200	3705	2195	99.7727	240.215	38.7	54.2
JCBQSH010000424.1	1	2199	125	2075	94.3611	8.00273	37.9	0.92
JCBQSH010000425.1	1	2186	90	1740	79.5974	4.46295	37.1	0
JCBQSH010000426.1	1	2186	579	2184	99.9085	39.0503	38.2	0.166
JCBQSH010000427.1	1	2185	97	1861	85.1716	5.97437	38.8	2.54
JCBQSH010000428.1	1	2149	129	1996	92.8804	8.74174	38.4	0
JCBQSH010000429.1	1	2144	947	2126	99.1604	64.8811	38.7	0
JCBQSH010000430.1	1	2132	1435	2071	97.1388	98.4306	38.6	6.37
JCBQSH010000431.1	1	2127	113	2085	98.0254	7.71556	39	0.0708
JCBQSH010000432.1	1	2123	546	2093	98.5869	37.9821	38.4	0
JCBQSH010000433.1	1	2116	31	1435	67.8166	1.45888	33.4	0
JCBQSH010000434.1	1	2111	111	1771	83.8939	7.27617	38.5	0.342
JCBQSH010000435.1	1	2108	589	2106	99.9051	41.2547	38.2	0.211
JCBQSH010000436.1	1	2099	286	2020	96.2363	19.7513	38	0.0699
JCBQSH010000437.1	1	2099	464	2049	97.6179	31.99	38.2	0
JCBQSH010000438.1	1	2096	61	1572	75	3.04437	37.7	0
JCBQSH010000439.1	1	2094	426	2076	99.1404	30.0783	38.6	0
JCBQSH010000440.1	1	2093	209	2067	98.7578	14.8729	38.4	0
JCBQSH010000441.1	1	2092	116	1984	94.8375	8.10612	38.7	0
JCBQSH010000442.1	1	2089	84	1939	92.8195	4.60268	38.3	0
JCBQSH010000443.1	1	2072	29	1587	76.5927	1.89093	35.4	0
JCBQSH010000444.1	1	2053	187	2043	99.5129	12.8724	39	3.43
JCBQSH010000445.1	1	2052	235	1991	97.0273	16.3816	37.6	0.911
JCBQSH010000446.1	1	2041	23	938	45.9579	0.901519	34.5	2.65
JCBQSH010000447.1	1	2032	691	2006	98.7205	48.5851	38.5	0.724
JCBQSH010000448.1	1	2027	1000	2020	99.6547	72.1248	38.4	15.5
JCBQSH010000449.1	1	2027	96	1881	92.7972	6.83473	39	0
JCBQSH010000450.1	1	2015	101	1998	99.1563	7.28883	39.1	0
JCBQSH010000451.1	1	2014	18	936	46.4747	0.967726	38.1	0
JCBQSH010000452.1	1	2013	8	575	28.5643	0.41232	37.9	0
JCBQSH010000453.1	1	2011	47	1533	76.2307	2.15167	36.4	0.894
JCBQSH010000454.1	1	2011	105	1746	86.8225	7.47041	38.1	1.73
JCBQSH010000455.1	1	2009	176	1995	99.3031	12.1065	38.2	0
JCBQSH010000456.1	1	2001	323	1912	95.5522	23.5142	38	1.03
JCBQSH010000457.1	1	1992	571	1984	99.5984	42.114	38.6	0
JCBQSH010000458.1	1	1992	787	1990	99.8996	57.498	38.7	4.66
JCBQSH010000459.1	1	1986	553	1983	99.8489	40.9884	38	0
JCBQSH010000460.1	1	1983	405	1969	99.294	29.9289	38.2	0
JCBQSH010000461.1	1	1969	95	1855	94.2103	6.26765	38.4	0.0316
JCBQSH010000462.1	1	1964	583	1951	99.3381	44.083	38.8	0
JCBQSH010000463.1	1	1962	56	1314	66.9725	3.27625	38	0
JCBQSH010000464.1	1	1961	533	1957	99.796	39.7093	38	0.045
JCBQSH010000465.1	1	1961	1288	1926	98.2152	95.7002	38.5	0
JCBQSH010000466.1	1	1933	141	1737	89.8603	8.73616	38	0.0284
JCBQSH010000467.1	1	1928	139	1850	95.9544	10.2168	38.6	0
JCBQSH010000468.1	1	1911	670	1860	97.3312	49.574	38.4	0.0806
JCBQSH010000469.1	1	1909	287	1835	96.1236	22.2347	38.3	2.48
JCBQSH010000470.1	1	1900	28	923	48.5789	1.45105	36.8	0
JCBQSH010000471.1	1	1892	540	1746	92.2833	41.1443	37.9	2.2
JCBQSH010000472.1	1	1888	571	1866	98.8347	44.3633	37.9	0
JCBQSH010000473.1	1	1887	621	1864	98.7811	48.5506	38.4	0
JCBQSH010000474.1	1	1880	7460	1880	100	587.511	38.9	29.1
JCBQSH010000475.1	1	1871	55	1652	88.295	4.10208	38.5	0
JCBQSH010000476.1	1	1871	3208	1870	99.9466	252.963	38.6	16.5
JCBQSH010000477.1	1	1867	424	1812	97.0541	33.2758	38.1	4.63
JCBQSH010000478.1	1	1864	161	1794	96.2446	12.6234	37.8	1.22
JCBQSH010000479.1	1	1861	766	1837	98.7104	60.619	38.3	0
JCBQSH010000480.1	1	1854	311	1820	98.1661	24.6348	37.9	4.67
JCBQSH010000481.1	1	1834	96	1786	97.3828	7.75191	39.1	0
JCBQSH010000482.1	1	1817	303	1811	99.6698	22.3423	38.5	5.05
JCBQSH010000483.1	1	1813	169	1563	86.2107	10.7623	37.2	0.379
JCBQSH010000484.1	1	1806	134	1725	95.515	10.6107	37.8	0.358
JCBQSH010000485.1	1	1806	442	1789	99.0587	35.4618	38.7	0
JCBQSH010000486.1	1	1792	202	1693	94.4754	16.6507	38	0
JCBQSH010000487.1	1	1784	193	1735	97.2534	16.0987	39	1.18
JCBQSH010000488.1	1	1782	144	1717	96.3524	11.8979	38.4	0.75
JCBQSH010000489.1	1	1780	487	1660	93.2584	40.2242	38.9	0
JCBQSH010000490.1	1	1764	56	1604	90.9297	4.43027	38.8	0.286
JCBQSH010000491.1	1	1763	482	1754	99.4895	40.1339	38	0
JCBQSH010000492.1	1	1762	23	1487	84.3927	1.70715	36.7	4.87
JCBQSH010000493.1	1	1759	29	711	40.4207	1.19045	36.2	0
JCBQSH010000494.1	1	1740	454	1726	99.1954	38.5333	38.3	0
JCBQSH010000495.1	1	1723	469	1610	93.4417	40.0696	38.8	0
JCBQSH010000496.1	1	1723	126	1478	85.7806	7.27626	36.8	1.37
JCBQSH010000497.1	1	1722	508	1717	99.7096	42.9954	37.9	0.752
JCBQSH010000498.1	1	1719	486	1702	99.0111	41.7755	38	0
JCBQSH010000499.1	1	1707	429	1695	99.297	37.2033	38.3	0
JCBQSH010000500.1	1	1698	530	1693	99.7055	45.1107	38.5	0.547
JCBQSH010000501.1	1	1681	105	1606	95.5384	9.20999	39.4	0
JCBQSH010000502.1	1	1670	383	1523	91.1976	33.7575	38.9	14.9
JCBQSH010000503.1	1	1668	196	1665	99.8201	17.1169	38.5	0.0816
JCBQSH010000504.1	1	1632	609	1597	97.8554	55.5919	38.6	0
JCBQSH010000505.1	1	1658	974	1658	100	86.0199	38.8	0.0329
JCBQSH010000506.1	1	1651	25	793	48.0315	1.14779	36.9	0
JCBQSH010000507.1	1	1634	630	1616	98.8984	55.3378	38.5	0
JCBQSH010000508.1	1	1611	430	1574	97.7033	39.1335	38.7	0
JCBQSH010000509.1	1	1607	827	1576	98.0709	75.7243	38.9	0
JCBQSH010000510.1	1	1601	110	1598	99.8126	10.2542	37.9	1.44
JCBQSH010000511.1	1	1590	484	1574	98.9937	44.7925	38.3	0.335
JCBQSH010000512.1	1	1543	586	1525	98.8334	54.2333	38.6	0
JCBQSH010000513.1	1	1515	420	1511	99.736	40.9096	38.5	0
JCBQSH010000514.1	1	1473	227	1296	87.9837	22.535	38.4	0.106
JCBQSH010000515.1	1	1437	133	1431	99.5825	13.3751	38.7	0.0301
JCBQSH010000516.1	1	1320	56	1222	92.5758	5.05379	38.8	0
JCBQSH010000517.1	1	1306	52	1164	89.1271	4.39587	34.9	0
