72495635	0	total (QC-passed reads + QC-failed reads)
68936782	0	primary
0	0	secondary
3558853	0	supplementary
15116247	0	duplicates
15116247	0	primary duplicates
71468617	0	mapped
98.58%	N/A	mapped %
67909764	0	primary mapped
98.51%	N/A	primary mapped %
68936782	0	paired in sequencing
34468391	0	read1
34468391	0	read2
58080358	0	properly paired
84.25%	N/A	properly paired %
67419652	0	with itself and mate mapped
490112	0	singletons
0.71%	N/A	singletons %
7452198	0	with mate mapped to a different chr
2756747	0	with mate mapped to a different chr (mapQ>=5)
