40786602_0|COMPLETED|01:03:43|
40786602_10|COMPLETED|01:00:34|
40786602_11|COMPLETED|01:04:41|
40786602_12|COMPLETED|01:06:02|
40786602_13|COMPLETED|01:11:52|
40786602_14|COMPLETED|00:41:12|
40786602_15|COMPLETED|01:08:48|
40786602_16|COMPLETED|01:11:08|
40786602_17|COMPLETED|01:06:59|
40786602_18|COMPLETED|00:59:32|
40786602_19|COMPLETED|00:12:08|
40786602_1|COMPLETED|01:03:06|
40786602_20|COMPLETED|01:01:25|
40786602_21|COMPLETED|01:08:14|
40786602_22|COMPLETED|01:01:31|
40786602_23|COMPLETED|01:17:07|
40786602_24|COMPLETED|00:01:00|
40786602_25|COMPLETED|01:01:04|
40786602_26|COMPLETED|01:06:01|
40786602_27|COMPLETED|00:58:00|
40786602_28|COMPLETED|00:39:12|
40786602_29|COMPLETED|00:58:21|
40786602_2|COMPLETED|01:06:17|
40786602_30|COMPLETED|01:02:46|
40786602_31|COMPLETED|01:04:56|
40786602_32|COMPLETED|00:41:21|
40786602_33|COMPLETED|00:47:59|
40786602_34|COMPLETED|01:01:37|
40786602_35|COMPLETED|00:56:57|
40786602_36|COMPLETED|00:39:36|
40786602_37|COMPLETED|00:56:17|
40786602_38|COMPLETED|01:37:48|
40786602_39|COMPLETED|01:39:44|
40786602_3|COMPLETED|01:30:05|
40786602_40|COMPLETED|00:17:10|
40786602_41|COMPLETED|00:49:01|
40786602_42|COMPLETED|01:03:14|
40786602_43|COMPLETED|00:28:43|
40786602_4|COMPLETED|00:49:34|
40786602_5|COMPLETED|01:30:38|
40786602_6|COMPLETED|01:01:48|
40786602_7|COMPLETED|01:07:00|
40786602_8|COMPLETED|01:03:53|
40786602_9|COMPLETED|00:45:57|
