40795505_0|COMPLETED|01:06:32|
40795505_100|COMPLETED|01:09:39|
40795505_101|COMPLETED|01:11:46|
40795505_102|COMPLETED|01:13:03|
40795505_103|COMPLETED|01:13:07|
40795505_104|COMPLETED|01:05:57|
40795505_10|COMPLETED|01:07:23|
40795505_11|COMPLETED|01:09:32|
40795505_12|COMPLETED|01:03:32|
40795505_13|COMPLETED|01:07:15|
40795505_14|COMPLETED|01:06:47|
40795505_15|COMPLETED|00:49:10|
40795505_16|COMPLETED|00:52:37|
40795505_17|COMPLETED|01:02:03|
40795505_18|COMPLETED|01:01:40|
40795505_19|COMPLETED|01:05:42|
40795505_1|COMPLETED|01:10:51|
40795505_20|COMPLETED|01:06:40|
40795505_21|COMPLETED|01:08:46|
40795505_22|COMPLETED|01:04:24|
40795505_23|COMPLETED|01:06:09|
40795505_24|COMPLETED|01:08:17|
40795505_25|COMPLETED|01:02:08|
40795505_26|COMPLETED|01:07:21|
40795505_27|COMPLETED|00:59:45|
40795505_28|COMPLETED|00:53:34|
40795505_29|COMPLETED|01:08:49|
40795505_2|COMPLETED|00:50:09|
40795505_30|COMPLETED|01:11:46|
40795505_31|COMPLETED|01:18:34|
40795505_32|COMPLETED|01:25:17|
40795505_33|COMPLETED|01:14:30|
40795505_34|COMPLETED|01:20:42|
40795505_35|COMPLETED|01:14:53|
40795505_36|COMPLETED|01:14:49|
40795505_37|COMPLETED|01:11:47|
40795505_38|COMPLETED|01:13:02|
40795505_39|COMPLETED|00:40:03|
40795505_3|COMPLETED|00:54:29|
40795505_40|COMPLETED|00:50:24|
40795505_41|COMPLETED|00:50:46|
40795505_42|COMPLETED|01:05:49|
40795505_43|COMPLETED|00:53:51|
40795505_44|COMPLETED|00:55:49|
40795505_45|COMPLETED|00:58:29|
40795505_46|COMPLETED|00:56:27|
40795505_47|COMPLETED|01:00:28|
40795505_48|COMPLETED|00:46:17|
40795505_49|COMPLETED|00:54:02|
40795505_4|COMPLETED|01:11:29|
40795505_50|COMPLETED|00:57:25|
40795505_51|COMPLETED|00:50:05|
40795505_52|COMPLETED|00:54:52|
40795505_53|COMPLETED|00:56:16|
40795505_54|COMPLETED|00:54:41|
40795505_55|COMPLETED|00:56:19|
40795505_56|COMPLETED|00:53:43|
40795505_57|COMPLETED|01:06:43|
40795505_58|COMPLETED|00:49:44|
40795505_59|COMPLETED|00:58:38|
40795505_5|COMPLETED|01:07:24|
40795505_60|COMPLETED|01:04:36|
40795505_61|COMPLETED|01:19:41|
40795505_62|COMPLETED|01:24:27|
40795505_63|COMPLETED|01:10:45|
40795505_64|COMPLETED|01:11:21|
40795505_65|COMPLETED|01:16:49|
40795505_66|COMPLETED|01:09:56|
40795505_67|COMPLETED|01:03:07|
40795505_68|COMPLETED|01:05:40|
40795505_69|COMPLETED|01:09:39|
40795505_6|COMPLETED|01:08:39|
40795505_70|COMPLETED|01:14:58|
40795505_71|COMPLETED|01:09:34|
40795505_72|COMPLETED|01:08:31|
40795505_73|COMPLETED|01:09:30|
40795505_74|COMPLETED|01:12:25|
40795505_75|COMPLETED|01:12:15|
40795505_76|COMPLETED|01:05:39|
40795505_77|COMPLETED|01:28:49|
40795505_78|COMPLETED|01:14:58|
40795505_79|COMPLETED|01:14:59|
40795505_7|COMPLETED|01:07:49|
40795505_80|COMPLETED|01:15:46|
40795505_81|COMPLETED|01:18:03|
40795505_82|COMPLETED|01:19:50|
40795505_83|COMPLETED|01:22:50|
40795505_84|COMPLETED|01:17:10|
40795505_85|COMPLETED|01:15:34|
40795505_86|COMPLETED|01:14:26|
40795505_87|COMPLETED|01:16:00|
40795505_88|COMPLETED|01:08:21|
40795505_89|COMPLETED|01:11:32|
40795505_8|COMPLETED|01:10:25|
40795505_90|COMPLETED|01:17:33|
40795505_91|COMPLETED|01:15:40|
40795505_92|COMPLETED|01:14:49|
40795505_93|COMPLETED|01:07:47|
40795505_94|COMPLETED|01:12:08|
40795505_95|COMPLETED|02:11:45|
40795505_96|COMPLETED|01:12:57|
40795505_97|COMPLETED|01:10:21|
40795505_98|COMPLETED|01:11:18|
40795505_99|COMPLETED|01:13:38|
40795505_9|COMPLETED|01:08:08|
