CS18_22_Wild_plate1	Coos_Bay
CS18_22_Wild_plate1	Dogfish_Bay
CS18_22_Wild_plate1	FB18_Wild
CS18_22_Wild_plate1	Fidalgo_Bay
CS18_22_Wild_plate1	HC18_Triton_Wild
CS18_22_Wild_plate1	LS
CS18_22_Wild_plate1	MB
CS18_22_Wild_plate1	NS18_Disco_Wild
CS18_22_Wild_plate1	NS18_Sequim_Wild
CS18_22_Wild_plate1	Ostrich_Bay
CS18_22_Wild_plate1	PGB18_Wild
CS18_22_Wild_plate1	SS18_North_Bay_Wild
CS18_22_Wild_plate1	Squaxin_Island
CS18_22_Wild_plate1	WB
Coos_Bay	Dogfish_Bay
Coos_Bay	FB18_Wild
Coos_Bay	Fidalgo_Bay
Coos_Bay	HC18_Triton_Wild
Coos_Bay	LS
Coos_Bay	MB
Coos_Bay	NS18_Disco_Wild
Coos_Bay	NS18_Sequim_Wild
Coos_Bay	Ostrich_Bay
Coos_Bay	PGB18_Wild
Coos_Bay	SS18_North_Bay_Wild
Coos_Bay	Squaxin_Island
Coos_Bay	WB
Dogfish_Bay	FB18_Wild
Dogfish_Bay	Fidalgo_Bay
Dogfish_Bay	HC18_Triton_Wild
Dogfish_Bay	LS
Dogfish_Bay	MB
Dogfish_Bay	NS18_Disco_Wild
Dogfish_Bay	NS18_Sequim_Wild
Dogfish_Bay	Ostrich_Bay
Dogfish_Bay	PGB18_Wild
Dogfish_Bay	SS18_North_Bay_Wild
Dogfish_Bay	Squaxin_Island
Dogfish_Bay	WB
FB18_Wild	Fidalgo_Bay
FB18_Wild	HC18_Triton_Wild
FB18_Wild	LS
FB18_Wild	MB
FB18_Wild	NS18_Disco_Wild
FB18_Wild	NS18_Sequim_Wild
FB18_Wild	Ostrich_Bay
FB18_Wild	PGB18_Wild
FB18_Wild	SS18_North_Bay_Wild
FB18_Wild	Squaxin_Island
FB18_Wild	WB
Fidalgo_Bay	HC18_Triton_Wild
Fidalgo_Bay	LS
Fidalgo_Bay	MB
Fidalgo_Bay	NS18_Disco_Wild
Fidalgo_Bay	NS18_Sequim_Wild
Fidalgo_Bay	Ostrich_Bay
Fidalgo_Bay	PGB18_Wild
Fidalgo_Bay	SS18_North_Bay_Wild
Fidalgo_Bay	Squaxin_Island
Fidalgo_Bay	WB
HC18_Triton_Wild	LS
HC18_Triton_Wild	MB
HC18_Triton_Wild	NS18_Disco_Wild
HC18_Triton_Wild	NS18_Sequim_Wild
HC18_Triton_Wild	Ostrich_Bay
HC18_Triton_Wild	PGB18_Wild
HC18_Triton_Wild	SS18_North_Bay_Wild
HC18_Triton_Wild	Squaxin_Island
HC18_Triton_Wild	WB
LS	MB
LS	NS18_Disco_Wild
LS	NS18_Sequim_Wild
LS	Ostrich_Bay
LS	PGB18_Wild
LS	SS18_North_Bay_Wild
LS	Squaxin_Island
LS	WB
MB	NS18_Disco_Wild
MB	NS18_Sequim_Wild
MB	Ostrich_Bay
MB	PGB18_Wild
MB	SS18_North_Bay_Wild
MB	Squaxin_Island
MB	WB
NS18_Disco_Wild	NS18_Sequim_Wild
NS18_Disco_Wild	Ostrich_Bay
NS18_Disco_Wild	PGB18_Wild
NS18_Disco_Wild	SS18_North_Bay_Wild
NS18_Disco_Wild	Squaxin_Island
NS18_Disco_Wild	WB
NS18_Sequim_Wild	Ostrich_Bay
NS18_Sequim_Wild	PGB18_Wild
NS18_Sequim_Wild	SS18_North_Bay_Wild
NS18_Sequim_Wild	Squaxin_Island
NS18_Sequim_Wild	WB
Ostrich_Bay	PGB18_Wild
Ostrich_Bay	SS18_North_Bay_Wild
Ostrich_Bay	Squaxin_Island
Ostrich_Bay	WB
PGB18_Wild	SS18_North_Bay_Wild
PGB18_Wild	Squaxin_Island
PGB18_Wild	WB
SS18_North_Bay_Wild	Squaxin_Island
SS18_North_Bay_Wild	WB
Squaxin_Island	WB
