sample_id	location	bam	meandepth
CS18_22_Wild_plate1_A7	CS18_22_Wild_plate1	output/05_realign_xbOstLuri2/alignments/CS18_22_Wild_plate1_A7.sorted.bam	7.4736
CS18_22_Wild_plate1_C6	CS18_22_Wild_plate1	output/05_realign_xbOstLuri2/alignments/CS18_22_Wild_plate1_C6.sorted.bam	7.2289
CS18_22_Wild_plate1_D6	CS18_22_Wild_plate1	output/05_realign_xbOstLuri2/alignments/CS18_22_Wild_plate1_D6.sorted.bam	6.4105
CS18_22_Wild_plate1_E6	CS18_22_Wild_plate1	output/05_realign_xbOstLuri2/alignments/CS18_22_Wild_plate1_E6.sorted.bam	7.9014
CS18_22_Wild_plate1_F6	CS18_22_Wild_plate1	output/05_realign_xbOstLuri2/alignments/CS18_22_Wild_plate1_F6.sorted.bam	7.1128
CS18_22_Wild_plate1_G6	CS18_22_Wild_plate1	output/05_realign_xbOstLuri2/alignments/CS18_22_Wild_plate1_G6.sorted.bam	7.2108
CS18_22_Wild_plate1_H6	CS18_22_Wild_plate1	output/05_realign_xbOstLuri2/alignments/CS18_22_Wild_plate1_H6.sorted.bam	7.2645
Coos_Bay_10	Coos_Bay	output/05_realign_xbOstLuri2/alignments/Coos_Bay_10.sorted.bam	8.232
Coos_Bay_4	Coos_Bay	output/05_realign_xbOstLuri2/alignments/Coos_Bay_4.sorted.bam	7.4145
Coos_Bay_5	Coos_Bay	output/05_realign_xbOstLuri2/alignments/Coos_Bay_5.sorted.bam	7.6096
Coos_Bay_6	Coos_Bay	output/05_realign_xbOstLuri2/alignments/Coos_Bay_6.sorted.bam	7.6273
Coos_Bay_7	Coos_Bay	output/05_realign_xbOstLuri2/alignments/Coos_Bay_7.sorted.bam	4.9615
Coos_Bay_8	Coos_Bay	output/05_realign_xbOstLuri2/alignments/Coos_Bay_8.sorted.bam	6.4883
Coos_Bay_9	Coos_Bay	output/05_realign_xbOstLuri2/alignments/Coos_Bay_9.sorted.bam	7.323
Dogfish_Bay_10	Dogfish_Bay	output/05_realign_xbOstLuri2/alignments/Dogfish_Bay_10.sorted.bam	7.2261
Dogfish_Bay_11	Dogfish_Bay	output/05_realign_xbOstLuri2/alignments/Dogfish_Bay_11.sorted.bam	7.4107
Dogfish_Bay_12	Dogfish_Bay	output/05_realign_xbOstLuri2/alignments/Dogfish_Bay_12.sorted.bam	7.0521
Dogfish_Bay_13	Dogfish_Bay	output/05_realign_xbOstLuri2/alignments/Dogfish_Bay_13.sorted.bam	6.4593
Dogfish_Bay_14	Dogfish_Bay	output/05_realign_xbOstLuri2/alignments/Dogfish_Bay_14.sorted.bam	6.0647
Dogfish_Bay_7	Dogfish_Bay	output/05_realign_xbOstLuri2/alignments/Dogfish_Bay_7.sorted.bam	6.9931
Dogfish_Bay_8	Dogfish_Bay	output/05_realign_xbOstLuri2/alignments/Dogfish_Bay_8.sorted.bam	7.5854
Dogfish_Bay_9	Dogfish_Bay	output/05_realign_xbOstLuri2/alignments/Dogfish_Bay_9.sorted.bam	7.6714
FB18_Wild_10	FB18_Wild	output/05_realign_xbOstLuri2/alignments/FB18_Wild_10.sorted.bam	5.3886
FB18_Wild_11	FB18_Wild	output/05_realign_xbOstLuri2/alignments/FB18_Wild_11.sorted.bam	6.3978
FB18_Wild_12	FB18_Wild	output/05_realign_xbOstLuri2/alignments/FB18_Wild_12.sorted.bam	6.4382
FB18_Wild_8	FB18_Wild	output/05_realign_xbOstLuri2/alignments/FB18_Wild_8.sorted.bam	7.1287
FB18_Wild_9	FB18_Wild	output/05_realign_xbOstLuri2/alignments/FB18_Wild_9.sorted.bam	7.1146
Fidalgo_Bay_10	Fidalgo_Bay	output/05_realign_xbOstLuri2/alignments/Fidalgo_Bay_10.sorted.bam	7.4817
Fidalgo_Bay_11	Fidalgo_Bay	output/05_realign_xbOstLuri2/alignments/Fidalgo_Bay_11.sorted.bam	7.7542
Fidalgo_Bay_12	Fidalgo_Bay	output/05_realign_xbOstLuri2/alignments/Fidalgo_Bay_12.sorted.bam	6.422
Fidalgo_Bay_8	Fidalgo_Bay	output/05_realign_xbOstLuri2/alignments/Fidalgo_Bay_8.sorted.bam	7.3947
Fidalgo_Bay_9	Fidalgo_Bay	output/05_realign_xbOstLuri2/alignments/Fidalgo_Bay_9.sorted.bam	7.6587
HC18_Triton_Wild_11	HC18_Triton_Wild	output/05_realign_xbOstLuri2/alignments/HC18_Triton_Wild_11.sorted.bam	6.2394
HC18_Triton_Wild_12	HC18_Triton_Wild	output/05_realign_xbOstLuri2/alignments/HC18_Triton_Wild_12.sorted.bam	7.7166
HC18_Triton_Wild_15	HC18_Triton_Wild	output/05_realign_xbOstLuri2/alignments/HC18_Triton_Wild_15.sorted.bam	5.5068
HC18_Triton_Wild_16	HC18_Triton_Wild	output/05_realign_xbOstLuri2/alignments/HC18_Triton_Wild_16.sorted.bam	4.7388
HC18_Triton_Wild_7	HC18_Triton_Wild	output/05_realign_xbOstLuri2/alignments/HC18_Triton_Wild_7.sorted.bam	6.5514
HC18_Triton_Wild_8	HC18_Triton_Wild	output/05_realign_xbOstLuri2/alignments/HC18_Triton_Wild_8.sorted.bam	7.5426
HC18_Triton_Wild_9	HC18_Triton_Wild	output/05_realign_xbOstLuri2/alignments/HC18_Triton_Wild_9.sorted.bam	6.6869
LS_10a	LS	output/05_realign_xbOstLuri2/alignments/LS_10a.sorted.bam	7.1417
LS_11a	LS	output/05_realign_xbOstLuri2/alignments/LS_11a.sorted.bam	7.9909
LS_12a	LS	output/05_realign_xbOstLuri2/alignments/LS_12a.sorted.bam	8.172
LS_13a	LS	output/05_realign_xbOstLuri2/alignments/LS_13a.sorted.bam	5.6741
LS_14a	LS	output/05_realign_xbOstLuri2/alignments/LS_14a.sorted.bam	7.5723
LS_8a	LS	output/05_realign_xbOstLuri2/alignments/LS_8a.sorted.bam	6.8327
LS_9a	LS	output/05_realign_xbOstLuri2/alignments/LS_9a.sorted.bam	7.1157
MB_11a	MB	output/05_realign_xbOstLuri2/alignments/MB_11a.sorted.bam	7.0789
MB_12a	MB	output/05_realign_xbOstLuri2/alignments/MB_12a.sorted.bam	6.9111
MB_13a	MB	output/05_realign_xbOstLuri2/alignments/MB_13a.sorted.bam	7.2519
MB_14a	MB	output/05_realign_xbOstLuri2/alignments/MB_14a.sorted.bam	6.0148
MB_1a	MB	output/05_realign_xbOstLuri2/alignments/MB_1a.sorted.bam	6.1661
MB_2a	MB	output/05_realign_xbOstLuri2/alignments/MB_2a.sorted.bam	7.1026
MB_3a	MB	output/05_realign_xbOstLuri2/alignments/MB_3a.sorted.bam	6.7118
MB_4a	MB	output/05_realign_xbOstLuri2/alignments/MB_4a.sorted.bam	7.5594
NS18_Disco_Wild_10	NS18_Disco_Wild	output/05_realign_xbOstLuri2/alignments/NS18_Disco_Wild_10.sorted.bam	6.6419
NS18_Disco_Wild_11	NS18_Disco_Wild	output/05_realign_xbOstLuri2/alignments/NS18_Disco_Wild_11.sorted.bam	6.4689
NS18_Disco_Wild_12	NS18_Disco_Wild	output/05_realign_xbOstLuri2/alignments/NS18_Disco_Wild_12.sorted.bam	7.7167
NS18_Disco_Wild_13	NS18_Disco_Wild	output/05_realign_xbOstLuri2/alignments/NS18_Disco_Wild_13.sorted.bam	6.9272
NS18_Disco_Wild_14	NS18_Disco_Wild	output/05_realign_xbOstLuri2/alignments/NS18_Disco_Wild_14.sorted.bam	5.2913
NS18_Disco_Wild_15	NS18_Disco_Wild	output/05_realign_xbOstLuri2/alignments/NS18_Disco_Wild_15.sorted.bam	7.2384
NS18_Disco_Wild_8	NS18_Disco_Wild	output/05_realign_xbOstLuri2/alignments/NS18_Disco_Wild_8.sorted.bam	7.3901
NS18_Disco_Wild_9	NS18_Disco_Wild	output/05_realign_xbOstLuri2/alignments/NS18_Disco_Wild_9.sorted.bam	7.1257
NS18_Sequim_Wild_4	NS18_Sequim_Wild	output/05_realign_xbOstLuri2/alignments/NS18_Sequim_Wild_4.sorted.bam	7.0887
NS18_Sequim_Wild_5	NS18_Sequim_Wild	output/05_realign_xbOstLuri2/alignments/NS18_Sequim_Wild_5.sorted.bam	6.2801
NS18_Sequim_Wild_55	NS18_Sequim_Wild	output/05_realign_xbOstLuri2/alignments/NS18_Sequim_Wild_55.sorted.bam	6.7627
NS18_Sequim_Wild_56	NS18_Sequim_Wild	output/05_realign_xbOstLuri2/alignments/NS18_Sequim_Wild_56.sorted.bam	6.2119
NS18_Sequim_Wild_57	NS18_Sequim_Wild	output/05_realign_xbOstLuri2/alignments/NS18_Sequim_Wild_57.sorted.bam	7.2387
NS18_Sequim_Wild_58	NS18_Sequim_Wild	output/05_realign_xbOstLuri2/alignments/NS18_Sequim_Wild_58.sorted.bam	5.9852
NS18_Sequim_Wild_6	NS18_Sequim_Wild	output/05_realign_xbOstLuri2/alignments/NS18_Sequim_Wild_6.sorted.bam	7.2718
NS18_Sequim_Wild_7	NS18_Sequim_Wild	output/05_realign_xbOstLuri2/alignments/NS18_Sequim_Wild_7.sorted.bam	6.4442
Ostrich_Bay_10	Ostrich_Bay	output/05_realign_xbOstLuri2/alignments/Ostrich_Bay_10.sorted.bam	7.1746
Ostrich_Bay_11	Ostrich_Bay	output/05_realign_xbOstLuri2/alignments/Ostrich_Bay_11.sorted.bam	7.6348
Ostrich_Bay_12	Ostrich_Bay	output/05_realign_xbOstLuri2/alignments/Ostrich_Bay_12.sorted.bam	7.9003
Ostrich_Bay_13	Ostrich_Bay	output/05_realign_xbOstLuri2/alignments/Ostrich_Bay_13.sorted.bam	7.7428
Ostrich_Bay_14	Ostrich_Bay	output/05_realign_xbOstLuri2/alignments/Ostrich_Bay_14.sorted.bam	7.7034
Ostrich_Bay_7	Ostrich_Bay	output/05_realign_xbOstLuri2/alignments/Ostrich_Bay_7.sorted.bam	6.9187
Ostrich_Bay_8	Ostrich_Bay	output/05_realign_xbOstLuri2/alignments/Ostrich_Bay_8.sorted.bam	7.5584
Ostrich_Bay_9	Ostrich_Bay	output/05_realign_xbOstLuri2/alignments/Ostrich_Bay_9.sorted.bam	7.5879
PGB18_Wild_10	PGB18_Wild	output/05_realign_xbOstLuri2/alignments/PGB18_Wild_10.sorted.bam	6.8502
PGB18_Wild_11	PGB18_Wild	output/05_realign_xbOstLuri2/alignments/PGB18_Wild_11.sorted.bam	6.5807
PGB18_Wild_12	PGB18_Wild	output/05_realign_xbOstLuri2/alignments/PGB18_Wild_12.sorted.bam	7.4428
PGB18_Wild_13	PGB18_Wild	output/05_realign_xbOstLuri2/alignments/PGB18_Wild_13.sorted.bam	7.2653
PGB18_Wild_14	PGB18_Wild	output/05_realign_xbOstLuri2/alignments/PGB18_Wild_14.sorted.bam	7.2308
PGB18_Wild_15	PGB18_Wild	output/05_realign_xbOstLuri2/alignments/PGB18_Wild_15.sorted.bam	7.152
PGB18_Wild_8	PGB18_Wild	output/05_realign_xbOstLuri2/alignments/PGB18_Wild_8.sorted.bam	6.5283
PGB18_Wild_9	PGB18_Wild	output/05_realign_xbOstLuri2/alignments/PGB18_Wild_9.sorted.bam	6.2951
SS18_North_Bay_Wild_11	SS18_North_Bay_Wild	output/05_realign_xbOstLuri2/alignments/SS18_North_Bay_Wild_11.sorted.bam	6.9946
SS18_North_Bay_Wild_13	SS18_North_Bay_Wild	output/05_realign_xbOstLuri2/alignments/SS18_North_Bay_Wild_13.sorted.bam	6.5286
SS18_North_Bay_Wild_14	SS18_North_Bay_Wild	output/05_realign_xbOstLuri2/alignments/SS18_North_Bay_Wild_14.sorted.bam	7.2199
SS18_North_Bay_Wild_15	SS18_North_Bay_Wild	output/05_realign_xbOstLuri2/alignments/SS18_North_Bay_Wild_15.sorted.bam	7.5381
SS18_North_Bay_Wild_16	SS18_North_Bay_Wild	output/05_realign_xbOstLuri2/alignments/SS18_North_Bay_Wild_16.sorted.bam	7.4386
SS18_North_Bay_Wild_17	SS18_North_Bay_Wild	output/05_realign_xbOstLuri2/alignments/SS18_North_Bay_Wild_17.sorted.bam	7.7927
SS18_North_Bay_Wild_18	SS18_North_Bay_Wild	output/05_realign_xbOstLuri2/alignments/SS18_North_Bay_Wild_18.sorted.bam	6.6814
SS18_North_Bay_Wild_19	SS18_North_Bay_Wild	output/05_realign_xbOstLuri2/alignments/SS18_North_Bay_Wild_19.sorted.bam	6.8795
Squaxin_Island_10a	Squaxin_Island	output/05_realign_xbOstLuri2/alignments/Squaxin_Island_10a.sorted.bam	7.7418
Squaxin_Island_11a	Squaxin_Island	output/05_realign_xbOstLuri2/alignments/Squaxin_Island_11a.sorted.bam	6.9436
Squaxin_Island_12a	Squaxin_Island	output/05_realign_xbOstLuri2/alignments/Squaxin_Island_12a.sorted.bam	8.3628
Squaxin_Island_6a	Squaxin_Island	output/05_realign_xbOstLuri2/alignments/Squaxin_Island_6a.sorted.bam	7.0615
Squaxin_Island_7a	Squaxin_Island	output/05_realign_xbOstLuri2/alignments/Squaxin_Island_7a.sorted.bam	7.54
Squaxin_Island_8a	Squaxin_Island	output/05_realign_xbOstLuri2/alignments/Squaxin_Island_8a.sorted.bam	7.6014
Squaxin_Island_9a	Squaxin_Island	output/05_realign_xbOstLuri2/alignments/Squaxin_Island_9a.sorted.bam	8.0801
WB_11a	WB	output/05_realign_xbOstLuri2/alignments/WB_11a.sorted.bam	7.6369
WB_12a	WB	output/05_realign_xbOstLuri2/alignments/WB_12a.sorted.bam	6.9507
WB_13a	WB	output/05_realign_xbOstLuri2/alignments/WB_13a.sorted.bam	7.7187
WB_14a	WB	output/05_realign_xbOstLuri2/alignments/WB_14a.sorted.bam	7.3221
WB_15a	WB	output/05_realign_xbOstLuri2/alignments/WB_15a.sorted.bam	7.3509
WB_16a	WB	output/05_realign_xbOstLuri2/alignments/WB_16a.sorted.bam	7.6327
WB_17a	WB	output/05_realign_xbOstLuri2/alignments/WB_17a.sorted.bam	6.7336
WB_18a	WB	output/05_realign_xbOstLuri2/alignments/WB_18a.sorted.bam	7.0601
