location	putative_site	network	station_id	station_name	station_type	owner	lat	lon	distance_km
CS18_22_Wild_plate1	Central Sound wild collection, 2018 (Clam Bay / Manchester vicinity)	NOAA CO-OPS	9445958	Bremerton	meteorology,water_level	NOAA CO-OPS	47.5617	-122.623	5.99
CS18_22_Wild_plate1	Central Sound wild collection, 2018 (Clam Bay / Manchester vicinity)	NDBC	bmtw1	9445958 - Bremerton, WA	Water Level Observation Network	PT	47.562	-122.626	6.2
CS18_22_Wild_plate1	Central Sound wild collection, 2018 (Clam Bay / Manchester vicinity)	NDBC	wpow1	West Point, WA	C-MAN Station	N	47.662	-122.435	12.68
CS18_22_Wild_plate1	Central Sound wild collection, 2018 (Clam Bay / Manchester vicinity)	NOAA CO-OPS	9447130	Seattle	meteorology,water_level,water_temperature	NOAA CO-OPS	47.60264	-122.3393	15.78
CS18_22_Wild_plate1	Central Sound wild collection, 2018 (Clam Bay / Manchester vicinity)	NDBC	ebsw1	9447130 - Seattle, WA	Water Level Observation Network	O	47.602	-122.338	15.86
CS18_22_Wild_plate1	Central Sound wild collection, 2018 (Clam Bay / Manchester vicinity)	NDBC	46113	Poulsbo Buoy	Buoy	IN	47.73	-122.646	18.69
CS18_22_Wild_plate1	Central Sound wild collection, 2018 (Clam Bay / Manchester vicinity)	NDBC	46120	Pt Wells, WA (U of Wash)	Buoy	WA	47.761	-122.397	23.4
CS18_22_Wild_plate1	Central Sound wild collection, 2018 (Clam Bay / Manchester vicinity)	NANOOS/UW ORCA	ORCA_PointWells	Point Wells, central Puget Sound	moored buoy (CTD, oxygen, chlorophyll, met)	University of Washington	47.761	-122.397	23.4
CS18_22_Wild_plate1	Central Sound wild collection, 2018 (Clam Bay / Manchester vicinity)	NANOOS/UW ORCA	ORCA_DabobBay	Dabob Bay, Hood Canal	moored buoy (CTD, oxygen, chlorophyll, met)	University of Washington	47.803	-122.803	31.74
CS18_22_Wild_plate1	Central Sound wild collection, 2018 (Clam Bay / Manchester vicinity)	NOAA CO-OPS	9446482	Tacoma MET	meteorology	NOAA CO-OPS	47.275833	-122.41778	34.74
CS18_22_Wild_plate1	Central Sound wild collection, 2018 (Clam Bay / Manchester vicinity)	NANOOS/UW ORCA	ORCA_CarrInlet	Carr Inlet, southern Puget Sound	moored buoy (CTD, oxygen, chlorophyll, met)	University of Washington	47.28	-122.73	35.71
CS18_22_Wild_plate1	Central Sound wild collection, 2018 (Clam Bay / Manchester vicinity)	NOAA CO-OPS	9446484	Tacoma	meteorology,water_level,water_temperature	NOAA CO-OPS	47.2667	-122.4133	35.81
CS18_22_Wild_plate1	Central Sound wild collection, 2018 (Clam Bay / Manchester vicinity)	NANOOS/UW ORCA	ORCA_Hansville	Hansville, northern Puget Sound	moored buoy (CTD, oxygen, chlorophyll, met)	University of Washington	47.907	-122.627	37.3
CS18_22_Wild_plate1	Central Sound wild collection, 2018 (Clam Bay / Manchester vicinity)	NANOOS/UW ORCA	ORCA_Twanoh	Twanoh, southern Hood Canal	moored buoy (CTD, oxygen, chlorophyll, met)	University of Washington	47.375	-123.008	41.29
CS18_22_Wild_plate1	Central Sound wild collection, 2018 (Clam Bay / Manchester vicinity)	NANOOS/UW ORCA	ORCA_Hoodsport	Hoodsport, Hood Canal	moored buoy (CTD, oxygen, chlorophyll, met)	University of Washington	47.425	-123.113	45.78
CS18_22_Wild_plate1	Central Sound wild collection, 2018 (Clam Bay / Manchester vicinity)	NOAA CO-OPS	9444900	Port Townsend	meteorology,water_level,water_temperature	NOAA CO-OPS	48.11122	-122.759674	61.61
Coos_Bay	Coos Bay, Oregon	NOAA CO-OPS	9432780	Charleston	meteorology,water_level,water_temperature	NOAA CO-OPS	43.345	-124.322	0.4
Coos_Bay	Coos Bay, Oregon	NDBC	cwqo3	Charleston Bridge, South Slough Reserve, OR	NERRS Water Quality Station	NR	43.338	-124.321	0.84
Coos_Bay	Coos Bay, Oregon	NDBC	chno3	South Slough Reserve, OR	NERRS Weather Station	NR	43.345	-124.329	0.97
Coos_Bay	Coos Bay, Oregon	NDBC	chao3	9432780 - Charleston, OR	Water Level Observation Network	O	43.351	-124.337	1.75
Coos_Bay	Coos Bay, Oregon	NDBC	soqo3	Valino Island, South Slough Reserve, OR	NERRS Water Quality Station	NR	43.317	-124.322	3.14
Coos_Bay	Coos Bay, Oregon	NDBC	caro3	Cape Arago, OR	C-MAN Station	N	43.342	-124.375	4.7
Coos_Bay	Coos Bay, Oregon	NOAA CO-OPS	9431647	Port Orford	meteorology,water_level,water_temperature	NOAA CO-OPS	42.739	-124.4983	68.98
Dogfish_Bay	Dogfish Bay, Liberty Bay vicinity, Kitsap Peninsula	NDBC	46113	Poulsbo Buoy	Buoy	IN	47.73	-122.646	3.97
Dogfish_Bay	Dogfish Bay, Liberty Bay vicinity, Kitsap Peninsula	NDBC	bmtw1	9445958 - Bremerton, WA	Water Level Observation Network	PT	47.562	-122.626	14.9
Dogfish_Bay	Dogfish Bay, Liberty Bay vicinity, Kitsap Peninsula	NOAA CO-OPS	9445958	Bremerton	meteorology,water_level	NOAA CO-OPS	47.5617	-122.623	14.94
Dogfish_Bay	Dogfish Bay, Liberty Bay vicinity, Kitsap Peninsula	NDBC	wpow1	West Point, WA	C-MAN Station	N	47.662	-122.435	15.08
Dogfish_Bay	Dogfish Bay, Liberty Bay vicinity, Kitsap Peninsula	NDBC	46122	Dabob Bay, WA (U of Wash)	Buoy	WA	47.803	-122.803	17.57
Dogfish_Bay	Dogfish Bay, Liberty Bay vicinity, Kitsap Peninsula	NANOOS/UW ORCA	ORCA_DabobBay	Dabob Bay, Hood Canal	moored buoy (CTD, oxygen, chlorophyll, met)	University of Washington	47.803	-122.803	17.57
Dogfish_Bay	Dogfish Bay, Liberty Bay vicinity, Kitsap Peninsula	NDBC	46120	Pt Wells, WA (U of Wash)	Buoy	WA	47.761	-122.397	18.87
Dogfish_Bay	Dogfish Bay, Liberty Bay vicinity, Kitsap Peninsula	NANOOS/UW ORCA	ORCA_PointWells	Point Wells, central Puget Sound	moored buoy (CTD, oxygen, chlorophyll, met)	University of Washington	47.761	-122.397	18.87
Dogfish_Bay	Dogfish Bay, Liberty Bay vicinity, Kitsap Peninsula	NANOOS/UW ORCA	ORCA_Hansville	Hansville, northern Puget Sound	moored buoy (CTD, oxygen, chlorophyll, met)	University of Washington	47.907	-122.627	23.46
Dogfish_Bay	Dogfish Bay, Liberty Bay vicinity, Kitsap Peninsula	NOAA CO-OPS	9447130	Seattle	meteorology,water_level,water_temperature	NOAA CO-OPS	47.60264	-122.3393	24.12
Dogfish_Bay	Dogfish Bay, Liberty Bay vicinity, Kitsap Peninsula	NANOOS/UW ORCA	ORCA_Twanoh	Twanoh, southern Hood Canal	moored buoy (CTD, oxygen, chlorophyll, met)	University of Washington	47.375	-123.008	45.6
Dogfish_Bay	Dogfish Bay, Liberty Bay vicinity, Kitsap Peninsula	NANOOS/UW ORCA	ORCA_CarrInlet	Carr Inlet, southern Puget Sound	moored buoy (CTD, oxygen, chlorophyll, met)	University of Washington	47.28	-122.73	46.86
Dogfish_Bay	Dogfish Bay, Liberty Bay vicinity, Kitsap Peninsula	NANOOS/UW ORCA	ORCA_Hoodsport	Hoodsport, Hood Canal	moored buoy (CTD, oxygen, chlorophyll, met)	University of Washington	47.425	-123.113	47.13
Dogfish_Bay	Dogfish Bay, Liberty Bay vicinity, Kitsap Peninsula	NOAA CO-OPS	9444900	Port Townsend	meteorology,water_level,water_temperature	NOAA CO-OPS	48.11122	-122.759674	47.17
Dogfish_Bay	Dogfish Bay, Liberty Bay vicinity, Kitsap Peninsula	NOAA CO-OPS	9446482	Tacoma MET	meteorology	NOAA CO-OPS	47.275833	-122.41778	49.37
Dogfish_Bay	Dogfish Bay, Liberty Bay vicinity, Kitsap Peninsula	NOAA CO-OPS	9446484	Tacoma	meteorology,water_level,water_temperature	NOAA CO-OPS	47.2667	-122.4133	50.44
FB18_Wild	Fidalgo Bay wild collection, 2018, Anacortes	NDBC	bvqw1	Bayview Channel, Padilla Bay Reserve, WA	NERRS Water Quality Station	NR	48.496	-122.501	5.6
FB18_Wild	Fidalgo Bay wild collection, 2018, Anacortes	NDBC	pbjw1	Joe Leary Tidegate, Padilla Bay Reserve, WA	NERRS Water Quality Station	NR	48.518	-122.474	8.22
FB18_Wild	Fidalgo Bay wild collection, 2018, Anacortes	NDBC	pblw1	Ploeg Channel, Padilla Bay Reserve, WA	NERRS Water Quality Station	NR	48.556	-122.53	8.29
FB18_Wild	Fidalgo Bay wild collection, 2018, Anacortes	NDBC	pbfw1	Padilla Bay Farm, Padilla Bay Reserve, WA	NERRS Weather Station	NR	48.464	-122.469	8.33
FB18_Wild	Fidalgo Bay wild collection, 2018, Anacortes	NDBC	46118	Se'lhaem Bellingham Bay	Buoy	NA	48.724	-122.576	26.24
FB18_Wild	Fidalgo Bay wild collection, 2018, Anacortes	NOAA CO-OPS	9449880	Friday Harbor	meteorology,water_level,water_temperature	NOAA CO-OPS	48.545277	-123.0125	32.78
FB18_Wild	Fidalgo Bay wild collection, 2018, Anacortes	NOAA CO-OPS	9449419	Cherry Point South Dock	meteorology	NOAA CO-OPS	48.86	-122.757	43.45
FB18_Wild	Fidalgo Bay wild collection, 2018, Anacortes	NOAA CO-OPS	9449424	Cherry Point	meteorology,water_level,water_temperature	NOAA CO-OPS	48.862717	-122.75858	43.77
FB18_Wild	Fidalgo Bay wild collection, 2018, Anacortes	NOAA CO-OPS	9444900	Port Townsend	meteorology,water_level,water_temperature	NOAA CO-OPS	48.11122	-122.759674	44.04
FB18_Wild	Fidalgo Bay wild collection, 2018, Anacortes	NOAA CO-OPS	9449427	Cherry Point North Dock	meteorology	NOAA CO-OPS	48.864307	-122.76425	44.07
FB18_Wild	Fidalgo Bay wild collection, 2018, Anacortes	NANOOS/UW ORCA	ORCA_Hansville	Hansville, northern Puget Sound	moored buoy (CTD, oxygen, chlorophyll, met)	University of Washington	47.907	-122.627	64.71
Fidalgo_Bay	Fidalgo Bay, Anacortes	NDBC	bvqw1	Bayview Channel, Padilla Bay Reserve, WA	NERRS Water Quality Station	NR	48.496	-122.501	5.6
Fidalgo_Bay	Fidalgo Bay, Anacortes	NDBC	pbjw1	Joe Leary Tidegate, Padilla Bay Reserve, WA	NERRS Water Quality Station	NR	48.518	-122.474	8.22
Fidalgo_Bay	Fidalgo Bay, Anacortes	NDBC	pblw1	Ploeg Channel, Padilla Bay Reserve, WA	NERRS Water Quality Station	NR	48.556	-122.53	8.29
Fidalgo_Bay	Fidalgo Bay, Anacortes	NDBC	pbfw1	Padilla Bay Farm, Padilla Bay Reserve, WA	NERRS Weather Station	NR	48.464	-122.469	8.33
Fidalgo_Bay	Fidalgo Bay, Anacortes	NDBC	46118	Se'lhaem Bellingham Bay	Buoy	NA	48.724	-122.576	26.24
Fidalgo_Bay	Fidalgo Bay, Anacortes	NOAA CO-OPS	9449880	Friday Harbor	meteorology,water_level,water_temperature	NOAA CO-OPS	48.545277	-123.0125	32.78
Fidalgo_Bay	Fidalgo Bay, Anacortes	NOAA CO-OPS	9449419	Cherry Point South Dock	meteorology	NOAA CO-OPS	48.86	-122.757	43.45
Fidalgo_Bay	Fidalgo Bay, Anacortes	NOAA CO-OPS	9449424	Cherry Point	meteorology,water_level,water_temperature	NOAA CO-OPS	48.862717	-122.75858	43.77
Fidalgo_Bay	Fidalgo Bay, Anacortes	NOAA CO-OPS	9444900	Port Townsend	meteorology,water_level,water_temperature	NOAA CO-OPS	48.11122	-122.759674	44.04
Fidalgo_Bay	Fidalgo Bay, Anacortes	NOAA CO-OPS	9449427	Cherry Point North Dock	meteorology	NOAA CO-OPS	48.864307	-122.76425	44.07
Fidalgo_Bay	Fidalgo Bay, Anacortes	NANOOS/UW ORCA	ORCA_Hansville	Hansville, northern Puget Sound	moored buoy (CTD, oxygen, chlorophyll, met)	University of Washington	47.907	-122.627	64.71
HC18_Triton_Wild	Triton Cove, Hood Canal	NANOOS/UW ORCA	ORCA_Hoodsport	Hoodsport, Hood Canal	moored buoy (CTD, oxygen, chlorophyll, met)	University of Washington	47.425	-123.113	22.67
HC18_Triton_Wild	Triton Cove, Hood Canal	NDBC	46124	Hoodsport - Hood Canal, WA (U of Wash)	Buoy	WA	47.422	-123.113	22.97
HC18_Triton_Wild	Triton Cove, Hood Canal	NDBC	46122	Dabob Bay, WA (U of Wash)	Buoy	WA	47.803	-122.803	25.39
HC18_Triton_Wild	Triton Cove, Hood Canal	NANOOS/UW ORCA	ORCA_DabobBay	Dabob Bay, Hood Canal	moored buoy (CTD, oxygen, chlorophyll, met)	University of Washington	47.803	-122.803	25.39
HC18_Triton_Wild	Triton Cove, Hood Canal	NDBC	46123	Twanoh - Hood Canal, WA (U of Wash)	Buoy	WA	47.375	-123.008	25.9
HC18_Triton_Wild	Triton Cove, Hood Canal	NANOOS/UW ORCA	ORCA_Twanoh	Twanoh, southern Hood Canal	moored buoy (CTD, oxygen, chlorophyll, met)	University of Washington	47.375	-123.008	25.9
HC18_Triton_Wild	Triton Cove, Hood Canal	NDBC	bmtw1	9445958 - Bremerton, WA	Water Level Observation Network	PT	47.562	-122.626	26.8
HC18_Triton_Wild	Triton Cove, Hood Canal	NOAA CO-OPS	9445958	Bremerton	meteorology,water_level	NOAA CO-OPS	47.5617	-122.623	27.02
HC18_Triton_Wild	Triton Cove, Hood Canal	NDBC	46113	Poulsbo Buoy	Buoy	IN	47.73	-122.646	28.31
HC18_Triton_Wild	Triton Cove, Hood Canal	NANOOS/UW ORCA	ORCA_CarrInlet	Carr Inlet, southern Puget Sound	moored buoy (CTD, oxygen, chlorophyll, met)	University of Washington	47.28	-122.73	40.83
HC18_Triton_Wild	Triton Cove, Hood Canal	NANOOS/UW ORCA	ORCA_Hansville	Hansville, northern Puget Sound	moored buoy (CTD, oxygen, chlorophyll, met)	University of Washington	47.907	-122.627	42.39
HC18_Triton_Wild	Triton Cove, Hood Canal	NANOOS/UW ORCA	ORCA_PointWells	Point Wells, central Puget Sound	moored buoy (CTD, oxygen, chlorophyll, met)	University of Washington	47.761	-122.397	46.67
HC18_Triton_Wild	Triton Cove, Hood Canal	NOAA CO-OPS	9447130	Seattle	meteorology,water_level,water_temperature	NOAA CO-OPS	47.60264	-122.3393	47.81
HC18_Triton_Wild	Triton Cove, Hood Canal	NOAA CO-OPS	9446482	Tacoma MET	meteorology	NOAA CO-OPS	47.275833	-122.41778	55.9
HC18_Triton_Wild	Triton Cove, Hood Canal	NOAA CO-OPS	9446484	Tacoma	meteorology,water_level,water_temperature	NOAA CO-OPS	47.2667	-122.4133	56.83
HC18_Triton_Wild	Triton Cove, Hood Canal	NOAA CO-OPS	9444900	Port Townsend	meteorology,water_level,water_temperature	NOAA CO-OPS	48.11122	-122.759674	58.36
LS	Little Skookum Inlet, southern Puget Sound	NDBC	46123	Twanoh - Hood Canal, WA (U of Wash)	Buoy	WA	47.375	-123.008	23.96
LS	Little Skookum Inlet, southern Puget Sound	NANOOS/UW ORCA	ORCA_Twanoh	Twanoh, southern Hood Canal	moored buoy (CTD, oxygen, chlorophyll, met)	University of Washington	47.375	-123.008	23.96
LS	Little Skookum Inlet, southern Puget Sound	NDBC	46121	Carr Inlet, WA (U of Wash)	Buoy	WA	47.28	-122.73	26.29
LS	Little Skookum Inlet, southern Puget Sound	NANOOS/UW ORCA	ORCA_CarrInlet	Carr Inlet, southern Puget Sound	moored buoy (CTD, oxygen, chlorophyll, met)	University of Washington	47.28	-122.73	26.29
LS	Little Skookum Inlet, southern Puget Sound	NDBC	46124	Hoodsport - Hood Canal, WA (U of Wash)	Buoy	WA	47.422	-123.113	29.8
LS	Little Skookum Inlet, southern Puget Sound	NANOOS/UW ORCA	ORCA_Hoodsport	Hoodsport, Hood Canal	moored buoy (CTD, oxygen, chlorophyll, met)	University of Washington	47.425	-123.113	30.12
LS	Little Skookum Inlet, southern Puget Sound	NDBC	tcmw1	9446482 - Tacoma Met, WA	Water Level Observation Network	PT	47.276	-122.418	47.99
LS	Little Skookum Inlet, southern Puget Sound	NOAA CO-OPS	9446482	Tacoma MET	meteorology	NOAA CO-OPS	47.275833	-122.41778	48.0
LS	Little Skookum Inlet, southern Puget Sound	NOAA CO-OPS	9446484	Tacoma	meteorology,water_level,water_temperature	NOAA CO-OPS	47.2667	-122.4133	48.07
LS	Little Skookum Inlet, southern Puget Sound	NDBC	tcnw1	9446484 - Tacoma, WA	Water Level Observation Network	PT	47.267	-122.413	48.1
LS	Little Skookum Inlet, southern Puget Sound	NOAA CO-OPS	9445958	Bremerton	meteorology,water_level	NOAA CO-OPS	47.5617	-122.623	54.17
LS	Little Skookum Inlet, southern Puget Sound	NOAA CO-OPS	9447130	Seattle	meteorology,water_level,water_temperature	NOAA CO-OPS	47.60264	-122.3393	71.6
LS	Little Skookum Inlet, southern Puget Sound	NANOOS/UW ORCA	ORCA_DabobBay	Dabob Bay, Hood Canal	moored buoy (CTD, oxygen, chlorophyll, met)	University of Washington	47.803	-122.803	73.51
MB	Mud Bay, Eld Inlet, southern Puget Sound	NDBC	46121	Carr Inlet, WA (U of Wash)	Buoy	WA	47.28	-122.73	26.72
MB	Mud Bay, Eld Inlet, southern Puget Sound	NANOOS/UW ORCA	ORCA_CarrInlet	Carr Inlet, southern Puget Sound	moored buoy (CTD, oxygen, chlorophyll, met)	University of Washington	47.28	-122.73	26.72
MB	Mud Bay, Eld Inlet, southern Puget Sound	NDBC	46123	Twanoh - Hood Canal, WA (U of Wash)	Buoy	WA	47.375	-123.008	29.78
MB	Mud Bay, Eld Inlet, southern Puget Sound	NANOOS/UW ORCA	ORCA_Twanoh	Twanoh, southern Hood Canal	moored buoy (CTD, oxygen, chlorophyll, met)	University of Washington	47.375	-123.008	29.78
MB	Mud Bay, Eld Inlet, southern Puget Sound	NDBC	46124	Hoodsport - Hood Canal, WA (U of Wash)	Buoy	WA	47.422	-123.113	36.39
MB	Mud Bay, Eld Inlet, southern Puget Sound	NANOOS/UW ORCA	ORCA_Hoodsport	Hoodsport, Hood Canal	moored buoy (CTD, oxygen, chlorophyll, met)	University of Washington	47.425	-123.113	36.71
MB	Mud Bay, Eld Inlet, southern Puget Sound	NOAA CO-OPS	9446484	Tacoma	meteorology,water_level,water_temperature	NOAA CO-OPS	47.2667	-122.4133	46.11
MB	Mud Bay, Eld Inlet, southern Puget Sound	NDBC	tcnw1	9446484 - Tacoma, WA	Water Level Observation Network	PT	47.267	-122.413	46.14
MB	Mud Bay, Eld Inlet, southern Puget Sound	NDBC	tcmw1	9446482 - Tacoma Met, WA	Water Level Observation Network	PT	47.276	-122.418	46.19
MB	Mud Bay, Eld Inlet, southern Puget Sound	NOAA CO-OPS	9446482	Tacoma MET	meteorology	NOAA CO-OPS	47.275833	-122.41778	46.19
MB	Mud Bay, Eld Inlet, southern Puget Sound	NOAA CO-OPS	9445958	Bremerton	meteorology,water_level	NOAA CO-OPS	47.5617	-122.623	57.07
MB	Mud Bay, Eld Inlet, southern Puget Sound	NOAA CO-OPS	9447130	Seattle	meteorology,water_level,water_temperature	NOAA CO-OPS	47.60264	-122.3393	73.03
NS18_Disco_Wild	Discovery Bay, north Olympic Peninsula	NDBC	ptww1	9444900 - Port Townsend, WA	Water Level Observation Network	O	48.111	-122.76	12.01
NS18_Disco_Wild	Discovery Bay, north Olympic Peninsula	NOAA CO-OPS	9444900	Port Townsend	meteorology,water_level,water_temperature	NOAA CO-OPS	48.11122	-122.759674	12.05
NS18_Disco_Wild	Discovery Bay, north Olympic Peninsula	NDBC	46110	Sequim Buoy	Buoy	IN	48.115	-123.032	13.23
NS18_Disco_Wild	Discovery Bay, north Olympic Peninsula	NDBC	46112	Marrowstone Buoy	Buoy	IN	48.1	-122.73	13.24
NS18_Disco_Wild	Discovery Bay, north Olympic Peninsula	NDBC	46111	Fort Worden Buoy	Buoy	IN	48.131	-122.748	14.13
NS18_Disco_Wild	Discovery Bay, north Olympic Peninsula	NDBC	46125	Hansville - Hood Canal, WA	Buoy	WA	47.907	-122.627	24.76
NS18_Disco_Wild	Discovery Bay, north Olympic Peninsula	NANOOS/UW ORCA	ORCA_Hansville	Hansville, northern Puget Sound	moored buoy (CTD, oxygen, chlorophyll, met)	University of Washington	47.907	-122.627	24.76
NS18_Disco_Wild	Discovery Bay, north Olympic Peninsula	NANOOS/UW ORCA	ORCA_DabobBay	Dabob Bay, Hood Canal	moored buoy (CTD, oxygen, chlorophyll, met)	University of Washington	47.803	-122.803	27.64
NS18_Disco_Wild	Discovery Bay, north Olympic Peninsula	NOAA CO-OPS	9444090	Port Angeles	meteorology,water_level,water_temperature	NOAA CO-OPS	48.125	-123.44	41.96
NS18_Disco_Wild	Discovery Bay, north Olympic Peninsula	NANOOS/UW ORCA	ORCA_PointWells	Point Wells, central Puget Sound	moored buoy (CTD, oxygen, chlorophyll, met)	University of Washington	47.761	-122.397	48.34
NS18_Disco_Wild	Discovery Bay, north Olympic Peninsula	NOAA CO-OPS	9449880	Friday Harbor	meteorology,water_level,water_temperature	NOAA CO-OPS	48.545277	-123.0125	56.39
NS18_Disco_Wild	Discovery Bay, north Olympic Peninsula	NOAA CO-OPS	9445958	Bremerton	meteorology,water_level	NOAA CO-OPS	47.5617	-122.623	57.27
NS18_Disco_Wild	Discovery Bay, north Olympic Peninsula	NOAA CO-OPS	9447130	Seattle	meteorology,water_level,water_temperature	NOAA CO-OPS	47.60264	-122.3393	64.01
NS18_Disco_Wild	Discovery Bay, north Olympic Peninsula	NANOOS/UW ORCA	ORCA_Hoodsport	Hoodsport, Hood Canal	moored buoy (CTD, oxygen, chlorophyll, met)	University of Washington	47.425	-123.113	70.96
NS18_Sequim_Wild	Sequim Bay, north Olympic Peninsula	NDBC	46110	Sequim Buoy	Buoy	IN	48.115	-123.032	5.67
NS18_Sequim_Wild	Sequim Bay, north Olympic Peninsula	NDBC	ptww1	9444900 - Port Townsend, WA	Water Level Observation Network	O	48.111	-122.76	20.72
NS18_Sequim_Wild	Sequim Bay, north Olympic Peninsula	NOAA CO-OPS	9444900	Port Townsend	meteorology,water_level,water_temperature	NOAA CO-OPS	48.11122	-122.759674	20.75
NS18_Sequim_Wild	Sequim Bay, north Olympic Peninsula	NDBC	46111	Fort Worden Buoy	Buoy	IN	48.131	-122.748	22.23
NS18_Sequim_Wild	Sequim Bay, north Olympic Peninsula	NDBC	46112	Marrowstone Buoy	Buoy	IN	48.1	-122.73	22.64
NS18_Sequim_Wild	Sequim Bay, north Olympic Peninsula	NDBC	46109	Port Angeles Buoy	Buoy	IN	48.123	-123.395	27.89
NS18_Sequim_Wild	Sequim Bay, north Olympic Peninsula	NOAA CO-OPS	9444090	Port Angeles	meteorology,water_level,water_temperature	NOAA CO-OPS	48.125	-123.44	31.2
NS18_Sequim_Wild	Sequim Bay, north Olympic Peninsula	NANOOS/UW ORCA	ORCA_DabobBay	Dabob Bay, Hood Canal	moored buoy (CTD, oxygen, chlorophyll, met)	University of Washington	47.803	-122.803	33.59
NS18_Sequim_Wild	Sequim Bay, north Olympic Peninsula	NANOOS/UW ORCA	ORCA_Hansville	Hansville, northern Puget Sound	moored buoy (CTD, oxygen, chlorophyll, met)	University of Washington	47.907	-122.627	34.7
NS18_Sequim_Wild	Sequim Bay, north Olympic Peninsula	NOAA CO-OPS	9449880	Friday Harbor	meteorology,water_level,water_temperature	NOAA CO-OPS	48.545277	-123.0125	53.53
NS18_Sequim_Wild	Sequim Bay, north Olympic Peninsula	NANOOS/UW ORCA	ORCA_PointWells	Point Wells, central Puget Sound	moored buoy (CTD, oxygen, chlorophyll, met)	University of Washington	47.761	-122.397	57.97
NS18_Sequim_Wild	Sequim Bay, north Olympic Peninsula	NOAA CO-OPS	9445958	Bremerton	meteorology,water_level	NOAA CO-OPS	47.5617	-122.623	63.59
NS18_Sequim_Wild	Sequim Bay, north Olympic Peninsula	NANOOS/UW ORCA	ORCA_Hoodsport	Hoodsport, Hood Canal	moored buoy (CTD, oxygen, chlorophyll, met)	University of Washington	47.425	-123.113	71.32
NS18_Sequim_Wild	Sequim Bay, north Olympic Peninsula	NOAA CO-OPS	9447130	Seattle	meteorology,water_level,water_temperature	NOAA CO-OPS	47.60264	-122.3393	72.73
Ostrich_Bay	Ostrich Bay, Dyes Inlet, Bremerton	NDBC	bmtw1	9445958 - Bremerton, WA	Water Level Observation Network	PT	47.562	-122.626	5.49
Ostrich_Bay	Ostrich Bay, Dyes Inlet, Bremerton	NOAA CO-OPS	9445958	Bremerton	meteorology,water_level	NOAA CO-OPS	47.5617	-122.623	5.71
Ostrich_Bay	Ostrich Bay, Dyes Inlet, Bremerton	NDBC	46113	Poulsbo Buoy	Buoy	IN	47.73	-122.646	16.35
Ostrich_Bay	Ostrich Bay, Dyes Inlet, Bremerton	NDBC	wpow1	West Point, WA	C-MAN Station	N	47.662	-122.435	20.9
Ostrich_Bay	Ostrich Bay, Dyes Inlet, Bremerton	NDBC	46122	Dabob Bay, WA (U of Wash)	Buoy	WA	47.803	-122.803	25.57
Ostrich_Bay	Ostrich Bay, Dyes Inlet, Bremerton	NANOOS/UW ORCA	ORCA_DabobBay	Dabob Bay, Hood Canal	moored buoy (CTD, oxygen, chlorophyll, met)	University of Washington	47.803	-122.803	25.57
Ostrich_Bay	Ostrich Bay, Dyes Inlet, Bremerton	NOAA CO-OPS	9447130	Seattle	meteorology,water_level,water_temperature	NOAA CO-OPS	47.60264	-122.3393	26.36
Ostrich_Bay	Ostrich Bay, Dyes Inlet, Bremerton	NDBC	ebsw1	9447130 - Seattle, WA	Water Level Observation Network	O	47.602	-122.338	26.46
Ostrich_Bay	Ostrich Bay, Dyes Inlet, Bremerton	NANOOS/UW ORCA	ORCA_PointWells	Point Wells, central Puget Sound	moored buoy (CTD, oxygen, chlorophyll, met)	University of Washington	47.761	-122.397	29.32
Ostrich_Bay	Ostrich Bay, Dyes Inlet, Bremerton	NANOOS/UW ORCA	ORCA_Twanoh	Twanoh, southern Hood Canal	moored buoy (CTD, oxygen, chlorophyll, met)	University of Washington	47.375	-123.008	33.49
Ostrich_Bay	Ostrich Bay, Dyes Inlet, Bremerton	NANOOS/UW ORCA	ORCA_CarrInlet	Carr Inlet, southern Puget Sound	moored buoy (CTD, oxygen, chlorophyll, met)	University of Washington	47.28	-122.73	34.16
Ostrich_Bay	Ostrich Bay, Dyes Inlet, Bremerton	NANOOS/UW ORCA	ORCA_Hansville	Hansville, northern Puget Sound	moored buoy (CTD, oxygen, chlorophyll, met)	University of Washington	47.907	-122.627	36.0
Ostrich_Bay	Ostrich Bay, Dyes Inlet, Bremerton	NANOOS/UW ORCA	ORCA_Hoodsport	Hoodsport, Hood Canal	moored buoy (CTD, oxygen, chlorophyll, met)	University of Washington	47.425	-123.113	36.47
Ostrich_Bay	Ostrich Bay, Dyes Inlet, Bremerton	NOAA CO-OPS	9446482	Tacoma MET	meteorology	NOAA CO-OPS	47.275833	-122.41778	40.11
Ostrich_Bay	Ostrich Bay, Dyes Inlet, Bremerton	NOAA CO-OPS	9446484	Tacoma	meteorology,water_level,water_temperature	NOAA CO-OPS	47.2667	-122.4133	41.16
Ostrich_Bay	Ostrich Bay, Dyes Inlet, Bremerton	NOAA CO-OPS	9444900	Port Townsend	meteorology,water_level,water_temperature	NOAA CO-OPS	48.11122	-122.759674	58.63
PGB18_Wild	Port Gamble Bay, northern Hood Canal	NDBC	46125	Hansville - Hood Canal, WA	Buoy	WA	47.907	-122.627	7.24
PGB18_Wild	Port Gamble Bay, northern Hood Canal	NANOOS/UW ORCA	ORCA_Hansville	Hansville, northern Puget Sound	moored buoy (CTD, oxygen, chlorophyll, met)	University of Washington	47.907	-122.627	7.24
PGB18_Wild	Port Gamble Bay, northern Hood Canal	NDBC	46113	Poulsbo Buoy	Buoy	IN	47.73	-122.646	14.23
PGB18_Wild	Port Gamble Bay, northern Hood Canal	NDBC	46120	Pt Wells, WA (U of Wash)	Buoy	WA	47.761	-122.397	16.87
PGB18_Wild	Port Gamble Bay, northern Hood Canal	NANOOS/UW ORCA	ORCA_PointWells	Point Wells, central Puget Sound	moored buoy (CTD, oxygen, chlorophyll, met)	University of Washington	47.761	-122.397	16.87
PGB18_Wild	Port Gamble Bay, northern Hood Canal	NDBC	46122	Dabob Bay, WA (U of Wash)	Buoy	WA	47.803	-122.803	17.45
PGB18_Wild	Port Gamble Bay, northern Hood Canal	NANOOS/UW ORCA	ORCA_DabobBay	Dabob Bay, Hood Canal	moored buoy (CTD, oxygen, chlorophyll, met)	University of Washington	47.803	-122.803	17.45
PGB18_Wild	Port Gamble Bay, northern Hood Canal	NDBC	wpow1	West Point, WA	C-MAN Station	N	47.662	-122.435	23.55
PGB18_Wild	Port Gamble Bay, northern Hood Canal	NOAA CO-OPS	9444900	Port Townsend	meteorology,water_level,water_temperature	NOAA CO-OPS	48.11122	-122.759674	31.98
PGB18_Wild	Port Gamble Bay, northern Hood Canal	NOAA CO-OPS	9445958	Bremerton	meteorology,water_level	NOAA CO-OPS	47.5617	-122.623	32.22
PGB18_Wild	Port Gamble Bay, northern Hood Canal	NOAA CO-OPS	9447130	Seattle	meteorology,water_level,water_temperature	NOAA CO-OPS	47.60264	-122.3393	32.87
PGB18_Wild	Port Gamble Bay, northern Hood Canal	NANOOS/UW ORCA	ORCA_Twanoh	Twanoh, southern Hood Canal	moored buoy (CTD, oxygen, chlorophyll, met)	University of Washington	47.375	-123.008	61.8
PGB18_Wild	Port Gamble Bay, northern Hood Canal	NANOOS/UW ORCA	ORCA_Hoodsport	Hoodsport, Hood Canal	moored buoy (CTD, oxygen, chlorophyll, met)	University of Washington	47.425	-123.113	61.87
PGB18_Wild	Port Gamble Bay, northern Hood Canal	NANOOS/UW ORCA	ORCA_CarrInlet	Carr Inlet, southern Puget Sound	moored buoy (CTD, oxygen, chlorophyll, met)	University of Washington	47.28	-122.73	64.37
PGB18_Wild	Port Gamble Bay, northern Hood Canal	NOAA CO-OPS	9446482	Tacoma MET	meteorology	NOAA CO-OPS	47.275833	-122.41778	64.99
PGB18_Wild	Port Gamble Bay, northern Hood Canal	NOAA CO-OPS	9446484	Tacoma	meteorology,water_level,water_temperature	NOAA CO-OPS	47.2667	-122.4133	66.06
SS18_North_Bay_Wild	North Bay, Case Inlet, southern Puget Sound	NDBC	46123	Twanoh - Hood Canal, WA (U of Wash)	Buoy	WA	47.375	-123.008	13.41
SS18_North_Bay_Wild	North Bay, Case Inlet, southern Puget Sound	NANOOS/UW ORCA	ORCA_Twanoh	Twanoh, southern Hood Canal	moored buoy (CTD, oxygen, chlorophyll, met)	University of Washington	47.375	-123.008	13.41
SS18_North_Bay_Wild	North Bay, Case Inlet, southern Puget Sound	NDBC	46121	Carr Inlet, WA (U of Wash)	Buoy	WA	47.28	-122.73	13.43
SS18_North_Bay_Wild	North Bay, Case Inlet, southern Puget Sound	NANOOS/UW ORCA	ORCA_CarrInlet	Carr Inlet, southern Puget Sound	moored buoy (CTD, oxygen, chlorophyll, met)	University of Washington	47.28	-122.73	13.43
SS18_North_Bay_Wild	North Bay, Case Inlet, southern Puget Sound	NDBC	46124	Hoodsport - Hood Canal, WA (U of Wash)	Buoy	WA	47.422	-123.113	21.81
SS18_North_Bay_Wild	North Bay, Case Inlet, southern Puget Sound	NANOOS/UW ORCA	ORCA_Hoodsport	Hoodsport, Hood Canal	moored buoy (CTD, oxygen, chlorophyll, met)	University of Washington	47.425	-123.113	21.88
SS18_North_Bay_Wild	North Bay, Case Inlet, southern Puget Sound	NDBC	bmtw1	9445958 - Bremerton, WA	Water Level Observation Network	PT	47.562	-122.626	25.39
SS18_North_Bay_Wild	North Bay, Case Inlet, southern Puget Sound	NOAA CO-OPS	9445958	Bremerton	meteorology,water_level	NOAA CO-OPS	47.5617	-122.623	25.5
SS18_North_Bay_Wild	North Bay, Case Inlet, southern Puget Sound	NDBC	tcmw1	9446482 - Tacoma Met, WA	Water Level Observation Network	PT	47.276	-122.418	33.14
SS18_North_Bay_Wild	North Bay, Case Inlet, southern Puget Sound	NOAA CO-OPS	9446482	Tacoma MET	meteorology	NOAA CO-OPS	47.275833	-122.41778	33.16
SS18_North_Bay_Wild	North Bay, Case Inlet, southern Puget Sound	NOAA CO-OPS	9446484	Tacoma	meteorology,water_level,water_temperature	NOAA CO-OPS	47.2667	-122.4133	33.84
SS18_North_Bay_Wild	North Bay, Case Inlet, southern Puget Sound	NOAA CO-OPS	9447130	Seattle	meteorology,water_level,water_temperature	NOAA CO-OPS	47.60264	-122.3393	44.41
SS18_North_Bay_Wild	North Bay, Case Inlet, southern Puget Sound	NANOOS/UW ORCA	ORCA_DabobBay	Dabob Bay, Hood Canal	moored buoy (CTD, oxygen, chlorophyll, met)	University of Washington	47.803	-122.803	47.08
SS18_North_Bay_Wild	North Bay, Case Inlet, southern Puget Sound	NANOOS/UW ORCA	ORCA_PointWells	Point Wells, central Puget Sound	moored buoy (CTD, oxygen, chlorophyll, met)	University of Washington	47.761	-122.397	53.39
SS18_North_Bay_Wild	North Bay, Case Inlet, southern Puget Sound	NANOOS/UW ORCA	ORCA_Hansville	Hansville, northern Puget Sound	moored buoy (CTD, oxygen, chlorophyll, met)	University of Washington	47.907	-122.627	60.54
Squaxin_Island	Squaxin Island, southern Puget Sound	NDBC	46121	Carr Inlet, WA (U of Wash)	Buoy	WA	47.28	-122.73	18.15
Squaxin_Island	Squaxin Island, southern Puget Sound	NANOOS/UW ORCA	ORCA_CarrInlet	Carr Inlet, southern Puget Sound	moored buoy (CTD, oxygen, chlorophyll, met)	University of Washington	47.28	-122.73	18.15
Squaxin_Island	Squaxin Island, southern Puget Sound	NDBC	46123	Twanoh - Hood Canal, WA (U of Wash)	Buoy	WA	47.375	-123.008	22.68
Squaxin_Island	Squaxin Island, southern Puget Sound	NANOOS/UW ORCA	ORCA_Twanoh	Twanoh, southern Hood Canal	moored buoy (CTD, oxygen, chlorophyll, met)	University of Washington	47.375	-123.008	22.68
Squaxin_Island	Squaxin Island, southern Puget Sound	NDBC	46124	Hoodsport - Hood Canal, WA (U of Wash)	Buoy	WA	47.422	-123.113	30.59
Squaxin_Island	Squaxin Island, southern Puget Sound	NANOOS/UW ORCA	ORCA_Hoodsport	Hoodsport, Hood Canal	moored buoy (CTD, oxygen, chlorophyll, met)	University of Washington	47.425	-123.113	30.89
Squaxin_Island	Squaxin Island, southern Puget Sound	NDBC	tcmw1	9446482 - Tacoma Met, WA	Water Level Observation Network	PT	47.276	-122.418	39.38
Squaxin_Island	Squaxin Island, southern Puget Sound	NOAA CO-OPS	9446482	Tacoma MET	meteorology	NOAA CO-OPS	47.275833	-122.41778	39.39
Squaxin_Island	Squaxin Island, southern Puget Sound	NOAA CO-OPS	9446484	Tacoma	meteorology,water_level,water_temperature	NOAA CO-OPS	47.2667	-122.4133	39.46
Squaxin_Island	Squaxin Island, southern Puget Sound	NDBC	tcnw1	9446484 - Tacoma, WA	Water Level Observation Network	PT	47.267	-122.413	39.49
Squaxin_Island	Squaxin Island, southern Puget Sound	NOAA CO-OPS	9445958	Bremerton	meteorology,water_level	NOAA CO-OPS	47.5617	-122.623	47.98
Squaxin_Island	Squaxin Island, southern Puget Sound	NOAA CO-OPS	9447130	Seattle	meteorology,water_level,water_temperature	NOAA CO-OPS	47.60264	-122.3393	64.18
Squaxin_Island	Squaxin Island, southern Puget Sound	NANOOS/UW ORCA	ORCA_DabobBay	Dabob Bay, Hood Canal	moored buoy (CTD, oxygen, chlorophyll, met)	University of Washington	47.803	-122.803	69.83
WB	Westcott Bay, San Juan Island	NOAA CO-OPS	9449880	Friday Harbor	meteorology,water_level,water_temperature	NOAA CO-OPS	48.545277	-123.0125	11.72
WB	Westcott Bay, San Juan Island	NDBC	frdw1	9449880 - Friday Harbor, WA	Water Level Observation Network	O	48.545	-123.012	11.76
WB	Westcott Bay, San Juan Island	NDBC	46134	Pat Bay	3-meter discus buoy	C	48.65	-123.5	26.02
WB	Westcott Bay, San Juan Island	NDBC	46088	NEW DUNGENESS - 17 NM NE of Port Angeles, WA	3-meter discus buoy w/ seal cage	N	48.332	-123.179	28.17
WB	Westcott Bay, San Juan Island	NDBC	sisw1	Smith Island, WA	C-MAN Station	N	48.321	-122.831	38.08
WB	Westcott Bay, San Juan Island	NOAA CO-OPS	9449427	Cherry Point North Dock	meteorology	NOAA CO-OPS	48.864307	-122.76425	42.51
WB	Westcott Bay, San Juan Island	NOAA CO-OPS	9449419	Cherry Point South Dock	meteorology	NOAA CO-OPS	48.86	-122.757	42.53
WB	Westcott Bay, San Juan Island	NDBC	cpmw1	9449419 - Cherry Point South Dock Met, WA	Water Level Observation Network	PT	48.86	-122.756	42.58
WB	Westcott Bay, San Juan Island	NOAA CO-OPS	9449424	Cherry Point	meteorology,water_level,water_temperature	NOAA CO-OPS	48.862717	-122.75858	42.67
WB	Westcott Bay, San Juan Island	NOAA CO-OPS	9444090	Port Angeles	meteorology,water_level,water_temperature	NOAA CO-OPS	48.125	-123.44	55.18
