location	putative_site	network	station_id	station_name	distance_km	variable	file	n	mean	min	max
CS18_22_Wild_plate1	Central Sound wild collection, 2018 (Clam Bay / Manchester vicinity)	NOAA CO-OPS	9446484	Tacoma	35.81	water_temperature_degC	output/04_environmental_data/observations/CS18_22_Wild_plate1_coops-9446484_water-temperature.tsv	731	13.743	13.4	14.6
CS18_22_Wild_plate1	Central Sound wild collection, 2018 (Clam Bay / Manchester vicinity)	NDBC	bmtw1	9445958 - Bremerton, WA	6.2	air_temperature_degC	output/04_environmental_data/observations/CS18_22_Wild_plate1_ndbc-bmtw1_standard-met.tsv	4956	15.236	7.3	24.9
CS18_22_Wild_plate1	Central Sound wild collection, 2018 (Clam Bay / Manchester vicinity)	NDBC	bmtw1	9445958 - Bremerton, WA	6.2	wind_speed_m_s	output/04_environmental_data/observations/CS18_22_Wild_plate1_ndbc-bmtw1_standard-met.tsv	7152	1.592	0.0	7.7
Coos_Bay	Coos Bay, Oregon	NOAA CO-OPS	9431647	Port Orford	68.98	water_temperature_degC	output/04_environmental_data/observations/Coos_Bay_coops-9431647_water-temperature.tsv	731	12.049	10.2	14.8
Coos_Bay	Coos Bay, Oregon	NDBC	chao3	9432780 - Charleston, OR	1.75	wind_speed_m_s	output/04_environmental_data/observations/Coos_Bay_ndbc-chao3_standard-met.tsv	7122	1.919	0.0	8.8
Dogfish_Bay	Dogfish Bay, Liberty Bay vicinity, Kitsap Peninsula	NOAA CO-OPS	9444900	Port Townsend	47.17	water_temperature_degC	output/04_environmental_data/observations/Dogfish_Bay_coops-9444900_water-temperature.tsv	731	12.546	11.7	13.7
Dogfish_Bay	Dogfish Bay, Liberty Bay vicinity, Kitsap Peninsula	NDBC	bmtw1	9445958 - Bremerton, WA	14.9	air_temperature_degC	output/04_environmental_data/observations/Dogfish_Bay_ndbc-bmtw1_standard-met.tsv	4956	15.236	7.3	24.9
Dogfish_Bay	Dogfish Bay, Liberty Bay vicinity, Kitsap Peninsula	NDBC	bmtw1	9445958 - Bremerton, WA	14.9	wind_speed_m_s	output/04_environmental_data/observations/Dogfish_Bay_ndbc-bmtw1_standard-met.tsv	7152	1.592	0.0	7.7
FB18_Wild	Fidalgo Bay wild collection, 2018, Anacortes	NOAA CO-OPS	9444900	Port Townsend	44.04	water_temperature_degC	output/04_environmental_data/observations/FB18_Wild_coops-9444900_water-temperature.tsv	732	12.545	11.7	13.7
FB18_Wild	Fidalgo Bay wild collection, 2018, Anacortes	NDBC	pbfw1	Padilla Bay Farm, Padilla Bay Reserve, WA	8.33	air_temperature_degC	output/04_environmental_data/observations/FB18_Wild_ndbc-pbfw1_standard-met.tsv	2870	13.459	3.8	20.6
FB18_Wild	Fidalgo Bay wild collection, 2018, Anacortes	NDBC	pbfw1	Padilla Bay Farm, Padilla Bay Reserve, WA	8.33	wind_speed_m_s	output/04_environmental_data/observations/FB18_Wild_ndbc-pbfw1_standard-met.tsv	2870	2.383	0.0	8.2
Fidalgo_Bay	Fidalgo Bay, Anacortes	NOAA CO-OPS	9444900	Port Townsend	44.04	water_temperature_degC	output/04_environmental_data/observations/Fidalgo_Bay_coops-9444900_water-temperature.tsv	732	12.545	11.7	13.7
Fidalgo_Bay	Fidalgo Bay, Anacortes	NDBC	pbfw1	Padilla Bay Farm, Padilla Bay Reserve, WA	8.33	air_temperature_degC	output/04_environmental_data/observations/Fidalgo_Bay_ndbc-pbfw1_standard-met.tsv	2870	13.459	3.8	20.6
Fidalgo_Bay	Fidalgo Bay, Anacortes	NDBC	pbfw1	Padilla Bay Farm, Padilla Bay Reserve, WA	8.33	wind_speed_m_s	output/04_environmental_data/observations/Fidalgo_Bay_ndbc-pbfw1_standard-met.tsv	2870	2.383	0.0	8.2
HC18_Triton_Wild	Triton Cove, Hood Canal	NOAA CO-OPS	9446484	Tacoma	56.83	water_temperature_degC	output/04_environmental_data/observations/HC18_Triton_Wild_coops-9446484_water-temperature.tsv	732	13.743	13.4	14.6
HC18_Triton_Wild	Triton Cove, Hood Canal	NDBC	46123	Twanoh - Hood Canal, WA (U of Wash)	25.9	air_temperature_degC	output/04_environmental_data/observations/HC18_Triton_Wild_ndbc-46123_standard-met.tsv	2684	15.691	9.4	24.5
LS	Little Skookum Inlet, southern Puget Sound	NOAA CO-OPS	9446484	Tacoma	48.07	water_temperature_degC	output/04_environmental_data/observations/LS_coops-9446484_water-temperature.tsv	732	13.743	13.4	14.6
LS	Little Skookum Inlet, southern Puget Sound	NDBC	46123	Twanoh - Hood Canal, WA (U of Wash)	23.96	air_temperature_degC	output/04_environmental_data/observations/LS_ndbc-46123_standard-met.tsv	2684	15.691	9.4	24.5
MB	Mud Bay, Eld Inlet, southern Puget Sound	NOAA CO-OPS	9446484	Tacoma	46.11	water_temperature_degC	output/04_environmental_data/observations/MB_coops-9446484_water-temperature.tsv	732	13.743	13.4	14.6
MB	Mud Bay, Eld Inlet, southern Puget Sound	NDBC	46121	Carr Inlet, WA (U of Wash)	26.72	air_temperature_degC	output/04_environmental_data/observations/MB_ndbc-46121_standard-met.tsv	2910	15.642	11.0	23.0
MB	Mud Bay, Eld Inlet, southern Puget Sound	NDBC	46121	Carr Inlet, WA (U of Wash)	26.72	wind_speed_m_s	output/04_environmental_data/observations/MB_ndbc-46121_standard-met.tsv	2210	2.414	0.0	9.0
NS18_Disco_Wild	Discovery Bay, north Olympic Peninsula	NOAA CO-OPS	9444900	Port Townsend	12.05	water_temperature_degC	output/04_environmental_data/observations/NS18_Disco_Wild_coops-9444900_water-temperature.tsv	732	12.545	11.7	13.7
NS18_Disco_Wild	Discovery Bay, north Olympic Peninsula	NDBC	ptww1	9444900 - Port Townsend, WA	12.01	water_temperature_degC	output/04_environmental_data/observations/NS18_Disco_Wild_ndbc-ptww1_standard-met.tsv	7059	12.536	11.7	13.6
NS18_Disco_Wild	Discovery Bay, north Olympic Peninsula	NDBC	ptww1	9444900 - Port Townsend, WA	12.01	air_temperature_degC	output/04_environmental_data/observations/NS18_Disco_Wild_ndbc-ptww1_standard-met.tsv	4958	14.531	8.2	22.6
NS18_Disco_Wild	Discovery Bay, north Olympic Peninsula	NDBC	ptww1	9444900 - Port Townsend, WA	12.01	wind_speed_m_s	output/04_environmental_data/observations/NS18_Disco_Wild_ndbc-ptww1_standard-met.tsv	7146	2.233	0.0	9.8
NS18_Sequim_Wild	Sequim Bay, north Olympic Peninsula	NOAA CO-OPS	9444900	Port Townsend	20.75	water_temperature_degC	output/04_environmental_data/observations/NS18_Sequim_Wild_coops-9444900_water-temperature.tsv	732	12.545	11.7	13.7
NS18_Sequim_Wild	Sequim Bay, north Olympic Peninsula	NDBC	ptww1	9444900 - Port Townsend, WA	20.72	water_temperature_degC	output/04_environmental_data/observations/NS18_Sequim_Wild_ndbc-ptww1_standard-met.tsv	7059	12.536	11.7	13.6
NS18_Sequim_Wild	Sequim Bay, north Olympic Peninsula	NDBC	ptww1	9444900 - Port Townsend, WA	20.72	air_temperature_degC	output/04_environmental_data/observations/NS18_Sequim_Wild_ndbc-ptww1_standard-met.tsv	4958	14.531	8.2	22.6
NS18_Sequim_Wild	Sequim Bay, north Olympic Peninsula	NDBC	ptww1	9444900 - Port Townsend, WA	20.72	wind_speed_m_s	output/04_environmental_data/observations/NS18_Sequim_Wild_ndbc-ptww1_standard-met.tsv	7146	2.233	0.0	9.8
Ostrich_Bay	Ostrich Bay, Dyes Inlet, Bremerton	NOAA CO-OPS	9446484	Tacoma	41.16	water_temperature_degC	output/04_environmental_data/observations/Ostrich_Bay_coops-9446484_water-temperature.tsv	732	13.743	13.4	14.6
Ostrich_Bay	Ostrich Bay, Dyes Inlet, Bremerton	NDBC	bmtw1	9445958 - Bremerton, WA	5.49	air_temperature_degC	output/04_environmental_data/observations/Ostrich_Bay_ndbc-bmtw1_standard-met.tsv	4956	15.236	7.3	24.9
Ostrich_Bay	Ostrich Bay, Dyes Inlet, Bremerton	NDBC	bmtw1	9445958 - Bremerton, WA	5.49	wind_speed_m_s	output/04_environmental_data/observations/Ostrich_Bay_ndbc-bmtw1_standard-met.tsv	7152	1.592	0.0	7.7
PGB18_Wild	Port Gamble Bay, northern Hood Canal	NOAA CO-OPS	9444900	Port Townsend	31.98	water_temperature_degC	output/04_environmental_data/observations/PGB18_Wild_coops-9444900_water-temperature.tsv	732	12.545	11.7	13.7
PGB18_Wild	Port Gamble Bay, northern Hood Canal	NDBC	46125	Hansville - Hood Canal, WA	7.24	air_temperature_degC	output/04_environmental_data/observations/PGB18_Wild_ndbc-46125_standard-met.tsv	2136	14.071	11.1	19.3
PGB18_Wild	Port Gamble Bay, northern Hood Canal	NDBC	46125	Hansville - Hood Canal, WA	7.24	wind_speed_m_s	output/04_environmental_data/observations/PGB18_Wild_ndbc-46125_standard-met.tsv	2137	2.617	0.0	8.0
SS18_North_Bay_Wild	North Bay, Case Inlet, southern Puget Sound	NOAA CO-OPS	9446484	Tacoma	33.84	water_temperature_degC	output/04_environmental_data/observations/SS18_North_Bay_Wild_coops-9446484_water-temperature.tsv	732	13.743	13.4	14.6
SS18_North_Bay_Wild	North Bay, Case Inlet, southern Puget Sound	NDBC	46123	Twanoh - Hood Canal, WA (U of Wash)	13.41	air_temperature_degC	output/04_environmental_data/observations/SS18_North_Bay_Wild_ndbc-46123_standard-met.tsv	2684	15.691	9.4	24.5
Squaxin_Island	Squaxin Island, southern Puget Sound	NOAA CO-OPS	9446484	Tacoma	39.46	water_temperature_degC	output/04_environmental_data/observations/Squaxin_Island_coops-9446484_water-temperature.tsv	732	13.743	13.4	14.6
Squaxin_Island	Squaxin Island, southern Puget Sound	NDBC	46121	Carr Inlet, WA (U of Wash)	18.15	air_temperature_degC	output/04_environmental_data/observations/Squaxin_Island_ndbc-46121_standard-met.tsv	2910	15.642	11.0	23.0
Squaxin_Island	Squaxin Island, southern Puget Sound	NDBC	46121	Carr Inlet, WA (U of Wash)	18.15	wind_speed_m_s	output/04_environmental_data/observations/Squaxin_Island_ndbc-46121_standard-met.tsv	2210	2.414	0.0	9.0
WB	Stony Point, Willapa Bay, Washington coast	NOAA CO-OPS	9440910	Toke Point	20.87	water_temperature_degC	output/04_environmental_data/observations/WB_coops-9440910_water-temperature.tsv	732	16.138	14.1	19.0
WB	Stony Point, Willapa Bay, Washington coast	NDBC	tokw1	9440910 - Toke Point, WA	20.82	water_temperature_degC	output/04_environmental_data/observations/WB_ndbc-tokw1_standard-met.tsv	7061	16.155	13.8	19.0
WB	Stony Point, Willapa Bay, Washington coast	NDBC	tokw1	9440910 - Toke Point, WA	20.82	air_temperature_degC	output/04_environmental_data/observations/WB_ndbc-tokw1_standard-met.tsv	4962	15.089	8.1	24.5
WB	Stony Point, Willapa Bay, Washington coast	NDBC	tokw1	9440910 - Toke Point, WA	20.82	wind_speed_m_s	output/04_environmental_data/observations/WB_ndbc-tokw1_standard-met.tsv	7150	3.213	0.0	18.0
