	RDA1	RDA2	RDA3
CS18_22_Wild_plate1	-0.234441737783417	0.0766785713914274	0.0981743451131626
Dogfish_Bay	-0.234441737783417	0.076678571391427	0.0981743451131624
FB18_Wild	0.100786046076505	-0.358817373288554	-0.11147154604949
Fidalgo_Bay	0.100786046076505	-0.358817373288554	-0.11147154604949
HC18_Triton_Wild	-0.051962867241967	0.245307282364193	-0.194526595274755
LS	0.407240139077749	0.337012153373403	-0.0447829897140443
MB	-0.0328271506189202	0.015889853595719	0.871367871681884
NS18_Disco_Wild	-0.0301218962988278	-0.273434772346232	0.0221737322909991
NS18_Sequim_Wild	0.0778593982673191	-0.426971788059918	-0.123863775624124
Ostrich_Bay	-0.234441737783417	0.0766785713914272	0.0981743451131625
PGB18_Wild	-0.0766723041179139	-0.129132879286126	-0.150715582408464
SS18_North_Bay_Wild	-0.338521608176213	0.463521411678412	-0.261682996140003
Squaxin_Island	-0.155721335387993	0.0059652583889702	-0.199926810591979
WB	0.702480745694009	0.249442512694404	0.0103772025399808
