unit	region	RDA1	RDA2
CS18_22_Wild_plate1	Central Puget Sound	-25.2728015208343	12.3072390840614
Dogfish_Bay	Central Puget Sound	-22.1239929526591	13.5248021232458
FB18_Wild	Northern Puget Sound	12.0285362645923	-47.3849662041224
Fidalgo_Bay	Northern Puget Sound	9.68188030349243	-39.8731869059122
HC18_Triton_Wild	Hood Canal	-2.2231510007033	11.3353550843386
LS	South Puget Sound	12.839297677124	36.1056830507959
MB	South Puget Sound	-2.13818547154087	-4.25403049519684
NS18_Disco_Wild	Strait of Juan de Fuca	-4.7608929997407	-20.6210611002604
NS18_Sequim_Wild	Strait of Juan de Fuca	3.86783617394774	-35.6046018554123
Ostrich_Bay	Central Puget Sound	-22.8205831538819	12.4376117345907
PGB18_Wild	Hood Canal	-2.81777253035629	-18.957052564668
SS18_North_Bay_Wild	South Puget Sound	-26.9589198750276	41.0435917002106
Squaxin_Island	South Puget Sound	-17.5504410995404	11.5983756630075
WB	Washington coast	88.2491901851279	28.3422406853216
