set	n_units	n_snp	conditioning	permutation	r2	r2_adj	F	p
all	15	7373591	none	free	0.0704315107770389	-0.00107375762472728	0.984983517316596	0.412
all	15	7373591	none	within year	0.0704315107770389	-0.00107375762472728	0.984983517316596	0.39
all	15	7373591	MEMall1	free	0.0704955090101812	0.00607607271385457	1.08699719537416	0.171
all	15	7373591	MEMall1	within year	0.0704955090101812	0.00607607271385457	1.08699719537416	0.192
all	15	7373591	PC1 + PC2	free	0.065853224079094	0.00897505286324329	1.13227063123594	0.036
all	15	7373591	PC1 + PC2	within year	0.065853224079094	0.00897505286324329	1.13227063123594	0.047
all	15	7373591	y2024	free	0.0700022395800889	-0.000731035428318871	0.990396032128359	0.46
all	15	7373591	y2024	within year	0.0700022395800889	-0.000731035428318871	0.990396032128359	0.365
all	15	7373591	MEMall1 + y2024	free	0.0679214531587263	0.00402629969002299	1.05353026005641	0.26
all	15	7373591	MEMall1 + y2024	within year	0.0679214531587263	0.00402629969002299	1.05353026005641	0.26
env	14	7263864	none	free	0.0817310301108016	0.00520861595336841	1.06806653985919	0.264
