station	station_lat	station_lon	profile	date	temperature	salinity	oxygen	chlorophyll
ADM001	48.03	-122.617	2021-8304	2021-01-20	8.531	28.24	8.178	0.981
ADM001	48.03	-122.617	2021-8317	2021-02-09	8.532	28.821	8.116	1.111
ADM001	48.03	-122.617	2021-8344	2021-03-09	8.254	29.189	8.295	0.727
ADM001	48.03	-122.617	2021-8397	2021-04-06	8.845	28.899	9.414	1.466
ADM001	48.03	-122.617	2021-8441	2021-05-12	10.151	28.893	9.758	5.162
ADM001	48.03	-122.617	2021-8476	2021-06-08	11.082	29.195	8.215	5.109
ADM001	48.03	-122.617	2021-8511	2021-07-14	12.956	28.865	8.027	5.163
ADM001	48.03	-122.617	2021-8539	2021-08-10	13.718	29.597	9.149	7.381
ADM001	48.03	-122.617	2021-8573	2021-09-08	13.405	30.106	6.908	4.744
ADM001	48.03	-122.617	2021-8603	2021-10-07	11.9	30.705	6.209	2.446
ADM001	48.03	-122.617	2021-8635	2021-11-08	10.655	30.513	6.878	1.692
ADM001	48.03	-122.617	2022-8695	2022-01-13	8.536	28.702	8.662	0.748
ADM001	48.03	-122.617	2022-8731	2022-02-08	8.177	27.662		1.496
ADM001	48.03	-122.617	2022-8761	2022-03-10	8.082	27.834	8.348	1.03
ADM001	48.03	-122.617	2022-8798	2022-04-06	8.787	27.63	9.605	4.417
ADM001	48.03	-122.617	2022-8840	2022-05-17	10.039	27.872	9.928	4.134
ADM001	48.03	-122.617	2022-8893	2022-07-07	11.774	28.639	8.758	7.14
ADM001	48.03	-122.617	2022-8926	2022-08-09	12.004	29.841	6.957	3.462
ADM001	48.03	-122.617	2022-8973	2022-10-04	11.529	30.734	5.711	2.501
ADM001	48.03	-122.617	2022-9002	2022-11-02	11.083	30.667	6.06	0.512
ADM001	48.03	-122.617	2022-9043	2022-12-13	9.36	30.463	6.906	0.479
ADM001	48.03	-122.617	2023-9070	2023-02-15	8.07	29.39	9.363	2.762
ADM001	48.03	-122.617	2023-9088	2023-03-14	7.843	29.675	8.646	0.734
ADM001	48.03	-122.617	2023-9181	2023-06-12	12.052	29.266	10.204	5.333
ADM001	48.03	-122.617	2023-9223	2023-07-11	12.337	29.972	8.415	2.394
ADM001	48.03	-122.617	2023-9267	2023-08-15	13.529	30.078	7.93	4.261
ADM001	48.03	-122.617	2023-9291	2023-09-12	13.142	30.585	6.889	5.262
ADM001	48.03	-122.617	2023-9329	2023-11-08	11.772	30.634	6.63	2.82
ADM001	48.03	-122.617	2024-9374	2024-01-23	8.847	29.966	7.761	1.019
ADM001	48.03	-122.617	2024-9401	2024-02-13	9.048	29.446	7.886	1.158
ADM001	48.03	-122.617	2024-9460	2024-04-10	9.491	28.785	9.977	4.865
ADM001	48.03	-122.617	2024-9482	2024-05-07	10.047	29.699	8.26	0.646
ADM001	48.03	-122.617	2024-9517	2024-06-11	11.681	28.716	9.33	17.821
ADM001	48.03	-122.617	2024-9545	2024-07-23	13.395	29.321	8.803	5.977
ADM001	48.03	-122.617	2024-9586	2024-08-13	13.085	30.314	7.714	7.243
ADM001	48.03	-122.617	2024-9619	2024-09-24	12.315	30.878	6.037	4.131
ADM001	48.03	-122.617	2024-9650	2024-10-22	11.131	31.293	5.99	2.254
ADM002	48.188	-122.842	2021-8305	2021-01-20	8.394	29.407	8.118	0.926
ADM002	48.188	-122.842	2021-8318	2021-02-09	8.127	30.15	8.046	0.769
ADM002	48.188	-122.842	2021-8345	2021-03-09	7.7	30.262	8.101	1.135
ADM002	48.188	-122.842	2021-8398	2021-04-06	8.728	30.204	8.775	0.521
ADM002	48.188	-122.842	2021-8436	2021-05-11	8.972	31.148	7.251	1.54
ADM002	48.188	-122.842	2021-8477	2021-06-08	9.781	30.992	7.003	3.684
ADM002	48.188	-122.842	2021-8506	2021-07-13	10.917	30.465	6.676	3.129
ADM002	48.188	-122.842	2021-8540	2021-08-10	11.283	31.176	6.098	2.476
ADM002	48.188	-122.842	2021-8574	2021-09-08	11.242	31.349	5.325	2.703
ADM002	48.188	-122.842	2021-8604	2021-10-07	10.44	31.128	5.821	2.029
ADM002	48.188	-122.842	2021-8636	2021-11-08	9.937	30.925	6.776	1.608
ADM002	48.188	-122.842	2021-8672	2021-12-14	8.798	30.031	7.188	1.461
ADM002	48.188	-122.842	2022-8696	2022-01-13	7.782	30.295	8.308	0.525
ADM002	48.188	-122.842	2022-8732	2022-02-08	7.857	29.692		0.929
ADM002	48.188	-122.842	2022-8762	2022-03-10	7.896	29.818	7.729	0.693
ADM002	48.188	-122.842	2022-8799	2022-04-06	8.248	30.461	7.632	0.53
ADM002	48.188	-122.842	2022-8841	2022-05-17	9.082	30.671	7.915	1.247
ADM002	48.188	-122.842	2022-8894	2022-07-07	10.661	29.949	7.032	6.022
ADM002	48.188	-122.842	2022-8927	2022-08-09	10.953	30.717	6.337	4.56
ADM002	48.188	-122.842	2022-8974	2022-10-04	10.529	31.465	4.922	1.22
ADM002	48.188	-122.842	2022-9003	2022-11-02	9.973	31.555	5.504	0.509
ADM002	48.188	-122.842	2022-9044	2022-12-13	8.525	31.084	7.153	0.478
ADM002	48.188	-122.842	2023-9071	2023-02-15	7.853	30.484	8.521	0.826
ADM002	48.188	-122.842	2023-9089	2023-03-14	7.518	31.097	7.99	0.499
ADM002	48.188	-122.842	2023-9148	2023-05-17	9.438	30.736	8.241	1.444
ADM002	48.188	-122.842	2023-9182	2023-06-12	10.379	30.254	6.886	0.602
ADM002	48.188	-122.842	2023-9224	2023-07-11	11.194	30.451	6.532	0.568
ADM002	48.188	-122.842	2023-9268	2023-08-15	12.052	31.075	6.85	2.253
ADM002	48.188	-122.842	2023-9292	2023-09-12	11.462	31.605	5.223	1.339
ADM002	48.188	-122.842	2023-9330	2023-11-08	10.357	31.525	6.514	1.287
ADM002	48.188	-122.842	2024-9375	2024-01-23	8.567	30.635	7.629	0.979
ADM002	48.188	-122.842	2024-9402	2024-02-13	8.738	30.036		1.147
ADM002	48.188	-122.842	2024-9461	2024-04-10	9.037	30.499	8.62	1.462
ADM002	48.188	-122.842	2024-9488	2024-05-08	9.501	30.817	7.521	0.689
ADM002	48.188	-122.842	2024-9509	2024-06-10	10.08	30.782	7.045	5.25
ADM002	48.188	-122.842	2024-9546	2024-07-23	11.141	31.096	6.773	4.696
ADM002	48.188	-122.842	2024-9587	2024-08-13	12.026	30.771	7.549	9.613
ADM002	48.188	-122.842	2024-9620	2024-09-24	11.122	31.116	5.45	2.672
ADM002	48.188	-122.842	2024-9651	2024-10-22	10.301	31.297	5.734	2.0
ADM003	47.879	-122.482	2021-8306	2021-01-20	8.343	21.852	8.792	1.282
ADM003	47.879	-122.482	2021-8346	2021-03-09	8.43	27.517	8.878	1.268
ADM003	47.879	-122.482	2021-8399	2021-04-06	9.056	27.826	10.831	3.057
ADM003	47.879	-122.482	2021-8442	2021-05-12	10.578	28.109	10.892	4.92
ADM003	47.879	-122.482	2021-8478	2021-06-08	12.049	28.157	10.303	14.163
ADM003	47.879	-122.482	2021-8512	2021-07-14	15.117	28.328	11.379	17.582
ADM003	47.879	-122.482	2021-8541	2021-08-10	14.003	29.838	10.455	15.318
ADM003	47.879	-122.482	2021-8575	2021-09-08	13.885	30.159	7.019	2.994
ADM003	47.879	-122.482	2021-8605	2021-10-07	12.49	30.566	6.319	1.908
ADM003	47.879	-122.482	2021-8637	2021-11-08	10.881	30.372	6.916	1.648
ADM003	47.879	-122.482	2021-8673	2021-12-14	9.729	28.592	7.879	1.7
ADM003	47.879	-122.482	2022-8697	2022-01-13	8.913	27.474	8.539	0.876
ADM003	47.879	-122.482	2022-8733	2022-02-08	8.058	25.255		2.351
ADM003	47.879	-122.482	2022-8763	2022-03-10	8.173	25.764	9.101	2.65
ADM003	47.879	-122.482	2022-8800	2022-04-06	8.967	24.822	10.525	11.005
ADM003	47.879	-122.482	2022-8842	2022-05-17	11.0	24.422	10.212	2.679
ADM003	47.879	-122.482	2022-8895	2022-07-07	14.165	25.102	11.564	13.835
ADM003	47.879	-122.482	2022-8928	2022-08-09	14.746	28.395	10.542	13.815
ADM003	47.879	-122.482	2022-8975	2022-10-04	13.008	29.707	7.224	4.057
ADM003	47.879	-122.482	2022-9004	2022-11-02	11.639	29.976	6.303	0.476
ADM003	47.879	-122.482	2022-9045	2022-12-13	9.172	28.75	7.587	1.333
ADM003	47.879	-122.482	2023-9072	2023-02-15	7.757	27.888	9.978	5.461
ADM003	47.879	-122.482	2023-9090	2023-03-14	7.85	29.881	8.414	0.299
ADM003	47.879	-122.482	2023-9153	2023-05-18	12.382	25.876	12.404	6.988
ADM003	47.879	-122.482	2023-9183	2023-06-12	13.425	27.716	12.174	15.586
ADM003	47.879	-122.482	2023-9225	2023-07-11	13.598	28.976	10.461	5.313
ADM003	47.879	-122.482	2023-9269	2023-08-15	14.401	29.631	8.99	2.181
ADM003	47.879	-122.482	2023-9293	2023-09-12	13.84	30.485	6.721	2.164
ADM003	47.879	-122.482	2023-9331	2023-11-08	11.961	29.261	7.097	0.928
ADM003	47.879	-122.482	2024-9376	2024-01-23	9.24	29.875	7.685	0.833
ADM003	47.879	-122.482	2024-9403	2024-02-13	9.132	26.868	8.585	2.911
ADM003	47.879	-122.482	2024-9462	2024-04-10	9.54	28.416	10.517	6.477
ADM003	47.879	-122.482	2024-9483	2024-05-07	10.384	28.611	8.84	0.802
ADM003	47.879	-122.482	2024-9547	2024-07-23	13.987	29.403	9.438	8.521
ADM003	47.879	-122.482	2024-9588	2024-08-13	14.111	29.913	9.012	10.356
ADM003	47.879	-122.482	2024-9621	2024-09-24	12.968	30.603	6.02	3.868
ADM003	47.879	-122.482	2024-9652	2024-10-22	12.046	30.68	6.1	2.092
BLL009	48.687	-122.598	2021-8301	2021-01-19	8.297	29.046	8.077	
BLL009	48.687	-122.598	2021-8314	2021-02-08	7.241	26.195	9.208	2.024
BLL009	48.687	-122.598	2021-8342	2021-03-08	7.397	28.37	10.033	4.368
BLL009	48.687	-122.598	2021-8394	2021-04-05	8.57	28.506	12.407	23.719
BLL009	48.687	-122.598	2021-8433	2021-05-10	11.161	29.459	12.449	16.055
BLL009	48.687	-122.598	2021-8472	2021-06-07	12.984	27.291	10.79	26.051
BLL009	48.687	-122.598	2021-8503	2021-07-12	16.261	25.497	8.849	6.099
BLL009	48.687	-122.598	2021-8536	2021-08-09	17.111	26.771	8.228	3.78
BLL009	48.687	-122.598	2021-8569	2021-09-07	14.237	29.002	9.167	12.53
BLL009	48.687	-122.598	2021-8600	2021-10-06	11.587	30.008	6.93	1.765
BLL009	48.687	-122.598	2021-8642	2021-11-10	9.485	28.165	8.71	2.202
BLL009	48.687	-122.598	2021-8669	2021-12-13	7.409	24.323	9.559	2.567
BLL009	48.687	-122.598	2022-8693	2022-01-12	6.759	28.978	9.647	0.724
BLL009	48.687	-122.598	2022-8729	2022-02-07	7.38	28.995		1.25
BLL009	48.687	-122.598	2022-8759	2022-03-09	7.13	26.903	10.003	3.241
BLL009	48.687	-122.598	2022-8808	2022-04-07	8.442	28.725	8.934	1.965
BLL009	48.687	-122.598	2022-8836	2022-05-16	10.535	27.346	11.075	7.526
BLL009	48.687	-122.598	2022-8887	2022-07-06	11.84	28.408	7.118	4.71
BLL009	48.687	-122.598	2022-8920	2022-08-08	17.493	25.504	10.686	3.704
BLL009	48.687	-122.598	2022-8967	2022-10-03	12.59	29.461	7.196	5.43
BLL009	48.687	-122.598	2022-8996	2022-11-01	10.677	29.015		1.896
BLL009	48.687	-122.598	2022-9039	2022-12-12	7.49	29.702	8.495	0.893
BLL009	48.687	-122.598	2023-9062	2023-02-14	7.031	28.838	9.846	2.444
BLL009	48.687	-122.598	2023-9083	2023-03-13	6.887	29.606	10.098	3.473
BLL009	48.687	-122.598	2023-9125	2023-04-25	9.494	28.353	14.416	18.105
BLL009	48.687	-122.598	2023-9158	2023-05-19	14.123	27.314	13.07	8.619
BLL009	48.687	-122.598	2023-9191	2023-06-13	11.804	28.765	7.969	1.346
BLL009	48.687	-122.598	2023-9219	2023-07-10	15.107	28.638	9.211	7.783
BLL009	48.687	-122.598	2023-9275	2023-08-16	16.446	29.094	9.362	4.224
BLL009	48.687	-122.598	2023-9289	2023-09-11	14.094	30.317	9.694	17.082
BLL009	48.687	-122.598	2023-9326	2023-11-07	10.676	29.5	7.817	1.206
BLL009	48.687	-122.598	2024-9371	2024-01-22	7.677	29.725	8.507	1.258
BLL009	48.687	-122.598	2024-9397	2024-02-12	8.26	28.49	8.689	2.868
BLL009	48.687	-122.598	2024-9453	2024-04-09	9.099	29.203	10.444	16.67
BLL009	48.687	-122.598	2024-9478	2024-05-06	10.623	28.929	10.6	19.542
BLL009	48.687	-122.598	2024-9510	2024-06-10	12.59	29.19	11.645	46.086
BLL009	48.687	-122.598	2024-9555	2024-07-24	12.868	29.527	7.149	6.135
BLL009	48.687	-122.598	2024-9582	2024-08-12	14.828	29.493	12.188	25.123
BLL009	48.687	-122.598	2024-9615	2024-09-23	12.813	30.048	7.44	12.609
BLL009	48.687	-122.598	2024-9646	2024-10-21	11.494	29.402	7.641	3.515
BLL040	48.684	-122.538	2021-8302	2021-01-19	8.135	28.733	8.622	
BLL040	48.684	-122.538	2021-8315	2021-02-08	7.689	28.357	8.889	1.989
BLL040	48.684	-122.538	2021-8343	2021-03-08	7.534	29.222	9.523	2.467
BLL040	48.684	-122.538	2021-8395	2021-04-05	8.731	29.077	10.32	11.079
BLL040	48.684	-122.538	2021-8434	2021-05-10	11.847	28.725	14.911	11.747
BLL040	48.684	-122.538	2021-8473	2021-06-07	12.792	28.757	11.997	29.399
BLL040	48.684	-122.538	2021-8504	2021-07-12	15.519	25.909	8.066	4.06
BLL040	48.684	-122.538	2021-8537	2021-08-09	16.674	27.029	8.709	5.82
BLL040	48.684	-122.538	2021-8570	2021-09-07	14.11	29.224	10.682	11.652
BLL040	48.684	-122.538	2021-8601	2021-10-06	11.366	30.121	7.401	2.464
BLL040	48.684	-122.538	2021-8643	2021-11-10	9.579	28.695	8.272	2.057
BLL040	48.684	-122.538	2021-8670	2021-12-13	8.221	27.767	8.708	1.746
BLL040	48.684	-122.538	2022-8694	2022-01-12	7.007	29.112	9.577	0.72
BLL040	48.684	-122.538	2022-8730	2022-02-07	7.389	29.04		1.442
BLL040	48.684	-122.538	2022-8760	2022-03-09	7.55	29.412	8.857	1.564
BLL040	48.684	-122.538	2022-8809	2022-04-07	8.54	29.094	9.095	0.732
BLL040	48.684	-122.538	2022-8837	2022-05-16	10.267	29.059	12.007	17.544
BLL040	48.684	-122.538	2022-8921	2022-08-08	17.335	24.809	11.279	7.172
BLL040	48.684	-122.538	2022-8968	2022-10-03	12.12	29.784	7.491	17.728
BLL040	48.684	-122.538	2022-8997	2022-11-01	10.333	30.072	8.685	1.476
BLL040	48.684	-122.538	2022-9040	2022-12-12	7.636	30.406	8.473	0.671
BLL040	48.684	-122.538	2023-9063	2023-02-14	7.181	29.211	9.632	2.644
BLL040	48.684	-122.538	2023-9084	2023-03-13	7.049	30.009	9.749	2.964
BLL040	48.684	-122.538	2023-9126	2023-04-25	9.211	29.832	12.183	14.586
BLL040	48.684	-122.538	2023-9159	2023-05-19	12.284	28.926	12.178	15.769
BLL040	48.684	-122.538	2023-9192	2023-06-13	13.562	27.729	9.894	4.954
BLL040	48.684	-122.538	2023-9220	2023-07-10	14.458	28.988	9.24	9.505
BLL040	48.684	-122.538	2023-9276	2023-08-16	15.274	28.805	9.018	4.258
BLL040	48.684	-122.538	2023-9290	2023-09-11	14.413	30.492	9.685	10.891
BLL040	48.684	-122.538	2023-9327	2023-11-07	10.58	29.941	7.787	1.774
BLL040	48.684	-122.538	2024-9372	2024-01-22	7.579	29.849	8.713	1.544
BLL040	48.684	-122.538	2024-9398	2024-02-12	8.366	29.147	8.704	2.481
BLL040	48.684	-122.538	2024-9454	2024-04-09	9.096	29.638	10.424	15.497
BLL040	48.684	-122.538	2024-9479	2024-05-06	10.533	29.607	11.24	25.412
BLL040	48.684	-122.538	2024-9511	2024-06-10	12.425	29.49	11.154	35.882
BLL040	48.684	-122.538	2024-9556	2024-07-24	13.825	29.302	8.356	12.035
BLL040	48.684	-122.538	2024-9583	2024-08-12	15.938	29.177	11.294	11.526
BLL040	48.684	-122.538	2024-9616	2024-09-23	13.054	29.983	8.904	25.852
BLL040	48.684	-122.538	2024-9647	2024-10-21	11.252	28.81	7.816	3.723
BUD005	47.092	-122.917	2021-8333	2021-02-25	8.275	27.47	8.781	1.296
BUD005	47.092	-122.917	2021-8362	2021-03-17	9.012	27.396	10.234	1.079
BUD005	47.092	-122.917	2021-8381	2021-04-01	9.54	27.446	9.397	1.641
BUD005	47.092	-122.917	2021-8426	2021-05-05	11.787	28.255	13.579	4.932
BUD005	47.092	-122.917	2021-8459	2021-06-02	13.452	28.842	9.508	0.606
BUD005	47.092	-122.917	2021-8498	2021-07-08	15.649	28.995	9.816	10.483
BUD005	47.092	-122.917	2021-8529	2021-08-03	18.01	28.813	12.599	39.74
BUD005	47.092	-122.917	2021-8593	2021-09-16	15.995	29.572	9.401	47.033
BUD005	47.092	-122.917	2021-8624	2021-10-21	13.385	29.844	8.114	70.367
BUD005	47.092	-122.917	2021-8649	2021-12-03	10.728	28.081	7.729	2.913
BUD005	47.092	-122.917	2022-8685	2022-01-04	7.822	26.821	9.118	1.265
BUD005	47.092	-122.917	2022-8722	2022-02-02	8.263	26.875	8.476	1.97
BUD005	47.092	-122.917	2022-8777	2022-03-17	8.809	26.901	9.898	7.057
BUD005	47.092	-122.917	2022-8812	2022-04-14	9.144	27.544	13.288	26.835
BUD005	47.092	-122.917	2022-8829	2022-05-13	10.45	27.883	12.077	19.94
BUD005	47.092	-122.917	2022-8862	2022-06-10	13.333	27.836	11.132	5.672
BUD005	47.092	-122.917	2022-8901	2022-07-12	15.003	28.267	12.224	23.975
BUD005	47.092	-122.917	2022-8913	2022-08-03	16.87	28.316	11.164	48.76
BUD005	47.092	-122.917	2022-8952	2022-09-12	16.305	28.939	8.209	7.267
BUD005	47.092	-122.917	2022-8981	2022-10-12	15.033	29.43	7.866	76.309
BUD005	47.092	-122.917	2022-9020	2022-11-14	10.588	28.959	7.189	3.926
BUD005	47.092	-122.917	2023-9108	2023-04-05	8.709	28.635	15.419	13.293
BUD005	47.092	-122.917	2023-9141	2023-05-16	13.874	28.064	11.331	6.735
BUD005	47.092	-122.917	2023-9166	2023-06-06	14.11	28.823	11.023	7.261
BUD005	47.092	-122.917	2023-9204	2023-07-03	15.17	28.96	12.695	18.507
BUD005	47.092	-122.917	2023-9243	2023-08-01	16.844	29.187	6.936	34.782
BUD005	47.092	-122.917	2023-9282	2023-09-01	16.243	29.645	9.109	50.52
BUD005	47.092	-122.917	2023-9303	2023-10-04	14.913	29.82	6.384	11.824
BUD005	47.092	-122.917	2023-9320	2023-11-02	12.844	29.879	6.671	3.853
BUD005	47.092	-122.917	2024-9360	2024-01-18	8.034	28.453	8.36	2.501
BUD005	47.092	-122.917	2024-9390	2024-02-08	9.325	27.622	7.922	2.191
BUD005	47.092	-122.917	2024-9421	2024-03-14	8.82	27.506	8.775	2.744
BUD005	47.092	-122.917	2024-9440	2024-04-04	10.343	27.722	10.757	7.258
BUD005	47.092	-122.917	2024-9471	2024-05-02	11.581	28.079	13.195	18.976
BUD005	47.092	-122.917	2024-9502	2024-06-05	12.704	28.728	9.825	3.117
BUD005	47.092	-122.917	2024-9528	2024-07-03	14.442	29.076	12.677	44.571
BUD005	47.092	-122.917	2024-9566	2024-08-02	16.809	29.378	11.311	20.995
BUD005	47.092	-122.917	2024-9629	2024-10-03	15.026	29.86	8.703	41.968
CMB003	47.29	-122.448	2021-8292	2021-01-07	9.288	27.746	7.865	1.581
CMB003	47.29	-122.448	2021-8325	2021-02-24	8.388	26.097	8.416	0.691
CMB003	47.29	-122.448	2021-8356	2021-03-16	8.658	28.413	8.203	1.116
CMB003	47.29	-122.448	2021-8388	2021-04-02	8.767	27.89	9.098	3.083
CMB003	47.29	-122.448	2021-8420	2021-05-04	9.849	28.177	10.934	6.29
CMB003	47.29	-122.448	2021-8466	2021-06-03	11.768	26.861	12.809	15.117
CMB003	47.29	-122.448	2021-8521	2021-07-30	14.476	28.585	8.961	4.876
CMB003	47.29	-122.448	2021-8554	2021-08-25	13.618	28.689	6.942	4.175
CMB003	47.29	-122.448	2021-8587	2021-09-15	14.07	29.578	7.515	4.115
CMB003	47.29	-122.448	2021-8618	2021-10-19	12.435	30.151	5.736	2.632
CMB003	47.29	-122.448	2021-8663	2021-12-09	10.547	28.331	7.461	1.951
CMB003	47.29	-122.448	2022-8716	2022-01-26	8.655	27.593	8.357	1.12
CMB003	47.29	-122.448	2022-8747	2022-02-23	7.996	28.215		2.732
CMB003	47.29	-122.448	2022-8784	2022-03-25	8.602	25.777	8.641	2.219
CMB003	47.29	-122.448	2022-8819	2022-04-15	8.673	27.937	8.664	2.319
CMB003	47.29	-122.448	2022-8856	2022-05-24	10.342	27.021	12.507	21.39
CMB003	47.29	-122.448	2022-8881	2022-06-21	11.644	26.726	9.342	2.036
CMB003	47.29	-122.448	2022-8946	2022-09-06	14.562	28.683	12.072	28.283
CMB003	47.29	-122.448	2022-9014	2022-11-10	11.36	29.897	6.372	0.438
CMB003	47.29	-122.448	2022-9033	2022-12-02	10.103	29.909		0.66
CMB003	47.29	-122.448	2023-9076	2023-02-17	8.533	29.3	8.063	1.388
CMB003	47.29	-122.448	2023-9115	2023-04-06	8.536	28.678	9.072	3.28
CMB003	47.29	-122.448	2023-9127	2023-05-10	9.87	27.846	11.848	10.988
CMB003	47.29	-122.448	2023-9194	2023-06-20	11.683	27.184	10.608	9.616
CMB003	47.29	-122.448	2023-9233	2023-07-14	12.818	28.533	10.221	10.189
CMB003	47.29	-122.448	2023-9250	2023-08-08	13.602	29.431	8.911	7.378
CMB003	47.29	-122.448	2023-9310	2023-10-17	12.995	30.164	5.817	1.122
CMB003	47.29	-122.448	2023-9343	2023-11-22	11.624	30.177	6.382	1.155
CMB003	47.29	-122.448	2024-9354	2024-01-10	10.089	28.96	7.133	0.86
CMB003	47.29	-122.448	2024-9384	2024-02-02	9.485	28.39	7.374	1.12
CMB003	47.29	-122.448	2024-9415	2024-03-13	9.028	28.808	8.204	3.032
CMB003	47.29	-122.448	2024-9447	2024-04-05	9.493	28.761	10.053	13.904
CMB003	47.29	-122.448	2024-9496	2024-05-15	11.178	27.82	12.076	37.913
CMB003	47.29	-122.448	2024-9522	2024-06-18	12.221	28.143	11.531	22.775
CMB003	47.29	-122.448	2024-9535	2024-07-08	12.881	29.127	9.867	25.481
CMB003	47.29	-122.448	2024-9572	2024-08-05	14.863	27.764	10.626	9.415
CMB003	47.29	-122.448	2024-9636	2024-10-10	13.125	29.629	6.917	5.036
CRR001	47.277	-122.708	2021-8326	2021-02-24	8.363	28.415	8.968	1.215
CRR001	47.277	-122.708	2021-8363	2021-03-17	8.58	28.35	10.168	1.049
CRR001	47.277	-122.708	2021-8382	2021-04-01	9.267	28.404	10.376	0.784
CRR001	47.277	-122.708	2021-8427	2021-05-05	10.67	28.821	12.2	10.62
CRR001	47.277	-122.708	2021-8460	2021-06-02	12.193	29.596		1.307
CRR001	47.277	-122.708	2021-8522	2021-07-30	15.629	29.511	13.165	15.721
CRR001	47.277	-122.708	2021-8555	2021-08-25	15.358	29.618	7.78	3.555
CRR001	47.277	-122.708	2021-8594	2021-09-16	14.69	29.87	8.303	17.599
CRR001	47.277	-122.708	2021-8625	2021-10-21	12.869	30.304	7.114	5.18
CRR001	47.277	-122.708	2021-8650	2021-12-03	11.102	29.502	7.179	1.757
CRR001	47.277	-122.708	2022-8686	2022-01-04	8.896	28.8	8.53	0.565
CRR001	47.277	-122.708	2022-8723	2022-02-02	8.473	28.088		1.164
CRR001	47.277	-122.708	2022-8778	2022-03-17	8.662	27.937	10.276	0.626
CRR001	47.277	-122.708	2022-8813	2022-04-14	8.712	28.422	11.543	15.357
CRR001	47.277	-122.708	2022-8830	2022-05-13	9.782	28.659	11.345	14.393
CRR001	47.277	-122.708	2022-8863	2022-06-10	12.192	28.571	11.65	10.498
CRR001	47.277	-122.708	2022-8902	2022-07-12	16.72	28.641	13.052	1.764
CRR001	47.277	-122.708	2022-8914	2022-08-03	16.571	28.859	11.67	3.636
CRR001	47.277	-122.708	2022-8953	2022-09-12	14.503	29.342	8.576	8.03
CRR001	47.277	-122.708	2022-8982	2022-10-12	13.302	29.806	5.466	2.494
CRR001	47.277	-122.708	2022-9021	2022-11-14	11.585	30.193	6.771	0.316
CRR001	47.277	-122.708	2023-9057	2023-02-08	8.337	29.477	8.368	0.56
CRR001	47.277	-122.708	2023-9109	2023-04-05	8.833	29.36	11.194	2.072
CRR001	47.277	-122.708	2023-9142	2023-05-16	13.02	29.229	13.984	9.481
CRR001	47.277	-122.708	2023-9167	2023-06-06	13.346	29.222	13.498	7.151
CRR001	47.277	-122.708	2023-9205	2023-07-03	16.019	29.144	12.184	1.466
CRR001	47.277	-122.708	2023-9244	2023-08-01	17.861	29.364	14.324	0.931
CRR001	47.277	-122.708	2023-9283	2023-09-01	15.302	29.823	8.845	8.878
CRR001	47.277	-122.708	2023-9304	2023-10-04	14.203	30.092	5.581	0.41
CRR001	47.277	-122.708	2023-9321	2023-11-02	12.696	30.384	6.289	1.319
CRR001	47.277	-122.708	2024-9361	2024-01-18	9.318	29.637	7.675	1.001
CRR001	47.277	-122.708	2024-9391	2024-02-08	9.167	28.936	8.019	2.428
CRR001	47.277	-122.708	2024-9422	2024-03-14	8.637	28.768	9.185	0.982
CRR001	47.277	-122.708	2024-9441	2024-04-04	9.912	28.779	9.797	4.341
CRR001	47.277	-122.708	2024-9472	2024-05-02	11.743	28.75	14.304	15.679
CRR001	47.277	-122.708	2024-9503	2024-06-05	12.409	28.991	10.114	6.316
CRR001	47.277	-122.708	2024-9529	2024-07-03	15.829	29.321	13.1	5.135
CRR001	47.277	-122.708	2024-9567	2024-08-02	18.467	29.475	11.078	3.896
CRR001	47.277	-122.708	2024-9630	2024-10-03	13.717	30.335	6.958	16.037
CSE001	47.265	-122.843	2021-8334	2021-02-25	8.051	27.494	9.244	1.256
CSE001	47.265	-122.843	2021-8364	2021-03-17	8.578	28.08	8.882	1.841
CSE001	47.265	-122.843	2021-8383	2021-04-01	8.979	28.06	8.799	0.406
CSE001	47.265	-122.843	2021-8428	2021-05-05	11.274	28.485	10.134	0.843
CSE001	47.265	-122.843	2021-8461	2021-06-02	13.384			7.906
CSE001	47.265	-122.843	2021-8499	2021-07-08	15.414	29.153	10.312	7.654
CSE001	47.265	-122.843	2021-8530	2021-08-03	16.545	29.344	9.948	8.634
CSE001	47.265	-122.843	2021-8595	2021-09-16	15.51	29.719	9.318	10.895
CSE001	47.265	-122.843	2021-8626	2021-10-21	13.243	30.036	6.624	3.071
CSE001	47.265	-122.843	2021-8651	2021-12-03	10.946	28.518	7.747	2.673
CSE001	47.265	-122.843	2022-8690	2022-01-05	8.387	28.083	8.569	0.879
CSE001	47.265	-122.843	2022-8724	2022-02-02	8.435	27.512	8.286	1.426
CSE001	47.265	-122.843	2022-8779	2022-03-17	8.591	27.451	8.529	1.36
CSE001	47.265	-122.843	2022-8814	2022-04-14	9.19	27.833	11.739	7.063
CSE001	47.265	-122.843	2022-8831	2022-05-13	10.38	28.147	12.119	17.646
CSE001	47.265	-122.843	2022-8864	2022-06-10	12.547	28.15	10.106	7.029
CSE001	47.265	-122.843	2022-8903	2022-07-12	16.16	28.228	11.477	17.639
CSE001	47.265	-122.843	2022-8915	2022-08-03	16.675	28.661	10.782	9.811
CSE001	47.265	-122.843	2022-8954	2022-09-12	14.963	29.248	7.89	7.002
CSE001	47.265	-122.843	2022-8983	2022-10-12	14.102	29.669	6.845	4.537
CSE001	47.265	-122.843	2022-9022	2022-11-14	11.41	29.819	7.358	0.844
CSE001	47.265	-122.843	2023-9058	2023-02-08	8.132	29.035	8.534	0.666
CSE001	47.265	-122.843	2023-9110	2023-04-05	8.581	28.884	12.1	10.352
CSE001	47.265	-122.843	2023-9143	2023-05-16	11.761	28.945	9.664	0.928
CSE001	47.265	-122.843	2023-9168	2023-06-06	12.944	28.975	9.08	0.986
CSE001	47.265	-122.843	2023-9206	2023-07-03	15.299	29.052	9.498	6.157
CSE001	47.265	-122.843	2023-9245	2023-08-01	17.109	29.199	10.532	5.585
CSE001	47.265	-122.843	2023-9284	2023-09-01	16.24	29.675	9.707	9.814
CSE001	47.265	-122.843	2023-9305	2023-10-04	14.381	30.154	6.793	1.246
CSE001	47.265	-122.843	2023-9322	2023-11-02	12.972	30.21	6.608	0.934
CSE001	47.265	-122.843	2024-9362	2024-01-18	8.773	29.217	7.951	1.253
CSE001	47.265	-122.843	2024-9392	2024-02-08	9.149	28.588	7.667	2.084
CSE001	47.265	-122.843	2024-9423	2024-03-14	8.745	28.167	8.502	1.213
CSE001	47.265	-122.843	2024-9442	2024-04-04	10.058	28.202	9.699	3.899
CSE001	47.265	-122.843	2024-9473	2024-05-02	11.483	28.301	12.327	4.621
CSE001	47.265	-122.843	2024-9504	2024-06-05	12.616	28.681	9.954	3.853
CSE001	47.265	-122.843	2024-9530	2024-07-03	15.502	29.007	11.934	7.81
CSE001	47.265	-122.843	2024-9568	2024-08-02	17.203	29.342	8.454	12.249
CSE001	47.265	-122.843	2024-9631	2024-10-03	14.267	30.203	6.791	4.614
DNA001	47.162	-122.87	2021-8335	2021-02-25	8.068	26.893	8.815	0.961
DNA001	47.162	-122.87	2021-8365	2021-03-17	8.564	27.917	8.861	1.059
DNA001	47.162	-122.87	2021-8384	2021-04-01	8.922	28.019	8.766	0.564
DNA001	47.162	-122.87	2021-8429	2021-05-05	10.727	28.576	10.475	1.619
DNA001	47.162	-122.87	2021-8462	2021-06-02	12.713	28.958	9.241	1.51
DNA001	47.162	-122.87	2021-8500	2021-07-08	13.978	29.286	8.94	3.096
DNA001	47.162	-122.87	2021-8531	2021-08-03	15.164	29.454	9.152	5.643
DNA001	47.162	-122.87	2021-8596	2021-09-16	15.563	29.738	8.523	8.131
DNA001	47.162	-122.87	2021-8627	2021-10-21	13.136	29.974	6.717	3.592
DNA001	47.162	-122.87	2021-8652	2021-12-03	11.025	28.828	7.114	1.906
DNA001	47.162	-122.87	2022-8687	2022-01-04	8.021	27.487	8.866	1.037
DNA001	47.162	-122.87	2022-8725	2022-02-02	8.378	27.389	8.187	1.256
DNA001	47.162	-122.87	2022-8780	2022-03-17	8.545	27.302	8.754	2.478
DNA001	47.162	-122.87	2022-8815	2022-04-14	8.84	27.806	10.016	7.029
DNA001	47.162	-122.87	2022-8832	2022-05-13	10.002	28.285	10.511	10.365
DNA001	47.162	-122.87	2022-8865	2022-06-10	12.784	27.306	9.689	4.736
DNA001	47.162	-122.87	2022-8904	2022-07-12	15.249	28.397	9.869	6.548
DNA001	47.162	-122.87	2022-8916	2022-08-03	15.102	28.762	9.121	7.025
DNA001	47.162	-122.87	2022-8955	2022-09-12	14.963	29.262	7.329	3.445
DNA001	47.162	-122.87	2022-8984	2022-10-12	14.22	29.656	6.793	3.456
DNA001	47.162	-122.87	2022-9023	2022-11-14	11.354	29.793	6.937	0.889
DNA001	47.162	-122.87	2023-9077	2023-02-17	8.124	28.89	8.513	1.224
DNA001	47.162	-122.87	2023-9111	2023-04-05	8.453	28.924	10.961	4.652
DNA001	47.162	-122.87	2023-9144	2023-05-16	11.46	28.91	9.599	1.633
DNA001	47.162	-122.87	2023-9169	2023-06-06	13.383	28.961	9.912	3.38
DNA001	47.162	-122.87	2023-9207	2023-07-03	14.418	29.072	8.885	2.111
DNA001	47.162	-122.87	2023-9246	2023-08-01				4.269
DNA001	47.162	-122.87	2023-9285	2023-09-01	15.687	29.774	8.611	7.129
DNA001	47.162	-122.87	2023-9306	2023-10-04	14.263	30.181	6.632	1.851
DNA001	47.162	-122.87	2024-9363	2024-01-18	8.349	28.833	8.106	1.537
DNA001	47.162	-122.87	2024-9393	2024-02-08	9.259	28.521	7.578	1.802
DNA001	47.162	-122.87	2024-9424	2024-03-14	8.776	28.21	8.451	1.632
DNA001	47.162	-122.87	2024-9443	2024-04-04	9.863	28.296	9.333	3.573
DNA001	47.162	-122.87	2024-9474	2024-05-02	10.915	28.429	10.465	4.265
DNA001	47.162	-122.87	2024-9505	2024-06-05	12.039	28.869	9.396	3.394
DNA001	47.162	-122.87	2024-9531	2024-07-03	13.632	29.237	9.503	9.061
DNA001	47.162	-122.87	2024-9569	2024-08-02	15.06	29.58	8.646	7.318
DNA001	47.162	-122.87	2024-9632	2024-10-03	14.425	30.169	7.238	6.52
EAP001	47.417	-122.38	2021-8293	2021-01-07	9.039	28.49	8.466	1.842
EAP001	47.417	-122.38	2021-8327	2021-02-24	8.588	28.379		0.846
EAP001	47.417	-122.38	2021-8357	2021-03-16	8.505	28.963	8.382	0.457
EAP001	47.417	-122.38	2021-8389	2021-04-02	8.696	29.123	9.468	2.922
EAP001	47.417	-122.38	2021-8421	2021-05-04	10.47	28.66	12.756	8.582
EAP001	47.417	-122.38	2021-8467	2021-06-03	12.373			20.727
EAP001	47.417	-122.38	2021-8523	2021-07-30	13.165	29.76	8.064	3.0
EAP001	47.417	-122.38	2021-8556	2021-08-25	14.196	29.892	9.395	4.892
EAP001	47.417	-122.38	2021-8588	2021-09-15	13.717	30.225	7.091	4.064
EAP001	47.417	-122.38	2021-8619	2021-10-19	12.34	30.472	7.228	4.488
EAP001	47.417	-122.38	2021-8664	2021-12-09	10.519	28.793	7.595	1.755
EAP001	47.417	-122.38	2022-8717	2022-01-26	8.46	27.841	8.487	1.137
EAP001	47.417	-122.38	2022-8748	2022-02-23	8.039	28.719		1.328
EAP001	47.417	-122.38	2022-8785	2022-03-25	8.701	28.595	8.635	1.964
EAP001	47.417	-122.38	2022-8820	2022-04-15	8.582	28.675	9.159	2.041
EAP001	47.417	-122.38	2022-8857	2022-05-24	11.802	28.611	14.901	13.223
EAP001	47.417	-122.38	2022-8882	2022-06-21	11.445	28.63	9.095	1.245
EAP001	47.417	-122.38	2022-8947	2022-09-06	14.115	29.487	10.848	16.964
EAP001	47.417	-122.38	2022-9015	2022-11-10	11.156	30.134	6.61	0.423
EAP001	47.417	-122.38	2022-9034	2022-12-02	10.143	30.374		0.411
EAP001	47.417	-122.38	2023-9078	2023-02-17	8.286	29.595	8.486	1.43
EAP001	47.417	-122.38	2023-9116	2023-04-06	8.505	29.709	9.599	2.449
EAP001	47.417	-122.38	2023-9128	2023-05-10	10.078	29.226	12.132	10.021
EAP001	47.417	-122.38	2023-9195	2023-06-20	11.957	29.052	11.59	21.827
EAP001	47.417	-122.38	2023-9234	2023-07-14	14.179	29.444	12.614	15.067
EAP001	47.417	-122.38	2023-9251	2023-08-08	13.642	29.956	9.131	8.191
EAP001	47.417	-122.38	2023-9311	2023-10-17	13.074	30.685	6.31	1.323
EAP001	47.417	-122.38	2023-9344	2023-11-22	11.494	30.622	6.752	0.817
EAP001	47.417	-122.38	2024-9355	2024-01-10	10.117	29.976	7.444	0.777
EAP001	47.417	-122.38	2024-9385	2024-02-02	9.691	28.258	7.989	2.824
EAP001	47.417	-122.38	2024-9416	2024-03-13	8.969	29.277	8.369	1.913
EAP001	47.417	-122.38	2024-9448	2024-04-05	9.52	29.079	10.499	11.951
EAP001	47.417	-122.38	2024-9497	2024-05-15	11.832	29.297	13.786	28.497
EAP001	47.417	-122.38	2024-9523	2024-06-18	12.588	29.106	11.863	30.704
EAP001	47.417	-122.38	2024-9536	2024-07-08	13.487	29.666	12.834	26.345
EAP001	47.417	-122.38	2024-9573	2024-08-05	14.496	29.903	10.885	11.99
EAP001	47.417	-122.38	2024-9637	2024-10-10	13.154	30.538	7.508	5.004
ELB015	47.597	-122.368	2021-8294	2021-01-07	9.32	28.399	8.113	1.81
ELB015	47.597	-122.368	2021-8328	2021-02-24	8.556	28.314	8.613	1.23
ELB015	47.597	-122.368	2021-8358	2021-03-16	8.521	28.253	8.234	0.42
ELB015	47.597	-122.368	2021-8390	2021-04-02	8.64	27.976	8.647	0.562
ELB015	47.597	-122.368	2021-8422	2021-05-04	9.91	28.619	10.171	1.071
ELB015	47.597	-122.368	2021-8468	2021-06-03	12.022	27.538	13.024	12.625
ELB015	47.597	-122.368	2021-8524	2021-07-30	13.65	29.247	7.853	3.34
ELB015	47.597	-122.368	2021-8557	2021-08-25	13.219	29.787	6.395	1.964
ELB015	47.597	-122.368	2021-8589	2021-09-15	13.564	29.535	6.346	2.894
ELB015	47.597	-122.368	2021-8620	2021-10-19	12.509	30.375	5.772	1.711
ELB015	47.597	-122.368	2021-8665	2021-12-09	10.506	28.248	7.396	2.052
ELB015	47.597	-122.368	2022-8718	2022-01-26	8.477	26.156	8.682	1.513
ELB015	47.597	-122.368	2022-8749	2022-02-23	8.308	27.883		0.919
ELB015	47.597	-122.368	2022-8786	2022-03-25	8.399	27.72	8.157	1.47
ELB015	47.597	-122.368	2022-8821	2022-04-15	8.76	28.566	8.89	1.179
ELB015	47.597	-122.368	2022-8858	2022-05-24	10.558	27.907	13.118	21.444
ELB015	47.597	-122.368	2022-8883	2022-06-21	11.133	27.805	9.261	2.607
ELB015	47.597	-122.368	2022-8948	2022-09-06	13.466	29.383	7.415	1.569
ELB015	47.597	-122.368	2022-9016	2022-11-10	10.469	28.719	7.636	0.836
ELB015	47.597	-122.368	2022-9035	2022-12-02	10.315	29.766		0.443
ELB015	47.597	-122.368	2023-9079	2023-02-17	8.364	28.85	8.305	1.465
ELB015	47.597	-122.368	2023-9117	2023-04-06	8.279	29.63	9.065	1.535
ELB015	47.597	-122.368	2023-9129	2023-05-10	10.192	27.492	13.137	7.641
ELB015	47.597	-122.368	2023-9196	2023-06-20	11.36	28.639	9.719	3.963
ELB015	47.597	-122.368	2023-9235	2023-07-14	12.788	29.186	9.738	5.017
ELB015	47.597	-122.368	2023-9252	2023-08-08	13.206	29.754	7.866	4.219
ELB015	47.597	-122.368	2023-9312	2023-10-17	12.999	30.423	5.911	0.919
ELB015	47.597	-122.368	2023-9345	2023-11-22	11.329	29.706	6.866	0.783
ELB015	47.597	-122.368	2024-9356	2024-01-10	10.228	29.794	7.259	0.822
ELB015	47.597	-122.368	2024-9386	2024-02-02	9.629	29.183	7.598	1.584
ELB015	47.597	-122.368	2024-9417	2024-03-13	9.018	28.728	8.108	1.021
ELB015	47.597	-122.368	2024-9449	2024-04-05	9.411	28.361	10.816	16.162
ELB015	47.597	-122.368	2024-9498	2024-05-15	11.186	27.739	12.365	14.195
ELB015	47.597	-122.368	2024-9524	2024-06-18	12.518	28.808	11.412	12.018
ELB015	47.597	-122.368	2024-9537	2024-07-08	13.152	29.26	11.205	25.129
ELB015	47.597	-122.368	2024-9574	2024-08-05	13.919	29.46	8.737	7.185
ELB015	47.597	-122.368	2024-9638	2024-10-10	13.055	30.408	6.999	8.415
GOR001	47.183	-122.633	2021-8329	2021-02-24	8.463	28.048	8.34	0.71
GOR001	47.183	-122.633	2021-8366	2021-03-17	8.353	28.326	8.552	0.695
GOR001	47.183	-122.633	2021-8385	2021-04-01	8.775	28.655	8.459	0.317
GOR001	47.183	-122.633	2021-8430	2021-05-05	10.051	28.924	9.81	0.52
GOR001	47.183	-122.633	2021-8463	2021-06-02	11.357	29.224	9.391	2.09
GOR001	47.183	-122.633	2021-8525	2021-07-30	13.992	29.522	9.255	7.572
GOR001	47.183	-122.633	2021-8558	2021-08-25	14.226	29.621	6.971	2.23
GOR001	47.183	-122.633	2021-8597	2021-09-16	14.416	29.847	7.368	4.89
GOR001	47.183	-122.633	2021-8628	2021-10-21	12.73	30.293	6.084	1.912
GOR001	47.183	-122.633	2021-8653	2021-12-03	11.121	29.396	6.96	1.611
GOR001	47.183	-122.633	2022-8688	2022-01-04	9.246	28.699	8.062	0.552
GOR001	47.183	-122.633	2022-8726	2022-02-02	8.471	28.081		0.839
GOR001	47.183	-122.633	2022-8781	2022-03-17	8.49	28.079	9.087	1.607
GOR001	47.183	-122.633	2022-8816	2022-04-14	8.555	28.289	9.922	5.289
GOR001	47.183	-122.633	2022-8833	2022-05-13	9.509	28.362	10.148	5.242
GOR001	47.183	-122.633	2022-8866	2022-06-10	11.424	27.891	9.657	3.214
GOR001	47.183	-122.633	2022-8905	2022-07-12	12.694	28.613	8.407	2.674
GOR001	47.183	-122.633	2022-8917	2022-08-03	13.853	28.949	8.691	2.743
GOR001	47.183	-122.633	2022-8956	2022-09-12	13.727	29.552	7.096	2.848
GOR001	47.183	-122.633	2022-8985	2022-10-12	13.371	29.948	6.579	2.205
GOR001	47.183	-122.633	2023-9059	2023-02-08	8.322	29.315	8.197	0.529
GOR001	47.183	-122.633	2023-9112	2023-04-05	8.343	29.164	10.196	3.588
GOR001	47.183	-122.633	2023-9145	2023-05-16	10.54	29.041	9.512	0.954
GOR001	47.183	-122.633	2023-9170	2023-06-06	11.639	29.125	9.615	1.309
GOR001	47.183	-122.633	2023-9208	2023-07-03	12.851	29.117	8.581	0.514
GOR001	47.183	-122.633	2023-9247	2023-08-01	13.903	29.58	8.536	2.125
GOR001	47.183	-122.633	2023-9286	2023-09-01	14.447	29.972	7.526	1.53
GOR001	47.183	-122.633	2023-9307	2023-10-04	13.739	30.315	6.222	0.752
GOR001	47.183	-122.633	2023-9323	2023-11-02	12.67	30.443	6.086	0.668
GOR001	47.183	-122.633	2024-9364	2024-01-18	9.165	29.26	7.743	1.036
GOR001	47.183	-122.633	2024-9394	2024-02-08	9.303	29.072	7.545	1.35
GOR001	47.183	-122.633	2024-9425	2024-03-14	8.945	28.847	8.214	1.294
GOR001	47.183	-122.633	2024-9444	2024-04-04	9.571	28.636	9.162	2.091
GOR001	47.183	-122.633	2024-9475	2024-05-02	10.927	28.463	10.274	2.862
GOR001	47.183	-122.633	2024-9506	2024-06-05	11.5	29.054	9.025	2.779
GOR001	47.183	-122.633	2024-9532	2024-07-03	12.928	29.3	9.456	5.959
GOR001	47.183	-122.633	2024-9570	2024-08-02	14.627	29.442	8.854	7.063
GOR001	47.183	-122.633	2024-9633	2024-10-03	13.655	30.395	6.733	4.424
GRG002	48.808	-122.953	2021-8319	2021-02-09	7.242	27.905	8.989	1.669
GRG002	48.808	-122.953	2021-8351	2021-03-10	7.61	29.987	8.194	1.031
GRG002	48.808	-122.953	2021-8404	2021-04-07	8.317	28.374	10.306	5.81
GRG002	48.808	-122.953	2021-8437	2021-05-11	11.073	23.776	9.166	1.424
GRG002	48.808	-122.953	2021-8474	2021-06-07	10.409	28.478	7.85	3.87
GRG002	48.808	-122.953	2021-8507	2021-07-13	17.193	19.228	10.05	6.557
GRG002	48.808	-122.953	2021-8538	2021-08-09	16.237	25.258	7.971	5.458
GRG002	48.808	-122.953	2021-8571	2021-09-07	13.395	27.994	6.697	3.429
GRG002	48.808	-122.953	2021-8602	2021-10-06	11.662	25.526	6.875	2.731
GRG002	48.808	-122.953	2021-8644	2021-11-10	9.736	30.395	6.401	1.416
GRG002	48.808	-122.953	2021-8678	2021-12-16	8.793	29.431	7.167	1.487
GRG002	48.808	-122.953	2022-8739	2022-02-10	7.783	28.635		0.754
GRG002	48.808	-122.953	2022-8769	2022-03-11	7.643	27.874	9.92	2.055
GRG002	48.808	-122.953	2022-8810	2022-04-07	8.324	29.887	7.892	0.524
GRG002	48.808	-122.953	2022-8838	2022-05-16	8.998	29.63	7.942	0.765
GRG002	48.808	-122.953	2022-8889	2022-07-06	12.167	26.279	7.526	3.854
GRG002	48.808	-122.953	2022-8922	2022-08-08	15.158	24.499	7.416	2.255
GRG002	48.808	-122.953	2022-8969	2022-10-03	11.804	28.429	6.098	2.247
GRG002	48.808	-122.953	2022-8998	2022-11-01	10.205	29.665	6.074	0.637
GRG002	48.808	-122.953	2022-9041	2022-12-12	8.398	30.49	7.176	0.452
GRG002	48.808	-122.953	2023-9064	2023-02-14	7.61	28.978	8.618	0.716
GRG002	48.808	-122.953	2023-9085	2023-03-13	7.474	29.948	8.399	0.633
GRG002	48.808	-122.953	2023-9160	2023-05-19	9.478	29.869	8.31	2.211
GRG002	48.808	-122.953	2023-9221	2023-07-10	11.549	29.94	6.535	0.806
GRG002	48.808	-122.953	2023-9277	2023-08-16	15.167	26.182	8.448	3.894
GRG002	48.808	-122.953	2023-9301	2023-09-13	13.601	28.783	7.682	3.93
GRG002	48.808	-122.953	2024-9399	2024-02-12	8.445	29.724	7.952	0.846
GRG002	48.808	-122.953	2024-9455	2024-04-09	8.832	29.654	8.987	1.04
GRG002	48.808	-122.953	2024-9480	2024-05-06	9.753	28.947	8.3	1.303
GRG002	48.808	-122.953	2024-9512	2024-06-10	11.719	26.925	9.525	11.796
GRG002	48.808	-122.953	2024-9557	2024-07-24	13.087	29.24	8.127	15.061
GRG002	48.808	-122.953	2024-9584	2024-08-12	12.873	28.504	7.295	5.464
GRG002	48.808	-122.953	2024-9617	2024-09-23	12.618	29.458	6.899	6.232
GRG002	48.808	-122.953	2024-9648	2024-10-21	10.559	30.08	6.202	3.189
GYS008	46.938	-123.912	2021-8373	2021-03-26	9.144	12.872	10.171	1.76
GYS008	46.938	-123.912	2021-8412	2021-04-21	13.351	23.7	8.812	2.795
GYS008	46.938	-123.912	2021-8451	2021-05-25	12.792	24.152	7.415	2.169
GYS008	46.938	-123.912	2021-8496	2021-06-24	16.223	23.86	6.719	3.108
GYS008	46.938	-123.912	2021-8562	2021-09-02	17.312	25.144	6.773	5.596
GYS008	46.938	-123.912	2021-8656	2021-12-07	9.373	18.467	9.474	2.799
GYS008	46.938	-123.912	2022-8704	2022-01-18	8.236	10.167	10.605	1.657
GYS008	46.938	-123.912	2022-8790	2022-04-01	10.455	19.906	9.433	2.557
GYS008	46.938	-123.912	2022-8873	2022-06-15	13.773	13.194	8.437	4.302
GYS008	46.938	-123.912	2022-8934	2022-08-22	19.978	23.335	7.058	4.681
GYS008	46.938	-123.912	2022-8959	2022-09-15	15.86	27.263	6.41	3.203
GYS008	46.938	-123.912	2022-8988	2022-10-17	13.761	27.956	7.268	2.426
GYS008	46.938	-123.912	2023-9101	2023-03-30	9.057	17.72	10.148	1.44
GYS008	46.938	-123.912	2023-9133	2023-05-11	13.594	13.63	9.596	2.074
GYS008	46.938	-123.912	2023-9173	2023-06-08	15.179	24.096	7.365	3.492
GYS008	46.938	-123.912	2023-9217	2023-07-07	16.757	25.821	6.872	3.53
GYS008	46.938	-123.912	2023-9256	2023-08-10	19.328	28.272	7.506	5.071
GYS008	46.938	-123.912	2024-9432	2024-03-22	10.552	18.758	9.396	2.872
GYS008	46.938	-123.912	2024-9596	2024-08-20	16.433	28.263	6.531	5.371
GYS008	46.938	-123.912	2024-9607	2024-09-17	16.69	27.023	7.129	5.942
GYS016	46.953	-124.092	2021-8374	2021-03-26	8.986	25.682	9.623	2.642
GYS016	46.953	-124.092	2021-8413	2021-04-21	11.734	28.376	7.602	3.779
GYS016	46.953	-124.092	2021-8452	2021-05-25	12.822	26.962	8.276	3.027
GYS016	46.953	-124.092	2021-8497	2021-06-24	15.314	28.439	7.269	4.398
GYS016	46.953	-124.092	2021-8563	2021-09-02	14.008	31.685	6.924	5.297
GYS016	46.953	-124.092	2021-8657	2021-12-07	9.317	22.841	9.486	2.646
GYS016	46.953	-124.092	2022-8705	2022-01-18	8.671	16.786	10.39	1.202
GYS016	46.953	-124.092	2022-8791	2022-04-01	9.608	27.897	9.358	6.008
GYS016	46.953	-124.092	2022-8874	2022-06-15	13.662	21.456	8.607	3.905
GYS016	46.953	-124.092	2022-8935	2022-08-22	18.874	28.405	8.487	5.249
GYS016	46.953	-124.092	2022-8960	2022-09-15	14.836	30.964	7.255	3.006
GYS016	46.953	-124.092	2022-8989	2022-10-17	12.365	31.634	7.711	3.404
GYS016	46.953	-124.092	2022-9026	2022-11-21	9.203	29.989	9.104	3.934
GYS016	46.953	-124.092	2023-9102	2023-03-30	8.689	25.159	10.292	3.906
GYS016	46.953	-124.092	2023-9134	2023-05-11	13.481	22.719	8.313	3.122
GYS016	46.953	-124.092	2023-9174	2023-06-08	14.81	29.726	7.229	2.789
GYS016	46.953	-124.092	2023-9218	2023-07-07	15.727	30.689	7.179	5.019
GYS016	46.953	-124.092	2023-9257	2023-08-10	16.29	31.454	9.407	13.485
GYS016	46.953	-124.092	2024-9433	2024-03-22	10.82	20.553	9.332	3.296
GYS016	46.953	-124.092	2024-9559	2024-07-30	13.862	30.89	9.114	23.365
GYS016	46.953	-124.092	2024-9597	2024-08-20	15.589	30.378	7.215	7.09
GYS016	46.953	-124.092	2024-9608	2024-09-17	14.933	30.43	6.889	7.184
HCB003	47.538	-123.008	2021-8338	2021-02-26	9.18	28.132	7.441	0.451
HCB003	47.538	-123.008	2021-8369	2021-03-18	9.36	26.648	11.488	13.896
HCB003	47.538	-123.008	2021-8408	2021-04-19	12.678	26.41		0.49
HCB003	47.538	-123.008	2021-8447	2021-05-21	13.349	27.438	10.845	3.594
HCB003	47.538	-123.008	2021-8486	2021-06-18	15.836	26.589	10.938	1.312
HCB003	47.538	-123.008	2021-8517	2021-07-21	19.826	26.536	9.161	3.372
HCB003	47.538	-123.008	2021-8550	2021-08-23	16.086	28.609	9.244	5.477
HCB003	47.538	-123.008	2021-8583	2021-09-13	16.282	28.231	9.005	5.68
HCB003	47.538	-123.008	2021-8614	2021-10-11	11.448	28.73	5.719	3.428
HCB003	47.538	-123.008	2021-8631	2021-11-03	10.839	27.842	6.947	2.752
HCB003	47.538	-123.008	2021-8682	2021-12-21	8.009	26.278	9.024	3.045
HCB003	47.538	-123.008	2022-8712	2022-01-21	8.051	24.561	9.393	3.345
HCB003	47.538	-123.008	2022-8743	2022-02-18	8.917	25.222		21.438
HCB003	47.538	-123.008	2022-8773	2022-03-16	9.914	27.628	7.414	16.872
HCB003	47.538	-123.008	2022-8825	2022-05-10	12.027	26.379	12.996	1.132
HCB003	47.538	-123.008	2022-8869	2022-06-14	14.526	24.349	10.73	1.456
HCB003	47.538	-123.008	2022-8942	2022-09-01	18.227	26.95	8.852	5.454
HCB003	47.538	-123.008	2022-9010	2022-11-07	10.168	27.881	6.216	3.465
HCB003	47.538	-123.008	2022-9053	2022-12-16	9.205	27.882	6.151	3.074
HCB003	47.538	-123.008	2023-9097	2023-03-24	9.231	28.834	8.047	19.751
HCB003	47.538	-123.008	2023-9121	2023-04-14	9.827	25.323	14.89	24.116
HCB003	47.538	-123.008	2023-9162	2023-05-22	15.954	26.136	7.275	1.084
HCB003	47.538	-123.008	2023-9200	2023-06-23	16.751	25.317	11.162	1.554
HCB003	47.538	-123.008	2023-9239	2023-07-18	20.46	26.678	9.764	1.13
HCB003	47.538	-123.008	2023-9278	2023-08-22	19.167	26.886	9.603	2.554
HCB003	47.538	-123.008	2023-9316	2023-10-18	11.355	26.507	6.46	3.808
HCB003	47.538	-123.008	2023-9339	2023-11-20	10.277	27.02	7.494	27.51
HCB003	47.538	-123.008	2024-9367	2024-01-19	7.954	26.613	7.954	2.672
HCB003	47.538	-123.008	2024-9411	2024-02-21	8.866	24.646	9.088	3.596
HCB003	47.538	-123.008	2024-9428	2024-03-19	9.984	25.105	14.217	32.239
HCB003	47.538	-123.008	2024-9467	2024-04-23	12.023	26.156	12.639	5.983
HCB003	47.538	-123.008	2024-9492	2024-05-14	14.619	26.585	11.859	1.006
HCB003	47.538	-123.008	2024-9541	2024-07-09	19.962	27.179	8.337	3.829
HCB003	47.538	-123.008	2024-9578	2024-08-07	16.939	28.605	10.026	8.695
HCB003	47.538	-123.008	2024-9603	2024-09-04	15.74	28.686	9.378	16.449
HCB003	47.538	-123.008	2024-9642	2024-10-11	12.583	29.036	8.56	29.979
HCB004	47.357	-123.023	2021-8298	2021-01-08	8.969	21.098	8.379	2.486
HCB004	47.357	-123.023	2021-8339	2021-02-26	8.878	25.131	8.149	0.742
HCB004	47.357	-123.023	2021-8370	2021-03-18	10.206	26.601	15.648	26.355
HCB004	47.357	-123.023	2021-8409	2021-04-19	13.445	25.816		0.591
HCB004	47.357	-123.023	2021-8448	2021-05-21	14.466	26.618	9.401	3.925
HCB004	47.357	-123.023	2021-8487	2021-06-18	16.426			1.53
HCB004	47.357	-123.023	2021-8518	2021-07-21	19.084	26.539	10.258	3.127
HCB004	47.357	-123.023	2021-8551	2021-08-23	15.737	28.033	6.661	10.183
HCB004	47.357	-123.023	2021-8584	2021-09-13	16.395	26.763	7.515	10.52
HCB004	47.357	-123.023	2021-8615	2021-10-11	11.934	26.654	6.098	11.404
HCB004	47.357	-123.023	2021-8632	2021-11-03	10.937	27.076	4.832	3.595
HCB004	47.357	-123.023	2021-8683	2021-12-21	7.839	21.618	9.221	3.77
HCB004	47.357	-123.023	2022-8713	2022-01-21	8.853	23.608	7.879	9.081
HCB004	47.357	-123.023	2022-8744	2022-02-18	9.045	23.077		19.223
HCB004	47.357	-123.023	2022-8774	2022-03-16	9.703	23.236	10.86	29.869
HCB004	47.357	-123.023	2022-8826	2022-05-10	12.383	24.616	9.467	1.687
HCB004	47.357	-123.023	2022-8870	2022-06-14	14.926	22.93	9.788	6.808
HCB004	47.357	-123.023	2022-8943	2022-09-01	18.139	26.638	7.324	8.268
HCB004	47.357	-123.023	2022-9011	2022-11-07	9.879	26.209	8.442	12.018
HCB004	47.357	-123.023	2022-9054	2022-12-16	9.513	27.347	4.001	1.855
HCB004	47.357	-123.023	2023-9098	2023-03-24	9.633	25.98	9.89	14.033
HCB004	47.357	-123.023	2023-9122	2023-04-14	10.274	24.652	11.806	16.903
HCB004	47.357	-123.023	2023-9163	2023-05-22	17.146	19.824	9.908	1.094
HCB004	47.357	-123.023	2023-9201	2023-06-23	18.602	23.07	9.823	1.143
HCB004	47.357	-123.023	2023-9240	2023-07-18	19.629	26.156	9.056	1.292
HCB004	47.357	-123.023	2023-9279	2023-08-22	16.317	27.835	9.212	5.62
HCB004	47.357	-123.023	2023-9317	2023-10-18	11.354	27.17	3.332	1.738
HCB004	47.357	-123.023	2023-9340	2023-11-20	10.095	25.357	5.961	17.25
HCB004	47.357	-123.023	2024-9368	2024-01-19	7.094	23.994	8.044	3.645
HCB004	47.357	-123.023	2024-9412	2024-02-21	8.529	20.876	9.884	2.727
HCB004	47.357	-123.023	2024-9429	2024-03-19	10.749	21.239	10.796	4.687
HCB004	47.357	-123.023	2024-9468	2024-04-23	12.819	24.293	10.997	1.324
HCB004	47.357	-123.023	2024-9493	2024-05-14	15.016	25.645	12.347	1.446
HCB004	47.357	-123.023	2024-9542	2024-07-09	20.42	26.382	6.823	8.496
HCB004	47.357	-123.023	2024-9579	2024-08-07	18.049	27.76	7.329	8.694
HCB004	47.357	-123.023	2024-9604	2024-09-04	17.798	27.509	8.8	6.771
HCB004	47.357	-123.023	2024-9643	2024-10-11	13.214	28.413	9.838	32.34
HCB007	47.398	-122.928	2021-8299	2021-01-08	8.91	20.578	8.116	3.063
HCB007	47.398	-122.928	2021-8340	2021-02-26	8.517	24.033	9.2	1.018
HCB007	47.398	-122.928	2021-8371	2021-03-18	10.423	24.862	18.394	21.167
HCB007	47.398	-122.928	2021-8410	2021-04-19	14.527	25.61		0.84
HCB007	47.398	-122.928	2021-8449	2021-05-21	15.423	26.031	8.947	2.898
HCB007	47.398	-122.928	2021-8488	2021-06-18	17.503	25.261	10.31	1.384
HCB007	47.398	-122.928	2021-8519	2021-07-21	20.117	26.117	10.114	3.602
HCB007	47.398	-122.928	2021-8552	2021-08-23	16.941	27.529	7.578	13.358
HCB007	47.398	-122.928	2021-8585	2021-09-13	18.152	26.997	8.429	9.711
HCB007	47.398	-122.928	2021-8616	2021-10-11	12.461	26.403	5.659	12.81
HCB007	47.398	-122.928	2021-8633	2021-11-03	10.912	26.016	4.62	5.034
HCB007	47.398	-122.928	2022-8714	2022-01-21	8.612	20.699	8.981	10.327
HCB007	47.398	-122.928	2022-8745	2022-02-18	9.555	25.13		13.758
HCB007	47.398	-122.928	2022-8775	2022-03-16	9.726	22.072	11.143	17.739
HCB007	47.398	-122.928	2022-8827	2022-05-10	12.592	24.979	8.882	2.186
HCB007	47.398	-122.928	2022-8871	2022-06-14	15.49	21.996	9.635	7.978
HCB007	47.398	-122.928	2022-8944	2022-09-01	20.881	25.363	7.995	4.882
HCB007	47.398	-122.928	2022-9012	2022-11-07	9.762	25.642	8.706	16.21
HCB007	47.398	-122.928	2022-9055	2022-12-16	9.03	26.41	3.605	1.492
HCB007	47.398	-122.928	2023-9099	2023-03-24	9.779	23.341	13.017	3.88
HCB007	47.398	-122.928	2023-9123	2023-04-14	10.626	23.905	11.829	21.315
HCB007	47.398	-122.928	2023-9164	2023-05-22	18.95	19.934	9.054	2.768
HCB007	47.398	-122.928	2023-9202	2023-06-23	18.129	23.441	10.068	1.416
HCB007	47.398	-122.928	2023-9241	2023-07-18	21.829	25.057	8.558	2.039
HCB007	47.398	-122.928	2023-9280	2023-08-22	20.266	26.431	8.441	3.404
HCB007	47.398	-122.928	2023-9318	2023-10-18	11.787	26.425	3.426	3.278
HCB007	47.398	-122.928	2023-9341	2023-11-20	10.102	24.55	6.864	20.631
HCB007	47.398	-122.928	2024-9369	2024-01-19	5.6	23.391	9.253	2.668
HCB007	47.398	-122.928	2024-9413	2024-02-21	9.181	23.665	7.351	2.407
HCB007	47.398	-122.928	2024-9430	2024-03-19	10.829	22.459	9.537	5.396
HCB007	47.398	-122.928	2024-9469	2024-04-23	13.278	24.175	10.28	0.633
HCB007	47.398	-122.928	2024-9494	2024-05-14	15.02	25.736	13.091	1.269
HCB007	47.398	-122.928	2024-9543	2024-07-09	23.081	25.952	7.868	4.048
HCB007	47.398	-122.928	2024-9580	2024-08-07	18.449	27.536	8.365	10.94
HCB007	47.398	-122.928	2024-9605	2024-09-04	17.77	27.488	8.766	6.641
HCB007	47.398	-122.928	2024-9644	2024-10-11	13.208	28.319	8.107	17.945
HCB010	47.667	-122.82	2021-8300	2021-01-08	8.067	22.576	9.392	2.392
HCB010	47.667	-122.82	2021-8341	2021-02-26	8.545	27.501	8.435	0.677
HCB010	47.667	-122.82	2021-8372	2021-03-18	8.834	26.975	10.343	4.671
HCB010	47.667	-122.82	2021-8411	2021-04-19	12.19	27.851		0.726
HCB010	47.667	-122.82	2021-8450	2021-05-21	13.799	27.021	10.976	1.618
HCB010	47.667	-122.82	2021-8489	2021-06-18	13.726	28.523	10.448	6.578
HCB010	47.667	-122.82	2021-8520	2021-07-21	19.871	26.579	9.32	3.616
HCB010	47.667	-122.82	2021-8553	2021-08-23	16.364	28.786	8.81	5.241
HCB010	47.667	-122.82	2021-8586	2021-09-13	15.173	29.257	7.414	6.028
HCB010	47.667	-122.82	2021-8617	2021-10-11	11.679	29.348	6.747	3.553
HCB010	47.667	-122.82	2021-8634	2021-11-03	10.429	25.156	8.052	3.6
HCB010	47.667	-122.82	2021-8684	2021-12-21	8.328	27.262	8.497	2.801
HCB010	47.667	-122.82	2022-8715	2022-01-21	7.921	23.409	9.854	3.451
HCB010	47.667	-122.82	2022-8746	2022-02-18	8.443	27.202		13.215
HCB010	47.667	-122.82	2022-8776	2022-03-16	9.355	27.217	9.441	16.403
HCB010	47.667	-122.82	2022-8828	2022-05-10	11.935	26.79	11.867	2.229
HCB010	47.667	-122.82	2022-8872	2022-06-14	14.986	25.849	10.667	1.488
HCB010	47.667	-122.82	2022-8945	2022-09-01	18.448	27.728	8.948	4.744
HCB010	47.667	-122.82	2022-9013	2022-11-07	10.103	29.138	6.177	2.555
HCB010	47.667	-122.82	2022-9056	2022-12-16	8.586	28.668	7.187	2.217
HCB010	47.667	-122.82	2023-9100	2023-03-24	8.988	28.681	9.373	21.815
HCB010	47.667	-122.82	2023-9124	2023-04-14	9.402	28.113	12.604	19.928
HCB010	47.667	-122.82	2023-9165	2023-05-22	15.047	24.981	10.776	1.145
HCB010	47.667	-122.82	2023-9203	2023-06-23	14.794	27.056	11.619	10.37
HCB010	47.667	-122.82	2023-9242	2023-07-18	19.263	27.452	10.308	1.456
HCB010	47.667	-122.82	2023-9281	2023-08-22	19.491	27.701	10.516	4.604
HCB010	47.667	-122.82	2023-9319	2023-10-18	11.434	27.661	6.706	2.322
HCB010	47.667	-122.82	2023-9342	2023-11-20	10.032	27.124	8.197	27.764
HCB010	47.667	-122.82	2024-9370	2024-01-19	8.457	28.186	7.566	2.598
HCB010	47.667	-122.82	2024-9414	2024-02-21	8.489	24.718	11.656	8.926
HCB010	47.667	-122.82	2024-9431	2024-03-19	9.891	25.903	16.313	9.211
HCB010	47.667	-122.82	2024-9470	2024-04-23	10.832	28.446	9.734	23.992
HCB010	47.667	-122.82	2024-9495	2024-05-14	14.332	27.221	12.075	1.224
HCB010	47.667	-122.82	2024-9544	2024-07-09	18.218	28.071	10.274	3.512
HCB010	47.667	-122.82	2024-9581	2024-08-07	17.177	28.751	9.678	11.664
HCB010	47.667	-122.82	2024-9606	2024-09-04	16.061	29.065	9.758	28.139
HCB010	47.667	-122.82	2024-9645	2024-10-11	12.872	28.898	9.133	26.149
NSQ002	47.168	-122.787	2021-8336	2021-02-25	8.226	27.799	8.554	0.768
NSQ002	47.168	-122.787	2021-8367	2021-03-17	8.575	28.04	8.925	0.792
NSQ002	47.168	-122.787	2021-8386	2021-04-01	8.814	28.245	8.685	0.439
NSQ002	47.168	-122.787	2021-8431	2021-05-05	10.453	28.748	10.073	0.828
NSQ002	47.168	-122.787	2021-8464	2021-06-02	11.959	29.085	8.943	1.212
NSQ002	47.168	-122.787	2021-8501	2021-07-08	13.993	29.279	9.079	2.895
NSQ002	47.168	-122.787	2021-8532	2021-08-03	15.749	29.418	10.074	8.207
NSQ002	47.168	-122.787	2021-8598	2021-09-16	15.184	29.807	8.296	9.042
NSQ002	47.168	-122.787	2021-8629	2021-10-21	13.022	30.16	6.401	2.246
NSQ002	47.168	-122.787	2021-8654	2021-12-03	11.048	29.082	7.014	1.761
NSQ002	47.168	-122.787	2022-8689	2022-01-04	8.464	28.067	8.654	0.838
NSQ002	47.168	-122.787	2022-8691	2022-01-05	8.519	28.086	8.485	0.891
NSQ002	47.168	-122.787	2022-8727	2022-02-02	8.44	27.64		1.016
NSQ002	47.168	-122.787	2022-8782	2022-03-17	8.43	27.618	8.638	1.984
NSQ002	47.168	-122.787	2022-8817	2022-04-14	8.774	28.112	9.864	5.932
NSQ002	47.168	-122.787	2022-8834	2022-05-13	9.732	28.389	9.878	7.204
NSQ002	47.168	-122.787	2022-8867	2022-06-10	11.583	28.306	9.355	3.521
NSQ002	47.168	-122.787	2022-8906	2022-07-12	13.671	28.559	9.012	5.153
NSQ002	47.168	-122.787	2022-8918	2022-08-03	14.029	28.91	8.326	2.981
NSQ002	47.168	-122.787	2022-8957	2022-09-12	14.745	29.317	7.527	3.719
NSQ002	47.168	-122.787	2022-8986	2022-10-12	13.821	29.788	6.527	2.208
NSQ002	47.168	-122.787	2022-9024	2022-11-14	11.278	29.762	6.905	0.882
NSQ002	47.168	-122.787	2023-9060	2023-02-08	8.188	29.1	8.321	0.657
NSQ002	47.168	-122.787	2023-9113	2023-04-05	8.458	29.076	10.919	4.989
NSQ002	47.168	-122.787	2023-9146	2023-05-16	11.131	29.004	9.439	0.936
NSQ002	47.168	-122.787	2023-9171	2023-06-06	13.023	29.004	9.747	2.25
NSQ002	47.168	-122.787	2023-9209	2023-07-03	13.872	29.126	8.817	1.452
NSQ002	47.168	-122.787	2023-9248	2023-08-01	14.969	29.438	9.234	3.546
NSQ002	47.168	-122.787	2023-9287	2023-09-01	15.212	29.878	8.074	3.372
NSQ002	47.168	-122.787	2023-9308	2023-10-04	14.233	30.196	6.584	1.734
NSQ002	47.168	-122.787	2023-9324	2023-11-02	12.85	30.262	6.496	1.254
NSQ002	47.168	-122.787	2024-9365	2024-01-18	8.746	29.164	7.925	1.245
NSQ002	47.168	-122.787	2024-9395	2024-02-08	9.233	28.611	7.605	1.914
NSQ002	47.168	-122.787	2024-9426	2024-03-14	8.714	28.229	8.624	1.629
NSQ002	47.168	-122.787	2024-9445	2024-04-04	9.865	28.354	9.374	2.079
NSQ002	47.168	-122.787	2024-9476	2024-05-02	10.955	28.516	10.98	5.01
NSQ002	47.168	-122.787	2024-9507	2024-06-05	12.042	28.853	9.22	2.907
NSQ002	47.168	-122.787	2024-9533	2024-07-03	13.616	29.256	9.81	7.237
NSQ002	47.168	-122.787	2024-9571	2024-08-02	15.399	29.576	9.211	9.206
NSQ002	47.168	-122.787	2024-9634	2024-10-03	14.183	30.232	7.122	5.498
OAK004	47.213	-123.077	2021-8337	2021-02-25	7.479			1.422
OAK004	47.213	-123.077	2021-8368	2021-03-17	8.703	23.364	10.161	1.498
OAK004	47.213	-123.077	2021-8387	2021-04-01	9.665	24.443	10.046	1.468
OAK004	47.213	-123.077	2021-8432	2021-05-05	13.178	26.515	11.14	3.587
OAK004	47.213	-123.077	2021-8465	2021-06-02	15.96	27.222	9.692	3.091
OAK004	47.213	-123.077	2021-8502	2021-07-08	18.626	27.411	9.069	5.996
OAK004	47.213	-123.077	2021-8533	2021-08-03	20.317	28.226	8.558	10.168
OAK004	47.213	-123.077	2021-8599	2021-09-16	17.458	28.814	7.677	5.595
OAK004	47.213	-123.077	2021-8630	2021-10-21	13.405	28.214	4.194	3.707
OAK004	47.213	-123.077	2021-8655	2021-12-03	10.362	22.084	8.079	2.827
OAK004	47.213	-123.077	2022-8692	2022-01-05	6.04	22.054	9.922	1.449
OAK004	47.213	-123.077	2022-8728	2022-02-02	7.226	22.216	9.377	1.92
OAK004	47.213	-123.077	2022-8783	2022-03-17	9.002	21.076	9.549	2.484
OAK004	47.213	-123.077	2022-8818	2022-04-14	9.524	22.387	11.412	5.878
OAK004	47.213	-123.077	2022-8835	2022-05-13	11.934	23.108	10.497	8.128
OAK004	47.213	-123.077	2022-8868	2022-06-10	15.128	24.445	8.927	2.985
OAK004	47.213	-123.077	2022-8907	2022-07-12	19.303	25.561	9.644	7.641
OAK004	47.213	-123.077	2022-8919	2022-08-03	19.235	27.496	9.412	10.542
OAK004	47.213	-123.077	2022-8958	2022-09-12	17.417	28.204	7.144	3.223
OAK004	47.213	-123.077	2022-8987	2022-10-12	15.811	28.509	6.525	2.739
OAK004	47.213	-123.077	2022-9025	2022-11-14	10.039	27.496	7.892	1.537
OAK004	47.213	-123.077	2023-9061	2023-02-08	7.455	23.161	9.532	1.787
OAK004	47.213	-123.077	2023-9114	2023-04-05	9.252	24.626	13.428	6.96
OAK004	47.213	-123.077	2023-9147	2023-05-16	16.267	25.904	10.699	5.49
OAK004	47.213	-123.077	2023-9172	2023-06-06	16.386	27.344	9.579	4.967
OAK004	47.213	-123.077	2023-9210	2023-07-03	19.331	27.343	9.421	5.811
OAK004	47.213	-123.077	2023-9249	2023-08-01	20.108	27.884	8.565	6.563
OAK004	47.213	-123.077	2023-9288	2023-09-01	18.311	28.707	7.136	4.778
OAK004	47.213	-123.077	2023-9309	2023-10-04	15.406	28.772	5.849	2.478
OAK004	47.213	-123.077	2023-9325	2023-11-02	12.218	29.032	6.928	1.871
OAK004	47.213	-123.077	2024-9366	2024-01-18	6.085	25.049	9.256	1.868
OAK004	47.213	-123.077	2024-9396	2024-02-08	8.718	22.823	8.226	3.258
OAK004	47.213	-123.077	2024-9427	2024-03-14	8.409	22.174	9.606	3.111
OAK004	47.213	-123.077	2024-9446	2024-04-04	11.439	23.462	10.905	5.943
OAK004	47.213	-123.077	2024-9477	2024-05-02	12.595	25.317	11.042	4.801
OAK004	47.213	-123.077	2024-9508	2024-06-05	14.862	25.105	9.604	10.247
OAK004	47.213	-123.077	2024-9534	2024-07-03	18.165	27.228	9.583	10.348
OAK004	47.213	-123.077	2024-9635	2024-10-03	15.635	28.652	7.526	7.422
OCH014	47.673	-122.593	2021-8295	2021-01-07	8.993	28.67	8.353	2.462
OCH014	47.673	-122.593	2021-8330	2021-02-24	8.266	28.43	9.162	1.963
OCH014	47.673	-122.593	2021-8359	2021-03-16	8.619	28.487	10.414	4.746
OCH014	47.673	-122.593	2021-8391	2021-04-02	9.287	28.78	9.305	1.205
OCH014	47.673	-122.593	2021-8423	2021-05-04	11.593	28.979	14.603	13.326
OCH014	47.673	-122.593	2021-8469	2021-06-03	13.568	28.64	15.577	20.311
OCH014	47.673	-122.593	2021-8526	2021-07-30	15.861	29.512	11.45	32.893
OCH014	47.673	-122.593	2021-8559	2021-08-25	15.745	29.831	8.496	5.497
OCH014	47.673	-122.593	2021-8590	2021-09-15	14.73	30.094	7.695	25.835
OCH014	47.673	-122.593	2021-8621	2021-10-19	12.721	30.376	9.343	11.276
OCH014	47.673	-122.593	2021-8666	2021-12-09	9.834	28.02	6.748	2.865
OCH014	47.673	-122.593	2022-8719	2022-01-26	8.127	25.355	9.172	1.943
OCH014	47.673	-122.593	2022-8750	2022-02-23	7.733	28.113		3.61
OCH014	47.673	-122.593	2022-8787	2022-03-25	9.284	28.198	11.118	8.576
OCH014	47.673	-122.593	2022-8822	2022-04-15	9.115	28.315	14.497	25.699
OCH014	47.673	-122.593	2022-8859	2022-05-24	12.083	28.312	13.879	16.046
OCH014	47.673	-122.593	2022-8884	2022-06-21	13.854	28.29	9.726	1.765
OCH014	47.673	-122.593	2022-8949	2022-09-06	16.022	29.43	10.378	20.191
OCH014	47.673	-122.593	2022-9017	2022-11-10	10.828	29.905	7.418	1.725
OCH014	47.673	-122.593	2022-9036	2022-12-02	8.591	29.853	7.762	1.479
OCH014	47.673	-122.593	2023-9080	2023-02-17	7.961	29.385	9.063	2.618
OCH014	47.673	-122.593	2023-9118	2023-04-06	8.956	29.429	11.068	2.099
OCH014	47.673	-122.593	2023-9130	2023-05-10	11.161	29.02	10.742	3.951
OCH014	47.673	-122.593	2023-9197	2023-06-20	13.676	29.021	11.384	13.573
OCH014	47.673	-122.593	2023-9236	2023-07-14	15.401	29.449	12.039	8.125
OCH014	47.673	-122.593	2023-9253	2023-08-08	15.594	29.809	9.001	9.783
OCH014	47.673	-122.593	2023-9313	2023-10-17	13.705	30.526	7.122	2.365
OCH014	47.673	-122.593	2023-9346	2023-11-22	11.11	30.339	7.529	2.063
OCH014	47.673	-122.593	2024-9357	2024-01-10	9.244	29.53	8.013	2.742
OCH014	47.673	-122.593	2024-9387	2024-02-02	9.346	28.857	8.288	1.995
OCH014	47.673	-122.593	2024-9418	2024-03-13	8.782	28.528	9.353	4.098
OCH014	47.673	-122.593	2024-9450	2024-04-05	10.028	28.401	12.393	20.644
OCH014	47.673	-122.593	2024-9499	2024-05-15	13.006	28.856	14.497	18.467
OCH014	47.673	-122.593	2024-9525	2024-06-18	13.653	29.126	10.645	6.52
OCH014	47.673	-122.593	2024-9538	2024-07-08	15.854	29.477	12.326	18.007
OCH014	47.673	-122.593	2024-9575	2024-08-05	17.465	29.845	11.136	9.505
OCH014	47.673	-122.593	2024-9639	2024-10-10	13.934	30.535	9.229	12.615
PSB003	47.66	-122.442	2021-8296	2021-01-07	9.205	28.421	8.13	1.814
PSB003	47.66	-122.442	2021-8331	2021-02-24	8.489	27.679	8.753	0.92
PSB003	47.66	-122.442	2021-8360	2021-03-16	8.526	28.606	8.586	0.566
PSB003	47.66	-122.442	2021-8392	2021-04-02	8.929	28.193	9.232	0.832
PSB003	47.66	-122.442	2021-8424	2021-05-04	9.619	29.363	9.504	0.454
PSB003	47.66	-122.442	2021-8470	2021-06-03	12.016	28.586	12.725	15.58
PSB003	47.66	-122.442	2021-8527	2021-07-30	13.04	29.728	7.837	2.97
PSB003	47.66	-122.442	2021-8560	2021-08-25	13.406	29.905	6.911	2.217
PSB003	47.66	-122.442	2021-8591	2021-09-15	13.322	30.278	6.19	2.703
PSB003	47.66	-122.442	2021-8622	2021-10-19	12.358	30.559	6.112	2.316
PSB003	47.66	-122.442	2021-8667	2021-12-09	10.214	27.799	7.049	2.147
PSB003	47.66	-122.442	2022-8720	2022-01-26	8.032	24.89	9.401	1.792
PSB003	47.66	-122.442	2022-8751	2022-02-23	7.277	26.37		1.156
PSB003	47.66	-122.442	2022-8788	2022-03-25	8.585	28.079	8.638	1.066
PSB003	47.66	-122.442	2022-8823	2022-04-15	8.805	28.151	9.427	2.076
PSB003	47.66	-122.442	2022-8860	2022-05-24	11.65	27.043	15.22	21.43
PSB003	47.66	-122.442	2022-8885	2022-06-21	11.556	28.303	9.445	2.104
PSB003	47.66	-122.442	2022-8950	2022-09-06	13.549	29.584	7.856	3.991
PSB003	47.66	-122.442	2022-9018	2022-11-10	10.717	28.51		0.542
PSB003	47.66	-122.442	2022-9037	2022-12-02	9.6	29.301		0.501
PSB003	47.66	-122.442	2023-9081	2023-02-17	8.305	29.185	8.423	1.446
PSB003	47.66	-122.442	2023-9119	2023-04-06	8.27	29.588	9.023	1.175
PSB003	47.66	-122.442	2023-9131	2023-05-10	10.921	27.566	14.511	7.751
PSB003	47.66	-122.442	2023-9198	2023-06-20	11.219	29.343	9.608	7.324
PSB003	47.66	-122.442	2023-9237	2023-07-14	13.069	29.481	9.516	13.988
PSB003	47.66	-122.442	2023-9254	2023-08-08	13.263	30.022	8.093	3.387
PSB003	47.66	-122.442	2023-9314	2023-10-17	12.921	30.647	5.991	0.922
PSB003	47.66	-122.442	2023-9347	2023-11-22	11.498	30.118	6.545	0.669
PSB003	47.66	-122.442	2024-9358	2024-01-10	9.841	29.109	7.686	0.877
PSB003	47.66	-122.442	2024-9388	2024-02-02	9.529	28.236	7.904	1.614
PSB003	47.66	-122.442	2024-9419	2024-03-13	9.054	28.934	8.243	1.198
PSB003	47.66	-122.442	2024-9451	2024-04-05	9.57	27.442	12.072	32.056
PSB003	47.66	-122.442	2024-9500	2024-05-15	11.172	28.972	11.46	16.928
PSB003	47.66	-122.442	2024-9526	2024-06-18	13.184	28.576	11.767	13.756
PSB003	47.66	-122.442	2024-9539	2024-07-08	13.198	29.59	11.5	23.411
PSB003	47.66	-122.442	2024-9576	2024-08-05	13.175	30.037	7.754	5.337
PSB003	47.66	-122.442	2024-9640	2024-10-10	12.849	30.581	6.347	3.459
PSS019	48.012	-122.3	2021-8307	2021-01-20	8.609	23.842	8.314	1.387
PSS019	48.012	-122.3	2021-8347	2021-03-09	8.019	24.208	9.593	2.79
PSS019	48.012	-122.3	2021-8400	2021-04-06	9.473	26.334	11.187	7.368
PSS019	48.012	-122.3	2021-8443	2021-05-12	12.809	20.918	11.532	7.11
PSS019	48.012	-122.3	2021-8479	2021-06-08	13.287	20.62	8.725	10.92
PSS019	48.012	-122.3	2021-8513	2021-07-14	14.7	26.359	10.217	7.482
PSS019	48.012	-122.3	2021-8542	2021-08-10	14.936	28.158	10.387	12.248
PSS019	48.012	-122.3	2021-8576	2021-09-08	15.258	28.079	10.551	11.607
PSS019	48.012	-122.3	2021-8606	2021-10-07	12.529	26.753	8.921	10.587
PSS019	48.012	-122.3	2021-8638	2021-11-08	10.3	23.92	8.784	3.013
PSS019	48.012	-122.3	2021-8674	2021-12-14	8.286	21.654	9.197	1.966
PSS019	48.012	-122.3	2022-8698	2022-01-13	7.761	21.913	9.556	1.12
PSS019	48.012	-122.3	2022-8734	2022-02-08	7.986	22.996		3.596
PSS019	48.012	-122.3	2022-8764	2022-03-10	8.032	20.593	11.7	20.619
PSS019	48.012	-122.3	2022-8801	2022-04-06	9.354	23.491	11.157	16.612
PSS019	48.012	-122.3	2022-8843	2022-05-17	11.234	22.828	9.947	1.795
PSS019	48.012	-122.3	2022-8896	2022-07-07	12.821	26.389	9.291	1.351
PSS019	48.012	-122.3	2022-8929	2022-08-09	17.683	23.239	9.938	3.5
PSS019	48.012	-122.3	2022-8976	2022-10-04	13.556	27.599	10.422	14.769
PSS019	48.012	-122.3	2022-9005	2022-11-02	11.35	28.659	7.239	1.055
PSS019	48.012	-122.3	2022-9050	2022-12-14	8.025	26.524	8.37	1.416
PSS019	48.012	-122.3	2023-9073	2023-02-15	7.668	26.429	10.336	9.181
PSS019	48.012	-122.3	2023-9091	2023-03-14	7.869	27.181	9.322	5.835
PSS019	48.012	-122.3	2023-9154	2023-05-18	14.8	21.404	13.058	3.924
PSS019	48.012	-122.3	2023-9184	2023-06-12	13.849	26.525	12.424	4.284
PSS019	48.012	-122.3	2023-9226	2023-07-11	13.854	27.855	11.135	3.364
PSS019	48.012	-122.3	2023-9270	2023-08-15	15.926	28.217	11.556	10.44
PSS019	48.012	-122.3	2023-9294	2023-09-12	13.186	29.372	7.131	20.62
PSS019	48.012	-122.3	2023-9332	2023-11-08	11.629	27.587	8.102	3.063
PSS019	48.012	-122.3	2024-9377	2024-01-23	9.406	28.715	7.462	1.488
PSS019	48.012	-122.3	2024-9404	2024-02-13	9.051	22.33	8.239	5.094
PSS019	48.012	-122.3	2024-9456	2024-04-09	9.809	24.502	11.699	31.698
PSS019	48.012	-122.3	2024-9484	2024-05-07	11.152	22.998	10.11	3.816
PSS019	48.012	-122.3	2024-9518	2024-06-11	13.46	24.398	10.496	29.669
PSS019	48.012	-122.3	2024-9548	2024-07-23	16.428	26.634	10.289	4.278
PSS019	48.012	-122.3	2024-9589	2024-08-13	16.399	27.703	11.591	14.243
PSS019	48.012	-122.3	2024-9622	2024-09-24	13.81	28.813	6.608	22.683
PSS019	48.012	-122.3	2024-9653	2024-10-22	12.112	29.068	7.171	3.765
PTH005	48.083	-122.763	2021-8308	2021-01-20	8.254	29.507	8.35	1.537
PTH005	48.083	-122.763	2021-8320	2021-02-09	7.998	29.53	8.506	1.821
PTH005	48.083	-122.763	2021-8348	2021-03-09	7.919	30.2	8.559	2.016
PTH005	48.083	-122.763	2021-8401	2021-04-06	8.873	30.111	9.667	1.306
PTH005	48.083	-122.763	2021-8444	2021-05-12	10.654	30.59	10.577	11.367
PTH005	48.083	-122.763	2021-8480	2021-06-08	11.814	30.327	11.216	20.793
PTH005	48.083	-122.763	2021-8514	2021-07-14	12.861	30.538	8.566	8.301
PTH005	48.083	-122.763	2021-8543	2021-08-10	12.886	30.902	7.517	4.42
PTH005	48.083	-122.763	2021-8577	2021-09-08	12.388	31.228	7.539	5.997
PTH005	48.083	-122.763	2021-8607	2021-10-07	11.138	31.225	7.106	4.731
PTH005	48.083	-122.763	2021-8639	2021-11-08	9.979	30.887	7.605	2.264
PTH005	48.083	-122.763	2021-8675	2021-12-14	8.602	29.689	7.952	1.825
PTH005	48.083	-122.763	2022-8735	2022-02-08	7.86	29.603		1.493
PTH005	48.083	-122.763	2022-8765	2022-03-10	7.891	29.721	8.282	0.663
PTH005	48.083	-122.763	2022-8802	2022-04-06	8.723	30.032	9.003	1.704
PTH005	48.083	-122.763	2022-8844	2022-05-17	9.786	30.346	9.26	3.801
PTH005	48.083	-122.763	2022-8897	2022-07-07	12.254	29.49	11.061	21.798
PTH005	48.083	-122.763	2022-8930	2022-08-09	12.985	30.179	9.318	16.038
PTH005	48.083	-122.763	2022-8977	2022-10-04	11.452	31.074	6.356	6.92
PTH005	48.083	-122.763	2022-9006	2022-11-02	10.223	31.261	6.204	1.024
PTH005	48.083	-122.763	2022-9046	2022-12-13	8.301	31.068	7.47	0.906
PTH005	48.083	-122.763	2023-9065	2023-02-14	7.693	30.459	9.241	3.135
PTH005	48.083	-122.763	2023-9092	2023-03-14	7.507	30.728	8.562	0.986
PTH005	48.083	-122.763	2023-9155	2023-05-18	11.52	30.459	10.379	4.856
PTH005	48.083	-122.763	2023-9185	2023-06-12	12.167	30.382	12.324	16.724
PTH005	48.083	-122.763	2023-9227	2023-07-11	13.113	30.744	11.238	21.377
PTH005	48.083	-122.763	2023-9271	2023-08-15	13.503	31.217	8.606	6.725
PTH005	48.083	-122.763	2023-9295	2023-09-12	12.294	31.323	6.377	3.791
PTH005	48.083	-122.763	2023-9333	2023-11-08	10.693	31.27	7.656	3.859
PTH005	48.083	-122.763	2024-9378	2024-01-23	8.297	30.455	8.069	1.626
PTH005	48.083	-122.763	2024-9405	2024-02-13	8.813			1.359
PTH005	48.083	-122.763	2024-9463	2024-04-10	9.357	30.318	9.836	4.729
PTH005	48.083	-122.763	2024-9485	2024-05-07	9.969	30.516	8.455	2.54
PTH005	48.083	-122.763	2024-9519	2024-06-11	11.265	30.506	10.137	32.641
PTH005	48.083	-122.763	2024-9549	2024-07-23	12.437	30.968	8.323	7.906
PTH005	48.083	-122.763	2024-9590	2024-08-13	12.777	31.028	9.729	26.99
PTH005	48.083	-122.763	2024-9623	2024-09-24	11.776	31.484	6.751	8.444
PTH005	48.083	-122.763	2024-9654	2024-10-22	10.728	31.59	6.408	2.826
RSR837	48.616	-122.763	2021-8303	2021-01-19	8.364	29.439	7.694	
RSR837	48.616	-122.763	2021-8316	2021-02-08	7.893	28.804	8.434	1.264
RSR837	48.616	-122.763	2021-8352	2021-03-10	7.62	30.191	7.986	0.936
RSR837	48.616	-122.763	2021-8396	2021-04-05	8.131	29.976	8.243	0.495
RSR837	48.616	-122.763	2021-8435	2021-05-10	9.421	29.765	7.386	0.505
RSR837	48.616	-122.763	2021-8475	2021-06-07	9.871	29.651	7.214	2.765
RSR837	48.616	-122.763	2021-8505	2021-07-12	10.742	30.141	6.266	2.847
RSR837	48.616	-122.763	2021-8544	2021-08-10	11.389	30.161	5.587	2.859
RSR837	48.616	-122.763	2021-8572	2021-09-07	11.461	30.214	5.212	1.894
RSR837	48.616	-122.763	2021-8610	2021-10-08	10.471	30.187	5.508	1.625
RSR837	48.616	-122.763	2021-8645	2021-11-10	9.699	30.301	6.704	1.591
RSR837	48.616	-122.763	2021-8671	2021-12-13	8.773	29.474	7.281	1.481
RSR837	48.616	-122.763	2022-8740	2022-02-10	7.56	29.555		0.927
RSR837	48.616	-122.763	2022-8770	2022-03-11	7.601	29.417	8.113	1.264
RSR837	48.616	-122.763	2022-8811	2022-04-07	8.119	29.921	7.78	0.956
RSR837	48.616	-122.763	2022-8839	2022-05-16	8.886	30.195	7.489	0.412
RSR837	48.616	-122.763	2022-8890	2022-07-06	10.691	29.493	6.889	3.831
RSR837	48.616	-122.763	2022-8923	2022-08-08	12.823	27.599	7.02	2.994
RSR837	48.616	-122.763	2022-8970	2022-10-03	10.84	30.624	5.264	1.757
RSR837	48.616	-122.763	2022-8999	2022-11-01	10.026	30.781	6.113	0.595
RSR837	48.616	-122.763	2022-9042	2022-12-12	8.387	30.709	7.001	0.381
RSR837	48.616	-122.763	2023-9066	2023-02-14	7.76	30.487	8.349	0.392
RSR837	48.616	-122.763	2023-9086	2023-03-13	7.337	30.461	8.401	0.522
RSR837	48.616	-122.763	2023-9161	2023-05-19	9.135	30.316	7.701	0.786
RSR837	48.616	-122.763	2023-9193	2023-06-13	11.355	28.835	8.076	3.437
RSR837	48.616	-122.763	2023-9222	2023-07-10	11.521	30.296	6.7	0.568
RSR837	48.616	-122.763	2023-9272	2023-08-15	14.54	28.099	7.775	2.639
RSR837	48.616	-122.763	2023-9302	2023-09-13	11.451	30.792	5.208	0.582
RSR837	48.616	-122.763	2023-9328	2023-11-07	10.316	30.891	6.299	0.601
RSR837	48.616	-122.763	2024-9373	2024-01-22	8.214	30.24	8.024	0.829
RSR837	48.616	-122.763	2024-9400	2024-02-12	8.407	29.679	8.028	0.958
RSR837	48.616	-122.763	2024-9457	2024-04-09	8.803	29.943	8.633	0.94
RSR837	48.616	-122.763	2024-9481	2024-05-06	9.413	30.176	8.035	1.875
RSR837	48.616	-122.763	2024-9513	2024-06-10	9.823	30.312	6.767	2.217
RSR837	48.616	-122.763	2024-9558	2024-07-24	10.897	30.635	6.015	3.784
RSR837	48.616	-122.763	2024-9585	2024-08-12	11.885	30.092	7.458	10.786
RSR837	48.616	-122.763	2024-9618	2024-09-23	11.287	30.629	5.469	3.092
RSR837	48.616	-122.763	2024-9649	2024-10-21	10.278	30.792	5.491	2.131
SAR003	48.108	-122.49	2021-8309	2021-01-20	7.829	18.418	9.398	1.929
SAR003	48.108	-122.49	2021-8349	2021-03-09	8.084	24.779	10.522	5.02
SAR003	48.108	-122.49	2021-8402	2021-04-06	9.433	26.44		6.718
SAR003	48.108	-122.49	2021-8445	2021-05-12	13.122	22.538	11.769	3.717
SAR003	48.108	-122.49	2021-8481	2021-06-08	12.722	23.812	9.534	13.116
SAR003	48.108	-122.49	2021-8515	2021-07-14	14.822	24.013	12.999	17.371
SAR003	48.108	-122.49	2021-8545	2021-08-10	14.624	26.633	12.186	9.24
SAR003	48.108	-122.49	2021-8578	2021-09-08	15.42	26.598	13.319	12.188
SAR003	48.108	-122.49	2021-8608	2021-10-07	12.534	26.595	10.148	18.624
SAR003	48.108	-122.49	2021-8640	2021-11-08	10.116	23.673	8.863	2.387
SAR003	48.108	-122.49	2021-8676	2021-12-14	8.225	22.31	9.377	1.956
SAR003	48.108	-122.49	2022-8699	2022-01-13	7.652	21.758	10.078	1.224
SAR003	48.108	-122.49	2022-8736	2022-02-08	7.727	22.684		4.069
SAR003	48.108	-122.49	2022-8766	2022-03-10	8.055	20.119	12.779	25.873
SAR003	48.108	-122.49	2022-8803	2022-04-06	9.391	24.085	10.764	6.353
SAR003	48.108	-122.49	2022-8845	2022-05-17	11.175	24.778	9.725	1.492
SAR003	48.108	-122.49	2022-8898	2022-07-07	14.691	20.485	9.94	2.263
SAR003	48.108	-122.49	2022-8931	2022-08-09	16.726	23.964	9.551	2.952
SAR003	48.108	-122.49	2022-8978	2022-10-04	13.274	27.564	9.515	10.895
SAR003	48.108	-122.49	2022-9007	2022-11-02	10.983	27.544	8.372	1.874
SAR003	48.108	-122.49	2022-9051	2022-12-14	7.589	26.952	9.088	1.501
SAR003	48.108	-122.49	2023-9074	2023-02-15	7.418	26.484	11.07	12.584
SAR003	48.108	-122.49	2023-9093	2023-03-14	7.166	26.515	11.649	8.027
SAR003	48.108	-122.49	2023-9156	2023-05-18	15.05	21.532	14.267	4.525
SAR003	48.108	-122.49	2023-9186	2023-06-12	15.024	24.295	13.393	2.68
SAR003	48.108	-122.49	2023-9228	2023-07-11	15.338	27.041	10.561	1.0
SAR003	48.108	-122.49	2023-9273	2023-08-15	16.261	27.419	10.411	5.716
SAR003	48.108	-122.49	2023-9296	2023-09-12	12.124	29.479	5.828	11.474
SAR003	48.108	-122.49	2023-9334	2023-11-08	11.294	27.099	9.242	5.093
SAR003	48.108	-122.49	2024-9379	2024-01-23	7.874	26.454	8.802	2.519
SAR003	48.108	-122.49	2024-9406	2024-02-13	8.998	22.158	9.195	6.331
SAR003	48.108	-122.49	2024-9458	2024-04-09	9.893	26.221	9.44	11.347
SAR003	48.108	-122.49	2024-9486	2024-05-07	11.556	25.276	10.811	8.444
SAR003	48.108	-122.49	2024-9520	2024-06-11	14.627	23.581	12.0	15.739
SAR003	48.108	-122.49	2024-9550	2024-07-23	15.23	27.16	10.497	6.289
SAR003	48.108	-122.49	2024-9591	2024-08-13	16.437	27.088	12.372	13.563
SAR003	48.108	-122.49	2024-9624	2024-09-24	13.671	28.532	8.663	38.089
SAR003	48.108	-122.49	2024-9655	2024-10-22	12.121	28.025	8.087	5.242
SIN001	47.55	-122.642	2021-8297	2021-01-07	9.167	28.362	7.885	2.171
SIN001	47.55	-122.642	2021-8332	2021-02-24	8.239	28.26	9.057	1.705
SIN001	47.55	-122.642	2021-8361	2021-03-16	8.804	28.368	9.511	2.027
SIN001	47.55	-122.642	2021-8393	2021-04-02	9.485	28.598	10.095	3.134
SIN001	47.55	-122.642	2021-8425	2021-05-04	11.027	29.076	11.809	7.59
SIN001	47.55	-122.642	2021-8471	2021-06-03	14.545	29.175	15.131	16.941
SIN001	47.55	-122.642	2021-8528	2021-07-30	17.472	29.262	12.171	28.5
SIN001	47.55	-122.642	2021-8561	2021-08-25	15.779	29.689	9.189	9.98
SIN001	47.55	-122.642	2021-8592	2021-09-15	15.077	30.01	7.943	10.507
SIN001	47.55	-122.642	2021-8623	2021-10-19	12.896	30.197	7.924	15.036
SIN001	47.55	-122.642	2021-8668	2021-12-09	10.029	28.264	6.781	3.055
SIN001	47.55	-122.642	2022-8721	2022-01-26	8.22	26.909	9.012	2.194
SIN001	47.55	-122.642	2022-8752	2022-02-23	7.924	27.905		3.123
SIN001	47.55	-122.642	2022-8789	2022-03-25	9.312	28.127	8.908	2.807
SIN001	47.55	-122.642	2022-8824	2022-04-15	9.399	28.26	14.43	28.835
SIN001	47.55	-122.642	2022-8861	2022-05-24	12.728	28.671	14.139	21.287
SIN001	47.55	-122.642	2022-8886	2022-06-21	13.619	28.38	8.682	0.821
SIN001	47.55	-122.642	2022-8951	2022-09-06	16.042	29.365	8.675	6.993
SIN001	47.55	-122.642	2022-9019	2022-11-10	10.7	29.922	7.266	2.133
SIN001	47.55	-122.642	2022-9038	2022-12-02	9.056	29.706	7.152	1.72
SIN001	47.55	-122.642	2023-9082	2023-02-17	8.212	29.186	8.658	3.029
SIN001	47.55	-122.642	2023-9120	2023-04-06	8.91	29.3	12.573	10.798
SIN001	47.55	-122.642	2023-9132	2023-05-10	11.587	29.115	11.383	1.173
SIN001	47.55	-122.642	2023-9199	2023-06-20	13.414	28.944	9.646	1.753
SIN001	47.55	-122.642	2023-9238	2023-07-14	15.542	29.35	11.299	5.885
SIN001	47.55	-122.642	2023-9255	2023-08-08	16.187	29.625	10.387	10.821
SIN001	47.55	-122.642	2023-9315	2023-10-17	13.743	30.357	6.134	4.244
SIN001	47.55	-122.642	2023-9348	2023-11-22	11.132	30.221	7.474	2.228
SIN001	47.55	-122.642	2024-9359	2024-01-10	9.631	29.35	7.725	2.155
SIN001	47.55	-122.642	2024-9389	2024-02-02	9.457	28.584	8.101	8.113
SIN001	47.55	-122.642	2024-9420	2024-03-13	9.115	28.567	8.823	3.311
SIN001	47.55	-122.642	2024-9452	2024-04-05	10.204	28.605	11.465	13.841
SIN001	47.55	-122.642	2024-9527	2024-06-18	14.223	29.121	11.394	13.017
SIN001	47.55	-122.642	2024-9540	2024-07-08	15.164	29.462	11.427	22.701
SIN001	47.55	-122.642	2024-9577	2024-08-05	16.428	29.712	10.925	21.735
SIN001	47.55	-122.642	2024-9641	2024-10-10	14.026	30.422	8.519	7.705
SJF000	48.417	-123.025	2021-8310	2021-01-20	8.301	29.882	8.183	0.947
SJF000	48.417	-123.025	2021-8321	2021-02-09	8.014	30.139	8.037	0.693
SJF000	48.417	-123.025	2021-8353	2021-03-10	7.769	30.489	8.187	0.683
SJF000	48.417	-123.025	2021-8405	2021-04-07	8.144	30.565	8.466	0.847
SJF000	48.417	-123.025	2021-8438	2021-05-11	9.343	30.748	7.224	0.386
SJF000	48.417	-123.025	2021-8483	2021-06-09	9.736	30.831	6.993	2.143
SJF000	48.417	-123.025	2021-8508	2021-07-13	10.723	30.736	6.63	2.987
SJF000	48.417	-123.025	2021-8547	2021-08-11	11.454	30.799	6.3	2.538
SJF000	48.417	-123.025	2021-8580	2021-09-09	10.581	31.342	5.227	4.267
SJF000	48.417	-123.025	2021-8611	2021-10-08	10.125	31.429	5.492	2.018
SJF000	48.417	-123.025	2021-8646	2021-11-10	9.698	30.956	6.699	1.48
SJF000	48.417	-123.025	2021-8679	2021-12-16	8.501	30.167	7.702	1.534
SJF000	48.417	-123.025	2022-8700	2022-01-13	7.608	29.93	8.62	0.617
SJF000	48.417	-123.025	2022-8741	2022-02-10	7.647	30.132		0.877
SJF000	48.417	-123.025	2022-8771	2022-03-11	7.605	30.145	7.877	1.016
SJF000	48.417	-123.025	2022-8804	2022-04-06	8.21	30.391	8.236	0.946
SJF000	48.417	-123.025	2022-8846	2022-05-17	8.868	30.747	7.737	0.703
SJF000	48.417	-123.025	2022-8891	2022-07-06	11.186	30.257	6.493	2.154
SJF000	48.417	-123.025	2022-8924	2022-08-08	13.162	28.436	7.605	4.852
SJF000	48.417	-123.025	2022-8971	2022-10-03	10.355	31.293	4.861	1.16
SJF000	48.417	-123.025	2022-9000	2022-11-01	9.903	31.357	6.841	0.752
SJF000	48.417	-123.025	2022-9047	2022-12-13	8.116	31.128	7.436	0.479
SJF000	48.417	-123.025	2023-9067	2023-02-14	7.783	30.795	8.445	0.488
SJF000	48.417	-123.025	2023-9087	2023-03-13	7.429	31.227	7.948	0.491
SJF000	48.417	-123.025	2023-9149	2023-05-17	9.79	30.737	7.811	0.448
SJF000	48.417	-123.025	2023-9187	2023-06-12	10.462	30.634	6.569	0.611
SJF000	48.417	-123.025	2023-9229	2023-07-11	10.881	30.896	6.377	0.358
SJF000	48.417	-123.025	2023-9264	2023-08-14	11.665	31.113	6.467	1.5
SJF000	48.417	-123.025	2023-9297	2023-09-12	11.43	31.155	5.733	1.964
SJF000	48.417	-123.025	2023-9335	2023-11-08	10.228	31.185	6.909	1.252
SJF000	48.417	-123.025	2024-9380	2024-01-23	8.301	30.865	7.775	0.831
SJF000	48.417	-123.025	2024-9407	2024-02-13	8.649	30.106	8.233	1.214
SJF000	48.417	-123.025	2024-9464	2024-04-10	8.9	30.727	8.59	1.339
SJF000	48.417	-123.025	2024-9489	2024-05-08	9.035	31.131	7.437	1.055
SJF000	48.417	-123.025	2024-9514	2024-06-10	10.406	30.664	7.444	3.586
SJF000	48.417	-123.025	2024-9551	2024-07-23	10.671	31.266	6.862	4.051
SJF000	48.417	-123.025	2024-9592	2024-08-13	11.832	30.707	8.05	10.327
SJF000	48.417	-123.025	2024-9625	2024-09-24	10.648	31.436	5.174	2.855
SJF000	48.417	-123.025	2024-9656	2024-10-22	9.954	31.482	5.455	2.274
SJF001	48.333	-123.025	2021-8311	2021-01-20	8.33	29.868	8.201	1.0
SJF001	48.333	-123.025	2021-8322	2021-02-09	8.086	30.125	8.169	0.76
SJF001	48.333	-123.025	2021-8354	2021-03-10	7.865	30.318	7.877	0.652
SJF001	48.333	-123.025	2021-8406	2021-04-07	8.246	30.41	8.663	1.035
SJF001	48.333	-123.025	2021-8439	2021-05-11	9.776	30.582	8.379	0.836
SJF001	48.333	-123.025	2021-8484	2021-06-09	10.035	30.767	7.54	2.738
SJF001	48.333	-123.025	2021-8509	2021-07-13	10.954	30.645	7.167	2.74
SJF001	48.333	-123.025	2021-8548	2021-08-11	11.07	30.96	5.784	2.583
SJF001	48.333	-123.025	2021-8581	2021-09-09	10.808	31.221	5.352	4.202
SJF001	48.333	-123.025	2021-8612	2021-10-08	10.163	31.42	5.525	1.954
SJF001	48.333	-123.025	2021-8647	2021-11-10	9.701	30.985	6.898	1.527
SJF001	48.333	-123.025	2021-8680	2021-12-16	8.597	30.012	7.655	1.522
SJF001	48.333	-123.025	2022-8701	2022-01-13	7.805	30.169	8.305	0.63
SJF001	48.333	-123.025	2022-8742	2022-02-10	7.66	30.165		0.79
SJF001	48.333	-123.025	2022-8772	2022-03-11	7.594	30.238	8.118	1.417
SJF001	48.333	-123.025	2022-8805	2022-04-06	8.37	30.532	8.311	0.73
SJF001	48.333	-123.025	2022-8847	2022-05-17	9.125	30.581	8.104	1.029
SJF001	48.333	-123.025	2022-8892	2022-07-06	10.974	29.958	7.885	5.267
SJF001	48.333	-123.025	2022-8925	2022-08-08	11.822	29.631	7.147	4.978
SJF001	48.333	-123.025	2022-8972	2022-10-03	10.865	31.13	5.256	1.619
SJF001	48.333	-123.025	2022-9001	2022-11-01	9.957	31.251	6.405	0.615
SJF001	48.333	-123.025	2022-9048	2022-12-13	8.227	31.332	7.28	0.431
SJF001	48.333	-123.025	2023-9068	2023-02-14	7.831	30.864	8.523	0.508
SJF001	48.333	-123.025	2023-9094	2023-03-14	7.53	31.004	8.301	0.86
SJF001	48.333	-123.025	2023-9150	2023-05-17	9.571	30.667	8.502	2.536
SJF001	48.333	-123.025	2023-9188	2023-06-12	10.169	30.618	6.637	0.83
SJF001	48.333	-123.025	2023-9230	2023-07-11	11.021	30.872	6.562	0.409
SJF001	48.333	-123.025	2023-9265	2023-08-14	12.16	30.968	7.394	2.381
SJF001	48.333	-123.025	2023-9298	2023-09-12	12.076	31.139	6.752	3.364
SJF001	48.333	-123.025	2023-9336	2023-11-08	10.243	31.202	7.113	1.348
SJF001	48.333	-123.025	2024-9381	2024-01-23	8.338	30.781	7.832	0.906
SJF001	48.333	-123.025	2024-9408	2024-02-13	8.587	29.972	8.351	1.15
SJF001	48.333	-123.025	2024-9465	2024-04-10	8.885	30.635	8.503	1.011
SJF001	48.333	-123.025	2024-9490	2024-05-08	9.249	31.038	7.507	0.757
SJF001	48.333	-123.025	2024-9515	2024-06-10	10.295	30.757	7.614	3.912
SJF001	48.333	-123.025	2024-9552	2024-07-23	10.815	31.169	6.773	2.718
SJF001	48.333	-123.025	2024-9593	2024-08-13	11.745	30.883	7.873	7.888
SJF001	48.333	-123.025	2024-9626	2024-09-24	10.953	31.434	5.36	3.08
SJF001	48.333	-123.025	2024-9657	2024-10-22	10.124	31.506	5.678	2.0
SJF002	48.25	-123.025	2021-8312	2021-01-20	8.258	30.292	8.169	0.992
SJF002	48.25	-123.025	2021-8323	2021-02-09	8.018	30.466	8.205	0.698
SJF002	48.25	-123.025	2021-8355	2021-03-10	7.96	30.632	7.695	0.582
SJF002	48.25	-123.025	2021-8407	2021-04-07	8.374	30.375	8.766	1.036
SJF002	48.25	-123.025	2021-8440	2021-05-11	9.346	30.72	7.983	0.731
SJF002	48.25	-123.025	2021-8485	2021-06-09	10.406	30.428	7.915	3.582
SJF002	48.25	-123.025	2021-8510	2021-07-13	11.197	30.651	7.264	2.703
SJF002	48.25	-123.025	2021-8549	2021-08-11	11.532	30.88	6.546	3.118
SJF002	48.25	-123.025	2021-8582	2021-09-09	11.132	31.233	5.576	3.128
SJF002	48.25	-123.025	2021-8613	2021-10-08	10.232	31.704	5.37	2.178
SJF002	48.25	-123.025	2021-8648	2021-11-10	9.522	31.548	6.458	1.499
SJF002	48.25	-123.025	2021-8681	2021-12-16	8.541	30.415	7.377	1.461
SJF002	48.25	-123.025	2022-8702	2022-01-13	7.714	30.205	8.477	0.652
SJF002	48.25	-123.025	2022-8737	2022-02-08	7.817	29.627		0.985
SJF002	48.25	-123.025	2022-8767	2022-03-10	7.763	30.085	7.668	0.817
SJF002	48.25	-123.025	2022-8806	2022-04-06	8.604	30.171	8.444	0.44
SJF002	48.25	-123.025	2022-8848	2022-05-17	9.552	30.377	8.566	1.814
SJF002	48.25	-123.025	2022-8899	2022-07-07	10.992	29.797	7.808	7.314
SJF002	48.25	-123.025	2022-8932	2022-08-09	11.598	29.643	6.916	4.9
SJF002	48.25	-123.025	2022-8979	2022-10-04	10.248	31.722	5.003	1.54
SJF002	48.25	-123.025	2022-9008	2022-11-02	10.023	31.319	5.692	0.5
SJF002	48.25	-123.025	2022-9049	2022-12-13	8.324	31.655	7.73	0.727
SJF002	48.25	-123.025	2023-9069	2023-02-14	7.797	30.818	8.805	0.606
SJF002	48.25	-123.025	2023-9095	2023-03-14	7.536	31.139	9.219	0.693
SJF002	48.25	-123.025	2023-9151	2023-05-17	9.952	30.646	8.918	1.55
SJF002	48.25	-123.025	2023-9189	2023-06-12	10.559	30.311	7.24	0.996
SJF002	48.25	-123.025	2023-9231	2023-07-11	11.049	30.761	6.579	0.672
SJF002	48.25	-123.025	2023-9266	2023-08-14	11.306	31.372	6.249	1.7
SJF002	48.25	-123.025	2023-9299	2023-09-12	11.587	31.205	5.432	1.246
SJF002	48.25	-123.025	2023-9337	2023-11-08	10.175	31.471	7.052	1.263
SJF002	48.25	-123.025	2024-9382	2024-01-23	8.451	31.093	7.387	0.577
SJF002	48.25	-123.025	2024-9409	2024-02-13	8.653	30.35	8.009	0.779
SJF002	48.25	-123.025	2024-9466	2024-04-10	9.038	30.587	8.6	1.032
SJF002	48.25	-123.025	2024-9491	2024-05-08	9.382	30.78	7.767	0.666
SJF002	48.25	-123.025	2024-9516	2024-06-10	10.14	30.817	7.38	4.538
SJF002	48.25	-123.025	2024-9553	2024-07-23	11.367	30.911	7.31	3.933
SJF002	48.25	-123.025	2024-9594	2024-08-13	11.76	30.917	7.509	8.138
SJF002	48.25	-123.025	2024-9627	2024-09-24	10.204	31.881	4.584	2.414
SJF002	48.25	-123.025	2024-9658	2024-10-22	9.917	31.811	5.413	1.939
SKG003	48.297	-122.488	2021-8313	2021-01-20	8.909	23.368	7.34	0.895
SKG003	48.297	-122.488	2021-8324	2021-02-10	7.324	23.145	9.142	2.242
SKG003	48.297	-122.488	2021-8350	2021-03-09	7.913	22.536	9.271	1.38
SKG003	48.297	-122.488	2021-8403	2021-04-06	9.481	23.459		1.854
SKG003	48.297	-122.488	2021-8446	2021-05-12	10.745	24.157	8.195	1.857
SKG003	48.297	-122.488	2021-8482	2021-06-08	9.812	27.062	6.954	3.723
SKG003	48.297	-122.488	2021-8516	2021-07-14	12.757	25.975	9.269	18.961
SKG003	48.297	-122.488	2021-8546	2021-08-10	13.168	25.47	7.084	4.772
SKG003	48.297	-122.488	2021-8579	2021-09-08	12.623	27.414	5.137	4.036
SKG003	48.297	-122.488	2021-8609	2021-10-07	12.048	26.708	5.504	3.718
SKG003	48.297	-122.488	2021-8641	2021-11-08	9.572	19.137	9.568	3.231
SKG003	48.297	-122.488	2021-8677	2021-12-14	7.246	18.318	10.135	2.139
SKG003	48.297	-122.488	2022-8703	2022-01-13	7.593	23.182	10.023	1.077
SKG003	48.297	-122.488	2022-8738	2022-02-08	8.32	23.98		2.148
SKG003	48.297	-122.488	2022-8768	2022-03-10	8.626	24.842	7.557	8.167
SKG003	48.297	-122.488	2022-8807	2022-04-06	8.802	23.257	9.258	5.578
SKG003	48.297	-122.488	2022-8849	2022-05-17	9.229	26.454	6.634	1.666
SKG003	48.297	-122.488	2022-8900	2022-07-07	13.786	16.24	8.437	3.73
SKG003	48.297	-122.488	2022-8933	2022-08-09	12.226	26.616	6.379	4.028
SKG003	48.297	-122.488	2022-8980	2022-10-04	11.962	28.055	4.682	2.196
SKG003	48.297	-122.488	2022-9009	2022-11-02	11.522	28.166	6.689	1.988
SKG003	48.297	-122.488	2022-9052	2022-12-14	9.922	29.102	5.821	1.089
SKG003	48.297	-122.488	2023-9075	2023-02-15	7.62	26.307	8.868	5.148
SKG003	48.297	-122.488	2023-9096	2023-03-14	7.347	25.839	9.788	3.229
SKG003	48.297	-122.488	2023-9157	2023-05-18	9.663	26.917	8.78	6.72
SKG003	48.297	-122.488	2023-9190	2023-06-12	14.177	20.702	10.106	3.349
SKG003	48.297	-122.488	2023-9232	2023-07-11	12.495	27.168	8.05	3.018
SKG003	48.297	-122.488	2023-9274	2023-08-15	13.435	27.007	6.218	3.057
SKG003	48.297	-122.488	2023-9300	2023-09-12	11.595	29.456	4.141	5.211
SKG003	48.297	-122.488	2023-9338	2023-11-08	11.084	21.778	7.551	1.821
SKG003	48.297	-122.488	2024-9383	2024-01-23	7.598	24.948	8.727	2.868
SKG003	48.297	-122.488	2024-9410	2024-02-13	9.311	23.004	6.76	2.525
SKG003	48.297	-122.488	2024-9459	2024-04-09	9.479	18.989	10.251	8.607
SKG003	48.297	-122.488	2024-9487	2024-05-07	10.671	17.255	9.344	9.728
SKG003	48.297	-122.488	2024-9521	2024-06-11	13.774	16.476	9.569	12.838
SKG003	48.297	-122.488	2024-9554	2024-07-23	12.096	27.087	6.791	7.216
SKG003	48.297	-122.488	2024-9595	2024-08-13	12.465	28.287	6.362	22.66
SKG003	48.297	-122.488	2024-9628	2024-09-24	14.686	26.798	7.176	22.454
SKG003	48.297	-122.488	2024-9659	2024-10-22	12.067	27.735	5.813	3.656
WPA003	46.705	-123.837	2021-8375	2021-03-26	9.299	15.189	10.969	3.559
WPA003	46.705	-123.837	2021-8414	2021-04-21	14.551	21.572	9.914	6.062
WPA003	46.705	-123.837	2021-8453	2021-05-25	14.194	24.357	7.645	3.752
WPA003	46.705	-123.837	2021-8490	2021-06-23	17.922	25.815	7.172	4.221
WPA003	46.705	-123.837	2021-8534	2021-08-05	18.828	30.624	7.007	5.875
WPA003	46.705	-123.837	2021-8564	2021-09-02	17.518	28.893	6.833	4.126
WPA003	46.705	-123.837	2022-8706	2022-01-18	8.721	17.536	10.311	1.559
WPA003	46.705	-123.837	2022-8753	2022-03-07	8.877	19.667	10.103	2.994
WPA003	46.705	-123.837	2022-8792	2022-04-01	11.08	10.927	10.114	3.034
WPA003	46.705	-123.837	2022-8850	2022-05-23	14.23	12.533	9.23	4.273
WPA003	46.705	-123.837	2022-8875	2022-06-15	14.673	18.736	8.542	5.217
WPA003	46.705	-123.837	2022-8936	2022-08-22	21.622	24.835	7.751	9.992
WPA003	46.705	-123.837	2022-8961	2022-09-15	16.637	29.889	7.235	3.491
WPA003	46.705	-123.837	2022-8990	2022-10-17	14.645	30.695	8.699	4.864
WPA003	46.705	-123.837	2022-9027	2022-11-21	6.859	22.347	9.78	2.628
WPA003	46.705	-123.837	2023-9135	2023-05-11	15.797	15.092	9.479	5.579
WPA003	46.705	-123.837	2023-9175	2023-06-08	17.846	23.059	7.005	4.819
WPA003	46.705	-123.837	2023-9211	2023-07-06	16.323	31.095	7.513	6.275
WPA003	46.705	-123.837	2023-9258	2023-08-10	20.887	28.295	6.247	4.675
WPA003	46.705	-123.837	2023-9349	2023-12-11	9.459	19.709	9.913	1.391
WPA003	46.705	-123.837	2024-9434	2024-03-22	10.87	21.447	9.916	5.971
WPA003	46.705	-123.837	2024-9560	2024-07-30	18.675	27.631	6.691	9.434
WPA003	46.705	-123.837	2024-9609	2024-09-17	17.298	29.376	7.279	9.014
WPA004	46.687	-123.972	2021-8376	2021-03-26	8.99	27.561	10.1	9.178
WPA004	46.687	-123.972	2021-8415	2021-04-21	13.475	26.163	9.02	2.968
WPA004	46.687	-123.972	2021-8454	2021-05-25	12.561	27.467	9.187	9.142
WPA004	46.687	-123.972	2021-8491	2021-06-23	17.163	26.834	7.48	4.187
WPA004	46.687	-123.972	2021-8535	2021-08-05	13.426	32.782	9.294	19.462
WPA004	46.687	-123.972	2021-8565	2021-09-02	14.367	31.199	9.102	12.421
WPA004	46.687	-123.972	2021-8658	2021-12-07	10.299	24.515	9.54	3.622
WPA004	46.687	-123.972	2022-8707	2022-01-18	8.9	22.747	10.097	1.769
WPA004	46.687	-123.972	2022-8754	2022-03-07	8.777	23.585	10.105	3.545
WPA004	46.687	-123.972	2022-8793	2022-04-01	10.553	19.9	10.104	3.914
WPA004	46.687	-123.972	2022-8851	2022-05-23	13.567	22.328	8.908	4.27
WPA004	46.687	-123.972	2022-8876	2022-06-15	14.177	23.863	9.121	6.574
WPA004	46.687	-123.972	2022-8908	2022-07-20	14.279	29.908	8.1	15.224
WPA004	46.687	-123.972	2022-8937	2022-08-22	18.402	26.045	8.986	9.573
WPA004	46.687	-123.972	2022-8962	2022-09-15	14.773	30.142	8.199	3.736
WPA004	46.687	-123.972	2022-8991	2022-10-17	13.08	29.916	9.156	5.286
WPA004	46.687	-123.972	2022-9028	2022-11-21	7.734	26.545	9.622	2.411
WPA004	46.687	-123.972	2023-9103	2023-03-30	9.356	21.63	10.075	3.112
WPA004	46.687	-123.972	2023-9136	2023-05-11	14.561	19.973	9.462	3.757
WPA004	46.687	-123.972	2023-9176	2023-06-08	12.459	29.134	9.744	7.986
WPA004	46.687	-123.972	2023-9212	2023-07-06	15.094	31.383	7.769	7.523
WPA004	46.687	-123.972	2023-9259	2023-08-10	17.405	29.422	9.531	14.134
WPA004	46.687	-123.972	2023-9350	2023-12-11	10.467	25.265	9.862	1.207
WPA004	46.687	-123.972	2024-9435	2024-03-22	10.691	23.548	10.095	8.336
WPA004	46.687	-123.972	2024-9561	2024-07-30	15.212	29.216	9.352	22.745
WPA004	46.687	-123.972	2024-9598	2024-08-20	16.229	27.966	8.404	15.817
WPA004	46.687	-123.972	2024-9610	2024-09-17	12.88	31.676	6.528	14.83
WPA006	46.545	-123.978	2021-8377	2021-03-26	9.165	23.491	10.423	6.355
WPA006	46.545	-123.978	2021-8416	2021-04-21	13.811	26.002	9.021	2.272
WPA006	46.545	-123.978	2021-8455	2021-05-25	13.177	27.52	8.779	5.912
WPA006	46.545	-123.978	2021-8492	2021-06-23	19.324	25.449	7.842	3.307
WPA006	46.545	-123.978	2021-8566	2021-09-02	17.055	30.551	8.227	7.216
WPA006	46.545	-123.978	2021-8659	2021-12-07	9.843	23.45	9.532	3.237
WPA006	46.545	-123.978	2022-8708	2022-01-18	8.794	20.376	10.4	1.585
WPA006	46.545	-123.978	2022-8755	2022-03-07	9.02	21.267	10.355	4.5
WPA006	46.545	-123.978	2022-8794	2022-04-01	11.155	18.846	10.254	3.718
WPA006	46.545	-123.978	2022-8852	2022-05-23	13.983	19.302	9.29	5.922
WPA006	46.545	-123.978	2022-8877	2022-06-15	15.231	20.349	8.832	6.798
WPA006	46.545	-123.978	2022-8909	2022-07-20	17.602	26.538	7.916	6.607
WPA006	46.545	-123.978	2022-8938	2022-08-22	20.014	27.67	8.478	10.581
WPA006	46.545	-123.978	2022-8963	2022-09-15	16.787	29.71	6.978	2.929
WPA006	46.545	-123.978	2022-8992	2022-10-17	15.017	30.699	8.668	5.317
WPA006	46.545	-123.978	2022-9029	2022-11-21	7.42	24.709	9.792	2.7
WPA006	46.545	-123.978	2023-9104	2023-03-30	9.184	22.845	10.224	3.919
WPA006	46.545	-123.978	2023-9137	2023-05-11	15.018	20.868	8.883	3.086
WPA006	46.545	-123.978	2023-9177	2023-06-08	16.561	26.555	7.856	5.625
WPA006	46.545	-123.978	2023-9213	2023-07-06	17.458	29.982	7.435	5.278
WPA006	46.545	-123.978	2023-9260	2023-08-10	20.151	30.767	7.845	7.267
WPA006	46.545	-123.978	2023-9351	2023-12-11	9.331	21.761	9.938	1.519
WPA006	46.545	-123.978	2024-9436	2024-03-22	10.816	23.522	9.961	7.531
WPA006	46.545	-123.978	2024-9562	2024-07-30	17.609	30.254	7.758	12.671
WPA006	46.545	-123.978	2024-9599	2024-08-20	17.006	29.272	7.763	12.528
WPA006	46.545	-123.978	2024-9611	2024-09-17	17.153	29.774	7.86	13.51
WPA007	46.453	-124.008	2021-8378	2021-03-26	9.374	21.878	10.368	3.812
WPA007	46.453	-124.008	2021-8417	2021-04-21	14.198	24.706	8.761	2.246
WPA007	46.453	-124.008	2021-8456	2021-05-25	13.908	26.537	8.232	2.759
WPA007	46.453	-124.008	2021-8493	2021-06-23	19.856	25.609	7.697	2.519
WPA007	46.453	-124.008	2021-8567	2021-09-02	17.835	30.301	7.781	4.13
WPA007	46.453	-124.008	2021-8660	2021-12-07	9.454	20.465	9.679	3.148
WPA007	46.453	-124.008	2022-8709	2022-01-18	8.645	16.472	10.532	1.778
WPA007	46.453	-124.008	2022-8795	2022-04-01	11.344	18.603	10.086	3.074
WPA007	46.453	-124.008	2022-8853	2022-05-23	14.505	18.063	9.292	5.158
WPA007	46.453	-124.008	2022-8878	2022-06-15	15.524	19.134	8.695	7.139
WPA007	46.453	-124.008	2022-8910	2022-07-20	19.222	23.648	7.515	4.648
WPA007	46.453	-124.008	2022-8939	2022-08-22	21.488	27.522	6.962	4.053
WPA007	46.453	-124.008	2022-8964	2022-09-15	17.584	29.376	6.648	2.668
WPA007	46.453	-124.008	2022-8993	2022-10-17	16.038	29.989	8.185	4.159
WPA007	46.453	-124.008	2022-9030	2022-11-21	7.008	23.121	9.972	2.412
WPA007	46.453	-124.008	2023-9105	2023-03-30	9.057	21.292	10.233	3.38
WPA007	46.453	-124.008	2023-9138	2023-05-11	15.776	20.784	8.881	3.045
WPA007	46.453	-124.008	2023-9178	2023-06-08	16.896	25.177	7.838	5.957
WPA007	46.453	-124.008	2023-9214	2023-07-06	19.175	28.84	7.351	3.824
WPA007	46.453	-124.008	2023-9261	2023-08-10	21.291	30.384	6.775	2.99
WPA007	46.453	-124.008	2024-9437	2024-03-22	10.902	21.352	10.034	5.927
WPA007	46.453	-124.008	2024-9563	2024-07-30	18.62	29.267	7.254	6.502
WPA007	46.453	-124.008	2024-9600	2024-08-20	18.732	29.55	7.051	6.874
WPA007	46.453	-124.008	2024-9612	2024-09-17	18.521	29.1	7.698	7.702
WPA008	46.464	-123.939	2021-8379	2021-03-26	9.344	19.937	10.417	3.181
WPA008	46.464	-123.939	2021-8418	2021-04-21	14.851	21.293	8.669	2.544
WPA008	46.464	-123.939	2021-8457	2021-05-25	14.185	25.515	8.141	3.21
WPA008	46.464	-123.939	2021-8494	2021-06-23	20.38	22.368	6.94	2.627
WPA008	46.464	-123.939	2021-8568	2021-09-02	18.436	29.603	7.323	4.563
WPA008	46.464	-123.939	2021-8661	2021-12-07	9.348	18.928	9.731	3.21
WPA008	46.464	-123.939	2022-8710	2022-01-18	8.561	15.843	10.545	1.774
WPA008	46.464	-123.939	2022-8757	2022-03-07	9.286	14.316	10.657	3.394
WPA008	46.464	-123.939	2022-8796	2022-04-01	11.357	12.873	10.56	4.634
WPA008	46.464	-123.939	2022-8854	2022-05-23	14.625	12.495	10.293	11.416
WPA008	46.464	-123.939	2022-8879	2022-06-15	15.622	18.789	8.717	7.654
WPA008	46.464	-123.939	2022-8911	2022-07-20	19.647	22.563	7.203	4.883
WPA008	46.464	-123.939	2022-8940	2022-08-22	22.182	26.38	6.754	6.722
WPA008	46.464	-123.939	2022-8965	2022-09-15	18.286	28.413	6.301	2.93
WPA008	46.464	-123.939	2022-8994	2022-10-17	16.669	28.916	6.426	4.878
WPA008	46.464	-123.939	2022-9031	2022-11-21	6.801	21.812	10.141	2.404
WPA008	46.464	-123.939	2023-9106	2023-03-30	9.101	16.415	10.787	3.023
WPA008	46.464	-123.939	2023-9139	2023-05-11	16.302	16.811	8.76	4.479
WPA008	46.464	-123.939	2023-9179	2023-06-08	18.055	22.968	7.413	6.952
WPA008	46.464	-123.939	2023-9215	2023-07-06	20.619	27.097	6.33	4.292
WPA008	46.464	-123.939	2023-9262	2023-08-10	21.655	29.511	5.979	5.501
WPA008	46.464	-123.939	2023-9352	2023-12-11	9.011	16.518	10.2	1.593
WPA008	46.464	-123.939	2024-9438	2024-03-22	10.884	20.517	9.988	4.763
WPA008	46.464	-123.939	2024-9564	2024-07-30	19.522	26.654	6.798	7.542
WPA008	46.464	-123.939	2024-9601	2024-08-20	18.869	29.38	6.81	5.733
WPA008	46.464	-123.939	2024-9613	2024-09-17	18.573	28.88	7.536	8.731
WPA113	46.644	-123.993	2021-8380	2021-03-26	8.992	27.497	10.171	9.098
WPA113	46.644	-123.993	2021-8419	2021-04-21	12.88	27.126	10.386	4.01
WPA113	46.644	-123.993	2021-8458	2021-05-25	12.073	26.934	10.117	14.244
WPA113	46.644	-123.993	2021-8495	2021-06-23	16.853	27.496	8.03	5.147
WPA113	46.644	-123.993	2021-8662	2021-12-07	10.429	24.197	9.603	4.012
WPA113	46.644	-123.993	2022-8711	2022-01-18	8.844	23.001	10.429	2.141
WPA113	46.644	-123.993	2022-8758	2022-03-07	8.782	25.881	10.229	3.789
WPA113	46.644	-123.993	2022-8797	2022-04-01	10.572	21.019	10.144	5.498
WPA113	46.644	-123.993	2022-8855	2022-05-23	13.221	23.243	9.514	6.794
WPA113	46.644	-123.993	2022-8880	2022-06-15	13.91	24.977	9.335	7.378
WPA113	46.644	-123.993	2022-8912	2022-07-20	14.748	29.566	8.286	13.951
WPA113	46.644	-123.993	2022-8941	2022-08-22	18.935	26.291	9.404	9.876
WPA113	46.644	-123.993	2022-8966	2022-09-15	14.787	30.09	8.31	4.69
WPA113	46.644	-123.993	2022-8995	2022-10-17	13.386	30.954	9.081	5.64
WPA113	46.644	-123.993	2022-9032	2022-11-21	8.541	28.032	9.479	4.007
WPA113	46.644	-123.993	2023-9107	2023-03-30	9.392	24.231	9.988	3.814
WPA113	46.644	-123.993	2023-9140	2023-05-11	14.86	21.131	9.326	3.93
WPA113	46.644	-123.993	2023-9180	2023-06-08	14.759	29.193	8.007	5.287
WPA113	46.644	-123.993	2023-9216	2023-07-06	15.265	31.253	7.972	7.8
WPA113	46.644	-123.993	2023-9263	2023-08-10	18.013	29.839	9.612	11.981
WPA113	46.644	-123.993	2023-9353	2023-12-11	10.548	25.634	9.782	1.052
WPA113	46.644	-123.993	2024-9439	2024-03-22	10.732	23.935	10.07	9.276
WPA113	46.644	-123.993	2024-9565	2024-07-30	15.725	29.405	9.568	27.246
WPA113	46.644	-123.993	2024-9602	2024-08-20	15.599	27.334	8.696	17.296
WPA113	46.644	-123.993	2024-9614	2024-09-17	12.608	31.745	6.347	13.748
