location	region	latitude	longitude	n_samples	ecology_station	ecology_distance_km	ecology_n_profiles	temp_n_months	temp_annual_mean	temp_summer_mean	temp_winter_mean	temp_month_max	temp_month_min	temp_range	sal_n_months	sal_annual_mean	sal_summer_mean	sal_winter_mean	sal_month_max	sal_month_min	sal_range	do_n_months	do_annual_mean	do_summer_mean	do_winter_mean	do_month_max	do_month_min	do_range	chl_n_months	chl_annual_mean	chl_summer_mean	chl_winter_mean	chl_month_max	chl_month_min	chl_range
CS18_22_Wild_plate1	Central Puget Sound	47.576	-122.546	7	SIN001	7.74	36.0	12.0	11.961	15.916	9.002	16.131	8.458	7.673	12.0	29.141	29.574	28.559	30.325	28.207	2.118	12.0	9.472	10.036	7.926	12.444	6.967	5.477	12.0	8.059	13.986	2.851	19.028	2.174	16.854
Coos_Bay	Oregon coast	43.345	-124.317	7																															
Dogfish_Bay	Central Puget Sound	47.696	-122.63	8	SIN001	16.26	36.0	12.0	11.961	15.916	9.002	16.131	8.458	7.673	12.0	29.141	29.574	28.559	30.325	28.207	2.118	12.0	9.472	10.036	7.926	12.444	6.967	5.477	12.0	8.059	13.986	2.851	19.028	2.174	16.854
FB18_Wild	Northern Puget Sound	48.488	-122.576	5	RSR837	19.84	38.0	12.0	9.648	11.674	8.258	12.659	7.519	5.14	12.0	30.009	29.891	29.854	30.658	28.988	1.67	12.0	7.098	6.241	7.757	8.271	5.296	2.975	12.0	1.688	3.144	0.882	4.819	0.797	4.022
Fidalgo_Bay	Northern Puget Sound	48.488	-122.576	5	RSR837	19.84	38.0	12.0	9.648	11.674	8.258	12.659	7.519	5.14	12.0	30.009	29.891	29.854	30.658	28.988	1.67	12.0	7.098	6.241	7.757	8.271	5.296	2.975	12.0	1.688	3.144	0.882	4.819	0.797	4.022
HC18_Triton_Wild	Hood Canal	47.607	-122.977	8	HCB003	7.99	36.0	12.0	12.739	18.077	8.532	20.083	8.002	12.081	12.0	26.85	27.596	26.222	28.091	25.418	2.673	12.0	9.321	9.263	8.175	13.764	6.886	6.878	12.0	7.482	5.849	4.854	20.689	1.441	19.248
LS	South Puget Sound	47.16	-123.03	7	OAK004	6.9	38.0	12.0	12.88	18.824	8.048	19.887	6.063	13.824	12.0	25.473	27.777	22.79	28.575	22.084	6.491	12.0	8.938	8.531	8.904	11.448	6.023	5.425	12.0	4.308	7.024	2.194	9.091	1.658	7.433
MB	South Puget Sound	47.108	-122.977	8	BUD005	4.91	38.0	12.0	12.133	16.127	9.092	17.133	7.928	9.205	12.0	28.422	29.044	27.68	29.739	27.268	2.471	12.0	9.632	10.421	8.287	12.546	6.93	5.616	12.0	15.726	31.798	2.205	50.117	1.819	48.298
NS18_Disco_Wild	Strait of Juan de Fuca	48.045	-122.888	8	PTH005	10.2	38.0	12.0	10.255	12.619	8.273	13.038	7.772	5.266	12.0	30.544	30.871	30.075	31.345	29.864	1.481	12.0	8.576	8.493	8.264	11.226	6.624	4.602	12.0	6.617	11.489	1.633	23.386	1.222	22.164
NS18_Sequim_Wild	Strait of Juan de Fuca	48.064	-123.03	8	ADM002	19.59	39.0	12.0	9.592	11.277	8.351	11.579	7.705	3.874	12.0	30.706	30.927	30.253	31.357	30.09	1.267	12.0	7.085	6.264	7.824	8.342	5.332	3.01	12.0	1.848	3.523	0.899	4.726	0.775	3.951
Ostrich_Bay	Central Puget Sound	47.586	-122.69	8	SIN001	5.4	36.0	12.0	11.961	15.916	9.002	16.131	8.458	7.673	12.0	29.141	29.574	28.559	30.325	28.207	2.118	12.0	9.472	10.036	7.926	12.444	6.967	5.477	12.0	8.059	13.986	2.851	19.028	2.174	16.854
PGB18_Wild	Hood Canal	47.85	-122.58	8	ADM003	8.01	37.0	12.0	11.155	14.032	8.866	14.315	8.151	6.164	12.0	28.264	29.27	27.247	30.415	26.4	4.015	12.0	8.914	9.016	8.451	11.239	6.548	4.691	12.0	5.125	8.246	2.029	14.875	0.997	13.878
SS18_North_Bay_Wild	South Puget Sound	47.38	-122.83	8	HCB007	7.68	36.0	12.0	13.605	19.721	8.607	21.676	7.707	13.969	12.0	24.972	26.497	24.081	27.166	21.556	5.61	12.0	8.548	8.457	6.888	13.023	3.605	9.418	12.0	6.911	6.514	4.191	13.958	1.492	12.466
Squaxin_Island	South Puget Sound	47.18	-122.92	7	DNA001	4.29	38.0	12.0	11.585	14.944	9.222	15.405	8.185	7.22	12.0	28.808	29.285	28.304	29.995	27.81	2.185	12.0	8.53	8.809	7.958	10.263	6.845	3.418	12.0	3.346	5.834	1.501	6.235	0.889	5.346
WB	Washington coast	46.52	-123.98	8	WPA006	2.78	26.0	11.0	13.414	17.87	9.191	19.057	7.42	11.637	11.0	25.313	29.391	21.491	30.699	20.376	10.323	11.0	9.005	7.807	10.067	10.4	7.689	2.711	11.0	5.178	8.732	1.982	10.125	1.585	8.54
