location	region	latitude	longitude	n_samples	in_env_model	env_source	env_station	env_distance_km	shares_station_with	ecology_n_profiles	temp_n_months	temp_annual_mean	temp_summer_mean	temp_winter_mean	temp_month_max	temp_month_min	temp_range	sal_n_months	sal_annual_mean	sal_summer_mean	sal_winter_mean	sal_month_max	sal_month_min	sal_range	do_n_months	do_annual_mean	do_summer_mean	do_winter_mean	do_month_max	do_month_min	do_range	chl_n_months	chl_annual_mean	chl_summer_mean	chl_winter_mean	chl_month_max	chl_month_min	chl_range	MEM1	MEM2	MEM3	MEM4	MEMall1
CS18_22_Wild_plate1	Central Puget Sound	47.576	-122.546	7	True	WA Ecology	SIN001	7.74	Dogfish_Bay;Ostrich_Bay	36	12	11.961	15.916	9.002	16.131	8.458	7.673	12	29.141	29.574	28.559	30.325	28.207	2.118	12	9.472	10.036	7.926	12.444	6.967	5.477	12	8.059	13.986	2.851	19.028	2.174	16.854	-108.035	-60.6228	34.8833	1.3434	-135.01
Coos_Bay	Oregon coast	43.345	-124.317	7	False	NOAA CO-OPS (temperature only)	CO-OPS 9432780				12	11.664	12.801	10.264	13.166	9.833	3.333																										1294.54
Dogfish_Bay	Central Puget Sound	47.696	-122.63	8	True	WA Ecology	SIN001	16.26	CS18_22_Wild_plate1;Ostrich_Bay	36	12	11.961	15.916	9.002	16.131	8.458	7.673	12	29.141	29.574	28.559	30.325	28.207	2.118	12	9.472	10.036	7.926	12.444	6.967	5.477	12	8.059	13.986	2.851	19.028	2.174	16.854	38.8105	-32.662	-59.6272	53.6425	-135.392
FB18_Wild	Northern Puget Sound	48.488	-122.576	5	True	WA Ecology	RSR837	19.84	Fidalgo_Bay	38	12	9.648	11.674	8.258	12.659	7.519	5.14	12	30.009	29.891	29.854	30.658	28.988	1.67	12	7.098	6.241	7.757	8.271	5.296	2.975	12	1.688	3.144	0.882	4.819	0.797	4.022	278.141	34.5901	-42.4962	11.5773	-135.661
Fidalgo_Bay	Northern Puget Sound	48.488	-122.576	5	True	WA Ecology	RSR837	19.84	FB18_Wild	38	12	9.648	11.674	8.258	12.659	7.519	5.14	12	30.009	29.891	29.854	30.658	28.988	1.67	12	7.098	6.241	7.757	8.271	5.296	2.975	12	1.688	3.144	0.882	4.819	0.797	4.022	278.141	34.5901	-42.4962	11.5773	-135.661
HC18_Triton_Wild	Hood Canal	47.607	-122.977	8	True	WA Ecology	HCB003	7.99		36	12	12.739	18.077	8.532	20.083	8.002	12.081	12	26.85	27.596	26.222	28.091	25.418	2.673	12	9.321	9.263	8.175	13.764	6.886	6.878	12	7.482	5.849	4.854	20.689	1.441	19.248	-108.098	-60.9732	36.0071	-0.821995	-134.544
LS	South Puget Sound	47.16	-123.03	7	True	WA Ecology	OAK004	6.9		38	12	12.88	18.824	8.048	19.887	6.063	13.824	12	25.473	27.777	22.79	28.575	22.084	6.491	12	8.938	8.531	8.904	11.448	6.023	5.425	12	4.308	7.024	2.194	9.091	1.658	7.433	-145.962	-14.3789	-142.556	-63.7835	-131.9
MB	South Puget Sound	47.108	-122.977	8	True	WA Ecology	BUD005	4.91		38	12	12.133	16.127	9.092	17.133	7.928	9.205	12	28.422	29.044	27.68	29.739	27.268	2.471	12	9.632	10.421	8.287	12.546	6.93	5.616	12	15.726	31.798	2.205	50.117	1.819	48.298	-170.218	167.688	-40.726	72.6535	-131.625
NS18_Disco_Wild	Strait of Juan de Fuca	48.045	-122.888	8	True	WA Ecology	PTH005	10.2		38	12	10.255	12.619	8.273	13.038	7.772	5.266	12	30.544	30.871	30.075	31.345	29.864	1.481	12	8.576	8.493	8.264	11.226	6.624	4.602	12	6.617	11.489	1.633	23.386	1.222	22.164	93.7886	-101.754	-9.95107	-116.699	-135.726
NS18_Sequim_Wild	Strait of Juan de Fuca	48.064	-123.03	8	True	WA Ecology	ADM002	19.59		39	12	9.592	11.277	8.351	11.579	7.705	3.874	12	30.706	30.927	30.253	31.357	30.09	1.267	12	7.085	6.264	7.824	8.342	5.332	3.01	12	1.848	3.523	0.899	4.726	0.775	3.951	131.449	-95.2813	150.93	28.9268	-135.449
Ostrich_Bay	Central Puget Sound	47.586	-122.69	8	True	WA Ecology	SIN001	5.4	CS18_22_Wild_plate1;Dogfish_Bay	36	12	11.961	15.916	9.002	16.131	8.458	7.673	12	29.141	29.574	28.559	30.325	28.207	2.118	12	9.472	10.036	7.926	12.444	6.967	5.477	12	8.059	13.986	2.851	19.028	2.174	16.854	-108.286	-60.9954	35.256	0.746523	-134.924
PGB18_Wild	Hood Canal	47.85	-122.58	8	True	WA Ecology	ADM003	8.01		37	12	11.155	14.032	8.866	14.315	8.151	6.164	12	28.264	29.27	27.247	30.415	26.4	4.015	12	8.914	9.016	8.451	11.239	6.548	4.691	12	5.125	8.246	2.029	14.875	0.997	13.878	44.3588	-32.7644	-58.3678	52.7156	-135.849
SS18_North_Bay_Wild	South Puget Sound	47.38	-122.83	8	True	WA Ecology	HCB007	7.68		36	12	13.605	19.721	8.607	21.676	7.707	13.969	12	24.972	26.497	24.081	27.166	21.556	5.61	12	8.548	8.457	6.888	13.023	3.605	9.418	12	6.911	6.514	4.191	13.958	1.492	12.466	-110.832	-58.4075	31.2969	2.13726	-133.724
Squaxin_Island	South Puget Sound	47.18	-122.92	7	True	WA Ecology	DNA001	4.29		38	12	11.585	14.944	9.222	15.405	8.185	7.22	12	28.808	29.285	28.304	29.995	27.81	2.185	12	8.53	8.809	7.958	10.263	6.845	3.418	12	3.346	5.834	1.501	6.235	0.889	5.346	-112.192	-54.6457	27.3642	3.10066	-132.278
WB	Washington coast	46.52	-123.98	8	True	WA Ecology	WPA006	2.78		26	11	13.414	17.87	9.191	19.057	7.42	11.637	11	25.313	29.391	21.491	30.699	20.376	10.323	11	9.005	7.807	10.067	10.4	7.689	2.711	11	5.178	8.732	1.982	10.125	1.585	8.54	-1.06623	335.617	80.4833	-57.1162	453.201
