family	predictor_a	predictor_b	pearson_r
temp	temp_annual_mean	temp_summer_mean	0.9851
temp	temp_annual_mean	temp_winter_mean	0.4337
temp	temp_annual_mean	temp_month_max	0.9607
temp	temp_annual_mean	temp_month_min	-0.0838
temp	temp_annual_mean	temp_range	0.9204
temp	temp_summer_mean	temp_winter_mean	0.2978
temp	temp_summer_mean	temp_month_max	0.9863
temp	temp_summer_mean	temp_month_min	-0.1673
temp	temp_summer_mean	temp_range	0.96
temp	temp_winter_mean	temp_month_max	0.212
temp	temp_winter_mean	temp_month_min	0.653
temp	temp_winter_mean	temp_range	0.0787
temp	temp_month_max	temp_month_min	-0.2248
temp	temp_month_max	temp_range	0.9836
temp	temp_month_min	temp_range	-0.397
sal	sal_annual_mean	sal_summer_mean	0.8481
sal	sal_annual_mean	sal_winter_mean	0.9677
sal	sal_annual_mean	sal_month_max	0.7625
sal	sal_annual_mean	sal_month_min	0.9824
sal	sal_annual_mean	sal_range	-0.853
sal	sal_summer_mean	sal_winter_mean	0.6924
sal	sal_summer_mean	sal_month_max	0.9811
sal	sal_summer_mean	sal_month_min	0.7489
sal	sal_summer_mean	sal_range	-0.4595
sal	sal_winter_mean	sal_month_max	0.5849
sal	sal_winter_mean	sal_month_min	0.9879
sal	sal_winter_mean	sal_range	-0.9446
sal	sal_month_max	sal_month_min	0.6446
sal	sal_month_max	sal_range	-0.3213
sal	sal_month_min	sal_range	-0.9311
do	do_annual_mean	do_summer_mean	0.9537
do	do_annual_mean	do_winter_mean	0.2881
do	do_annual_mean	do_month_max	0.889
do	do_annual_mean	do_month_min	0.6238
do	do_annual_mean	do_range	0.5187
do	do_summer_mean	do_winter_mean	0.0447
do	do_summer_mean	do_month_max	0.8763
do	do_summer_mean	do_month_min	0.5414
do	do_summer_mean	do_range	0.5538
do	do_winter_mean	do_month_max	-0.0478
do	do_winter_mean	do_month_min	0.6727
do	do_winter_mean	do_range	-0.436
do	do_month_max	do_month_min	0.2729
do	do_month_max	do_range	0.8313
do	do_month_min	do_range	-0.308
chl	chl_annual_mean	chl_summer_mean	0.9335
chl	chl_annual_mean	chl_winter_mean	0.5007
chl	chl_annual_mean	chl_month_max	0.963
chl	chl_annual_mean	chl_month_min	0.7019
chl	chl_annual_mean	chl_range	0.9535
chl	chl_summer_mean	chl_winter_mean	0.1682
chl	chl_summer_mean	chl_month_max	0.9366
chl	chl_summer_mean	chl_month_min	0.6215
chl	chl_summer_mean	chl_range	0.9301
chl	chl_winter_mean	chl_month_max	0.3452
chl	chl_winter_mean	chl_month_min	0.5718
chl	chl_winter_mean	chl_range	0.3271
chl	chl_month_max	chl_month_min	0.5298
chl	chl_month_max	chl_range	0.9992
chl	chl_month_min	chl_range	0.4965
