location	source	station	variable	units	month	mean	n_years	n_obs
CS18_22_Wild_plate1	Ecology	SIN001	temperature	degC	1	9.116	3	3
CS18_22_Wild_plate1	Ecology	SIN001	temperature	degC	2	9.127	3	3
CS18_22_Wild_plate1	Ecology	SIN001	temperature	degC	3	9.186	3	3
CS18_22_Wild_plate1	Ecology	SIN001	temperature	degC	4	10.403	4	4
CS18_22_Wild_plate1	Ecology	SIN001	temperature	degC	5	12.97	4	4
CS18_22_Wild_plate1	Ecology	SIN001	temperature	degC	6	14.537	4	4
CS18_22_Wild_plate1	Ecology	SIN001	temperature	degC	7	16.334	4	4
CS18_22_Wild_plate1	Ecology	SIN001	temperature	degC	8	16.491	3	3
CS18_22_Wild_plate1	Ecology	SIN001	temperature	degC	9	15.339	4	4
CS18_22_Wild_plate1	Ecology	SIN001	temperature	degC	10	12.566	2	2
CS18_22_Wild_plate1	Ecology	SIN001	temperature	degC	11	11.676	3	4
CS18_22_Wild_plate1	Ecology	SIN001	temperature	degC	12	10.355	1	1
CS18_22_Wild_plate1	Ecology	SIN001	salinity	PSU	1	28.214	3	3
CS18_22_Wild_plate1	Ecology	SIN001	salinity	PSU	2	27.703	3	3
CS18_22_Wild_plate1	Ecology	SIN001	salinity	PSU	3	27.422	3	3
CS18_22_Wild_plate1	Ecology	SIN001	salinity	PSU	4	27.926	4	4
CS18_22_Wild_plate1	Ecology	SIN001	salinity	PSU	5	27.676	4	4
CS18_22_Wild_plate1	Ecology	SIN001	salinity	PSU	6	28.256	4	4
CS18_22_Wild_plate1	Ecology	SIN001	salinity	PSU	7	28.916	4	4
CS18_22_Wild_plate1	Ecology	SIN001	salinity	PSU	8	29.354	3	3
CS18_22_Wild_plate1	Ecology	SIN001	salinity	PSU	9	29.784	4	4
CS18_22_Wild_plate1	Ecology	SIN001	salinity	PSU	10	29.672	2	2
CS18_22_Wild_plate1	Ecology	SIN001	salinity	PSU	11	29.447	3	4
CS18_22_Wild_plate1	Ecology	SIN001	salinity	PSU	12	28.343	1	1
CS18_22_Wild_plate1	Ecology	SIN001	oxygen	mg/L	1	7.822	3	3
CS18_22_Wild_plate1	Ecology	SIN001	oxygen	mg/L	2	8.581	3	3
CS18_22_Wild_plate1	Ecology	SIN001	oxygen	mg/L	3	9.356	3	3
CS18_22_Wild_plate1	Ecology	SIN001	oxygen	mg/L	4	11.601	4	4
CS18_22_Wild_plate1	Ecology	SIN001	oxygen	mg/L	5	14.061	4	4
CS18_22_Wild_plate1	Ecology	SIN001	oxygen	mg/L	6	11.244	4	4
CS18_22_Wild_plate1	Ecology	SIN001	oxygen	mg/L	7	12.818	4	4
CS18_22_Wild_plate1	Ecology	SIN001	oxygen	mg/L	8	11.161	3	3
CS18_22_Wild_plate1	Ecology	SIN001	oxygen	mg/L	9	9.868	4	4
CS18_22_Wild_plate1	Ecology	SIN001	oxygen	mg/L	10	7.181	2	2
CS18_22_Wild_plate1	Ecology	SIN001	oxygen	mg/L	11	7.243	3	4
CS18_22_Wild_plate1	Ecology	SIN001	oxygen	mg/L	12	8.405	1	1
CS18_22_Wild_plate1	Ecology	SIN001	chlorophyll	mg/m3	1	1.675	3	3
CS18_22_Wild_plate1	Ecology	SIN001	chlorophyll	mg/m3	2	2.043	3	3
CS18_22_Wild_plate1	Ecology	SIN001	chlorophyll	mg/m3	3	3.113	3	3
CS18_22_Wild_plate1	Ecology	SIN001	chlorophyll	mg/m3	4	8.853	4	4
CS18_22_Wild_plate1	Ecology	SIN001	chlorophyll	mg/m3	5	9.375	4	4
CS18_22_Wild_plate1	Ecology	SIN001	chlorophyll	mg/m3	6	5.035	4	4
CS18_22_Wild_plate1	Ecology	SIN001	chlorophyll	mg/m3	7	17.281	4	4
CS18_22_Wild_plate1	Ecology	SIN001	chlorophyll	mg/m3	8	27.959	3	3
CS18_22_Wild_plate1	Ecology	SIN001	chlorophyll	mg/m3	9	15.078	4	4
CS18_22_Wild_plate1	Ecology	SIN001	chlorophyll	mg/m3	10	3.191	2	2
CS18_22_Wild_plate1	Ecology	SIN001	chlorophyll	mg/m3	11	3.871	3	4
CS18_22_Wild_plate1	Ecology	SIN001	chlorophyll	mg/m3	12	0.921	1	1
Dogfish_Bay	Ecology	SIN001	temperature	degC	1	9.116	3	3
Dogfish_Bay	Ecology	SIN001	temperature	degC	2	9.127	3	3
Dogfish_Bay	Ecology	SIN001	temperature	degC	3	9.186	3	3
Dogfish_Bay	Ecology	SIN001	temperature	degC	4	10.403	4	4
Dogfish_Bay	Ecology	SIN001	temperature	degC	5	12.97	4	4
Dogfish_Bay	Ecology	SIN001	temperature	degC	6	14.537	4	4
Dogfish_Bay	Ecology	SIN001	temperature	degC	7	16.334	4	4
Dogfish_Bay	Ecology	SIN001	temperature	degC	8	16.491	3	3
Dogfish_Bay	Ecology	SIN001	temperature	degC	9	15.339	4	4
Dogfish_Bay	Ecology	SIN001	temperature	degC	10	12.566	2	2
Dogfish_Bay	Ecology	SIN001	temperature	degC	11	11.676	3	4
Dogfish_Bay	Ecology	SIN001	temperature	degC	12	10.355	1	1
Dogfish_Bay	Ecology	SIN001	salinity	PSU	1	28.214	3	3
Dogfish_Bay	Ecology	SIN001	salinity	PSU	2	27.703	3	3
Dogfish_Bay	Ecology	SIN001	salinity	PSU	3	27.422	3	3
Dogfish_Bay	Ecology	SIN001	salinity	PSU	4	27.926	4	4
Dogfish_Bay	Ecology	SIN001	salinity	PSU	5	27.676	4	4
Dogfish_Bay	Ecology	SIN001	salinity	PSU	6	28.256	4	4
Dogfish_Bay	Ecology	SIN001	salinity	PSU	7	28.916	4	4
Dogfish_Bay	Ecology	SIN001	salinity	PSU	8	29.354	3	3
Dogfish_Bay	Ecology	SIN001	salinity	PSU	9	29.784	4	4
Dogfish_Bay	Ecology	SIN001	salinity	PSU	10	29.672	2	2
Dogfish_Bay	Ecology	SIN001	salinity	PSU	11	29.447	3	4
Dogfish_Bay	Ecology	SIN001	salinity	PSU	12	28.343	1	1
Dogfish_Bay	Ecology	SIN001	oxygen	mg/L	1	7.822	3	3
Dogfish_Bay	Ecology	SIN001	oxygen	mg/L	2	8.581	3	3
Dogfish_Bay	Ecology	SIN001	oxygen	mg/L	3	9.356	3	3
Dogfish_Bay	Ecology	SIN001	oxygen	mg/L	4	11.601	4	4
Dogfish_Bay	Ecology	SIN001	oxygen	mg/L	5	14.061	4	4
Dogfish_Bay	Ecology	SIN001	oxygen	mg/L	6	11.244	4	4
Dogfish_Bay	Ecology	SIN001	oxygen	mg/L	7	12.818	4	4
Dogfish_Bay	Ecology	SIN001	oxygen	mg/L	8	11.161	3	3
Dogfish_Bay	Ecology	SIN001	oxygen	mg/L	9	9.868	4	4
Dogfish_Bay	Ecology	SIN001	oxygen	mg/L	10	7.181	2	2
Dogfish_Bay	Ecology	SIN001	oxygen	mg/L	11	7.243	3	4
Dogfish_Bay	Ecology	SIN001	oxygen	mg/L	12	8.405	1	1
Dogfish_Bay	Ecology	SIN001	chlorophyll	mg/m3	1	1.675	3	3
Dogfish_Bay	Ecology	SIN001	chlorophyll	mg/m3	2	2.043	3	3
Dogfish_Bay	Ecology	SIN001	chlorophyll	mg/m3	3	3.113	3	3
Dogfish_Bay	Ecology	SIN001	chlorophyll	mg/m3	4	8.853	4	4
Dogfish_Bay	Ecology	SIN001	chlorophyll	mg/m3	5	9.375	4	4
Dogfish_Bay	Ecology	SIN001	chlorophyll	mg/m3	6	5.035	4	4
Dogfish_Bay	Ecology	SIN001	chlorophyll	mg/m3	7	17.281	4	4
Dogfish_Bay	Ecology	SIN001	chlorophyll	mg/m3	8	27.959	3	3
Dogfish_Bay	Ecology	SIN001	chlorophyll	mg/m3	9	15.078	4	4
Dogfish_Bay	Ecology	SIN001	chlorophyll	mg/m3	10	3.191	2	2
Dogfish_Bay	Ecology	SIN001	chlorophyll	mg/m3	11	3.871	3	4
Dogfish_Bay	Ecology	SIN001	chlorophyll	mg/m3	12	0.921	1	1
FB18_Wild	Ecology	RSR837	temperature	degC	1	8.286	3	3
FB18_Wild	Ecology	RSR837	temperature	degC	2	8.565	3	3
FB18_Wild	Ecology	RSR837	temperature	degC	3	8.518	3	3
FB18_Wild	Ecology	RSR837	temperature	degC	4	9.324	3	3
FB18_Wild	Ecology	RSR837	temperature	degC	5	9.715	3	3
FB18_Wild	Ecology	RSR837	temperature	degC	6	11.048	3	3
FB18_Wild	Ecology	RSR837	temperature	degC	7	11.67	3	3
FB18_Wild	Ecology	RSR837	temperature	degC	8	11.794	4	4
FB18_Wild	Ecology	RSR837	temperature	degC	9	12.258	4	4
FB18_Wild	Ecology	RSR837	temperature	degC	10	10.912	2	2
FB18_Wild	Ecology	RSR837	temperature	degC	11	9.955	3	3
FB18_Wild	Ecology	RSR837	temperature	degC	12	9.101	3	3
FB18_Wild	Ecology	RSR837	salinity	PSU	1	29.759	3	3
FB18_Wild	Ecology	RSR837	salinity	PSU	2	29.312	3	3
FB18_Wild	Ecology	RSR837	salinity	PSU	3	29.72	3	3
FB18_Wild	Ecology	RSR837	salinity	PSU	4	29.681	3	3
FB18_Wild	Ecology	RSR837	salinity	PSU	5	29.283	3	3
FB18_Wild	Ecology	RSR837	salinity	PSU	6	28.281	3	3
FB18_Wild	Ecology	RSR837	salinity	PSU	7	28.821	3	3
FB18_Wild	Ecology	RSR837	salinity	PSU	8	29.987	4	4
FB18_Wild	Ecology	RSR837	salinity	PSU	9	29.042	4	4
FB18_Wild	Ecology	RSR837	salinity	PSU	10	30.044	2	2
FB18_Wild	Ecology	RSR837	salinity	PSU	11	30.577	3	3
FB18_Wild	Ecology	RSR837	salinity	PSU	12	29.971	3	3
FB18_Wild	Ecology	RSR837	oxygen	mg/L	1	7.843	3	3
FB18_Wild	Ecology	RSR837	oxygen	mg/L	2	8.158	3	3
FB18_Wild	Ecology	RSR837	oxygen	mg/L	3	8.084	3	3
FB18_Wild	Ecology	RSR837	oxygen	mg/L	4	8.143	2	2
FB18_Wild	Ecology	RSR837	oxygen	mg/L	5	8.612	2	2
FB18_Wild	Ecology	RSR837	oxygen	mg/L	6	7.639	2	2
FB18_Wild	Ecology	RSR837	oxygen	mg/L	7	7.161	3	3
FB18_Wild	Ecology	RSR837	oxygen	mg/L	8	6.351	4	4
FB18_Wild	Ecology	RSR837	oxygen	mg/L	9	6.68	4	4
FB18_Wild	Ecology	RSR837	oxygen	mg/L	10	6.187	2	2
FB18_Wild	Ecology	RSR837	oxygen	mg/L	11	6.104	3	3
FB18_Wild	Ecology	RSR837	oxygen	mg/L	12	6.937	2	2
FB18_Wild	Ecology	RSR837	chlorophyll	mg/m3	1	0.742	2	2
FB18_Wild	Ecology	RSR837	chlorophyll	mg/m3	2	0.866	4	4
FB18_Wild	Ecology	RSR837	chlorophyll	mg/m3	3	1.083	3	3
FB18_Wild	Ecology	RSR837	chlorophyll	mg/m3	4	1.913	3	3
FB18_Wild	Ecology	RSR837	chlorophyll	mg/m3	5	3.553	3	3
FB18_Wild	Ecology	RSR837	chlorophyll	mg/m3	6	3.313	3	3
FB18_Wild	Ecology	RSR837	chlorophyll	mg/m3	7	3.919	3	3
FB18_Wild	Ecology	RSR837	chlorophyll	mg/m3	8	2.685	4	4
FB18_Wild	Ecology	RSR837	chlorophyll	mg/m3	9	3.297	3	3
FB18_Wild	Ecology	RSR837	chlorophyll	mg/m3	10	2.356	2	2
FB18_Wild	Ecology	RSR837	chlorophyll	mg/m3	11	0.916	2	2
FB18_Wild	Ecology	RSR837	chlorophyll	mg/m3	12	0.748	3	3
Fidalgo_Bay	Ecology	RSR837	temperature	degC	1	8.286	3	3
Fidalgo_Bay	Ecology	RSR837	temperature	degC	2	8.565	3	3
Fidalgo_Bay	Ecology	RSR837	temperature	degC	3	8.518	3	3
Fidalgo_Bay	Ecology	RSR837	temperature	degC	4	9.324	3	3
Fidalgo_Bay	Ecology	RSR837	temperature	degC	5	9.715	3	3
Fidalgo_Bay	Ecology	RSR837	temperature	degC	6	11.048	3	3
Fidalgo_Bay	Ecology	RSR837	temperature	degC	7	11.67	3	3
Fidalgo_Bay	Ecology	RSR837	temperature	degC	8	11.794	4	4
Fidalgo_Bay	Ecology	RSR837	temperature	degC	9	12.258	4	4
Fidalgo_Bay	Ecology	RSR837	temperature	degC	10	10.912	2	2
Fidalgo_Bay	Ecology	RSR837	temperature	degC	11	9.955	3	3
Fidalgo_Bay	Ecology	RSR837	temperature	degC	12	9.101	3	3
Fidalgo_Bay	Ecology	RSR837	salinity	PSU	1	29.759	3	3
Fidalgo_Bay	Ecology	RSR837	salinity	PSU	2	29.312	3	3
Fidalgo_Bay	Ecology	RSR837	salinity	PSU	3	29.72	3	3
Fidalgo_Bay	Ecology	RSR837	salinity	PSU	4	29.681	3	3
Fidalgo_Bay	Ecology	RSR837	salinity	PSU	5	29.283	3	3
Fidalgo_Bay	Ecology	RSR837	salinity	PSU	6	28.281	3	3
Fidalgo_Bay	Ecology	RSR837	salinity	PSU	7	28.821	3	3
Fidalgo_Bay	Ecology	RSR837	salinity	PSU	8	29.987	4	4
Fidalgo_Bay	Ecology	RSR837	salinity	PSU	9	29.042	4	4
Fidalgo_Bay	Ecology	RSR837	salinity	PSU	10	30.044	2	2
Fidalgo_Bay	Ecology	RSR837	salinity	PSU	11	30.577	3	3
Fidalgo_Bay	Ecology	RSR837	salinity	PSU	12	29.971	3	3
Fidalgo_Bay	Ecology	RSR837	oxygen	mg/L	1	7.843	3	3
Fidalgo_Bay	Ecology	RSR837	oxygen	mg/L	2	8.158	3	3
Fidalgo_Bay	Ecology	RSR837	oxygen	mg/L	3	8.084	3	3
Fidalgo_Bay	Ecology	RSR837	oxygen	mg/L	4	8.143	2	2
Fidalgo_Bay	Ecology	RSR837	oxygen	mg/L	5	8.612	2	2
Fidalgo_Bay	Ecology	RSR837	oxygen	mg/L	6	7.639	2	2
Fidalgo_Bay	Ecology	RSR837	oxygen	mg/L	7	7.161	3	3
Fidalgo_Bay	Ecology	RSR837	oxygen	mg/L	8	6.351	4	4
Fidalgo_Bay	Ecology	RSR837	oxygen	mg/L	9	6.68	4	4
Fidalgo_Bay	Ecology	RSR837	oxygen	mg/L	10	6.187	2	2
Fidalgo_Bay	Ecology	RSR837	oxygen	mg/L	11	6.104	3	3
Fidalgo_Bay	Ecology	RSR837	oxygen	mg/L	12	6.937	2	2
Fidalgo_Bay	Ecology	RSR837	chlorophyll	mg/m3	1	0.742	2	2
Fidalgo_Bay	Ecology	RSR837	chlorophyll	mg/m3	2	0.866	4	4
Fidalgo_Bay	Ecology	RSR837	chlorophyll	mg/m3	3	1.083	3	3
Fidalgo_Bay	Ecology	RSR837	chlorophyll	mg/m3	4	1.913	3	3
Fidalgo_Bay	Ecology	RSR837	chlorophyll	mg/m3	5	3.553	3	3
Fidalgo_Bay	Ecology	RSR837	chlorophyll	mg/m3	6	3.313	3	3
Fidalgo_Bay	Ecology	RSR837	chlorophyll	mg/m3	7	3.919	3	3
Fidalgo_Bay	Ecology	RSR837	chlorophyll	mg/m3	8	2.685	4	4
Fidalgo_Bay	Ecology	RSR837	chlorophyll	mg/m3	9	3.297	3	3
Fidalgo_Bay	Ecology	RSR837	chlorophyll	mg/m3	10	2.356	2	2
Fidalgo_Bay	Ecology	RSR837	chlorophyll	mg/m3	11	0.916	2	2
Fidalgo_Bay	Ecology	RSR837	chlorophyll	mg/m3	12	0.748	3	3
HC18_Triton_Wild	Ecology	HCB003	temperature	degC	1	8.594	4	4
HC18_Triton_Wild	Ecology	HCB003	temperature	degC	2	8.753	4	4
HC18_Triton_Wild	Ecology	HCB003	temperature	degC	3	9.032	4	4
HC18_Triton_Wild	Ecology	HCB003	temperature	degC	4	10.587	4	4
HC18_Triton_Wild	Ecology	HCB003	temperature	degC	5	13.278	4	4
HC18_Triton_Wild	Ecology	HCB003	temperature	degC	6	16.954	4	4
HC18_Triton_Wild	Ecology	HCB003	temperature	degC	7	18.74	4	4
HC18_Triton_Wild	Ecology	HCB003	temperature	degC	8	18.893	4	4
HC18_Triton_Wild	Ecology	HCB003	temperature	degC	9	14.841	4	4
HC18_Triton_Wild	Ecology	HCB003	temperature	degC	10	12.673	4	4
HC18_Triton_Wild	Ecology	HCB003	temperature	degC	11	11.679	4	4
HC18_Triton_Wild	Ecology	HCB003	temperature	degC	12	9.044	4	4
HC18_Triton_Wild	Ecology	HCB003	salinity	PSU	1	25.255	4	4
HC18_Triton_Wild	Ecology	HCB003	salinity	PSU	2	23.264	4	4
HC18_Triton_Wild	Ecology	HCB003	salinity	PSU	3	26.328	4	4
HC18_Triton_Wild	Ecology	HCB003	salinity	PSU	4	25.798	4	4
HC18_Triton_Wild	Ecology	HCB003	salinity	PSU	5	25.698	4	4
HC18_Triton_Wild	Ecology	HCB003	salinity	PSU	6	25.479	4	4
HC18_Triton_Wild	Ecology	HCB003	salinity	PSU	7	26.383	4	4
HC18_Triton_Wild	Ecology	HCB003	salinity	PSU	8	26.856	4	4
HC18_Triton_Wild	Ecology	HCB003	salinity	PSU	9	28.017	4	4
HC18_Triton_Wild	Ecology	HCB003	salinity	PSU	10	27.261	4	4
HC18_Triton_Wild	Ecology	HCB003	salinity	PSU	11	27.094	4	4
HC18_Triton_Wild	Ecology	HCB003	salinity	PSU	12	24.459	4	4
HC18_Triton_Wild	Ecology	HCB003	oxygen	mg/L	1	8.993	4	4
HC18_Triton_Wild	Ecology	HCB003	oxygen	mg/L	2	10.295	4	4
HC18_Triton_Wild	Ecology	HCB003	oxygen	mg/L	3	11.126	4	4
HC18_Triton_Wild	Ecology	HCB003	oxygen	mg/L	4	12.059	3	3
HC18_Triton_Wild	Ecology	HCB003	oxygen	mg/L	5	11.78	4	4
HC18_Triton_Wild	Ecology	HCB003	oxygen	mg/L	6	10.073	4	4
HC18_Triton_Wild	Ecology	HCB003	oxygen	mg/L	7	10.172	4	4
HC18_Triton_Wild	Ecology	HCB003	oxygen	mg/L	8	9.585	4	4
HC18_Triton_Wild	Ecology	HCB003	oxygen	mg/L	9	7.956	4	4
HC18_Triton_Wild	Ecology	HCB003	oxygen	mg/L	10	9.63	4	4
HC18_Triton_Wild	Ecology	HCB003	oxygen	mg/L	11	7.216	4	4
HC18_Triton_Wild	Ecology	HCB003	oxygen	mg/L	12	9.074	4	4
HC18_Triton_Wild	Ecology	HCB003	chlorophyll	mg/m3	1	3.888	4	4
HC18_Triton_Wild	Ecology	HCB003	chlorophyll	mg/m3	2	12.666	4	4
HC18_Triton_Wild	Ecology	HCB003	chlorophyll	mg/m3	3	15.667	4	4
HC18_Triton_Wild	Ecology	HCB003	chlorophyll	mg/m3	4	9.296	4	4
HC18_Triton_Wild	Ecology	HCB003	chlorophyll	mg/m3	5	3.372	4	4
HC18_Triton_Wild	Ecology	HCB003	chlorophyll	mg/m3	6	2.276	4	4
HC18_Triton_Wild	Ecology	HCB003	chlorophyll	mg/m3	7	2.954	4	4
HC18_Triton_Wild	Ecology	HCB003	chlorophyll	mg/m3	8	5.573	4	4
HC18_Triton_Wild	Ecology	HCB003	chlorophyll	mg/m3	9	11.746	4	4
HC18_Triton_Wild	Ecology	HCB003	chlorophyll	mg/m3	10	14.641	4	4
HC18_Triton_Wild	Ecology	HCB003	chlorophyll	mg/m3	11	5.8	4	4
HC18_Triton_Wild	Ecology	HCB003	chlorophyll	mg/m3	12	4.041	4	4
LS	Ecology	OAK004	temperature	degC	1	7.402	4	4
LS	Ecology	OAK004	temperature	degC	2	9.111	3	3
LS	Ecology	OAK004	temperature	degC	3	8.56	4	4
LS	Ecology	OAK004	temperature	degC	4	11.309	4	4
LS	Ecology	OAK004	temperature	degC	5	14.633	3	3
LS	Ecology	OAK004	temperature	degC	6	16.571	4	4
LS	Ecology	OAK004	temperature	degC	7	19.209	4	4
LS	Ecology	OAK004	temperature	degC	8	19.163	4	4
LS	Ecology	OAK004	temperature	degC	9	17.728	4	4
LS	Ecology	OAK004	temperature	degC	10	15.221	4	4
LS	Ecology	OAK004	temperature	degC	11	12.11	4	4
LS	Ecology	OAK004	temperature	degC	12	8.695	4	4
LS	Ecology	OAK004	salinity	PSU	1	21.816	4	4
LS	Ecology	OAK004	salinity	PSU	2	19.58	3	3
LS	Ecology	OAK004	salinity	PSU	3	20.958	4	4
LS	Ecology	OAK004	salinity	PSU	4	21.12	4	4
LS	Ecology	OAK004	salinity	PSU	5	24.116	3	3
LS	Ecology	OAK004	salinity	PSU	6	25.719	4	4
LS	Ecology	OAK004	salinity	PSU	7	26.652	4	4
LS	Ecology	OAK004	salinity	PSU	8	27.976	4	4
LS	Ecology	OAK004	salinity	PSU	9	28.197	4	4
LS	Ecology	OAK004	salinity	PSU	10	27.729	4	4
LS	Ecology	OAK004	salinity	PSU	11	25.869	4	4
LS	Ecology	OAK004	salinity	PSU	12	22.138	4	4
LS	Ecology	OAK004	oxygen	mg/L	1	9.199	4	4
LS	Ecology	OAK004	oxygen	mg/L	2	9.051	3	3
LS	Ecology	OAK004	oxygen	mg/L	3	9.325	3	3
LS	Ecology	OAK004	oxygen	mg/L	4	11.304	3	3
LS	Ecology	OAK004	oxygen	mg/L	5	10.32	3	3
LS	Ecology	OAK004	oxygen	mg/L	6	9.299	4	4
LS	Ecology	OAK004	oxygen	mg/L	7	9.059	4	4
LS	Ecology	OAK004	oxygen	mg/L	8	8.319	4	4
LS	Ecology	OAK004	oxygen	mg/L	9	8.051	4	4
LS	Ecology	OAK004	oxygen	mg/L	10	7.465	4	4
LS	Ecology	OAK004	oxygen	mg/L	11	7.287	4	4
LS	Ecology	OAK004	oxygen	mg/L	12	8.554	4	4
LS	Ecology	OAK004	chlorophyll	mg/m3	1	1.753	4	4
LS	Ecology	OAK004	chlorophyll	mg/m3	2	2.466	3	3
LS	Ecology	OAK004	chlorophyll	mg/m3	3	2.546	4	4
LS	Ecology	OAK004	chlorophyll	mg/m3	4	4.528	4	4
LS	Ecology	OAK004	chlorophyll	mg/m3	5	4.998	3	3
LS	Ecology	OAK004	chlorophyll	mg/m3	6	6.063	4	4
LS	Ecology	OAK004	chlorophyll	mg/m3	7	8.735	4	4
LS	Ecology	OAK004	chlorophyll	mg/m3	8	10.147	4	4
LS	Ecology	OAK004	chlorophyll	mg/m3	9	7.927	4	4
LS	Ecology	OAK004	chlorophyll	mg/m3	10	5.257	4	4
LS	Ecology	OAK004	chlorophyll	mg/m3	11	3.256	4	4
LS	Ecology	OAK004	chlorophyll	mg/m3	12	1.84	4	4
MB	Ecology	BUD005	temperature	degC	1	8.534	4	4
MB	Ecology	BUD005	temperature	degC	2	9.388	3	3
MB	Ecology	BUD005	temperature	degC	3	8.829	4	4
MB	Ecology	BUD005	temperature	degC	4	10.35	4	4
MB	Ecology	BUD005	temperature	degC	5	12.762	4	4
MB	Ecology	BUD005	temperature	degC	6	13.682	4	4
MB	Ecology	BUD005	temperature	degC	7	15.588	4	4
MB	Ecology	BUD005	temperature	degC	8	16.914	4	4
MB	Ecology	BUD005	temperature	degC	9	16.174	4	4
MB	Ecology	BUD005	temperature	degC	10	14.741	4	4
MB	Ecology	BUD005	temperature	degC	11	12.499	4	4
MB	Ecology	BUD005	temperature	degC	12	9.819	4	4
MB	Ecology	BUD005	salinity	PSU	1	27.25	4	4
MB	Ecology	BUD005	salinity	PSU	2	26.123	3	3
MB	Ecology	BUD005	salinity	PSU	3	26.585	4	4
MB	Ecology	BUD005	salinity	PSU	4	26.626	4	4
MB	Ecology	BUD005	salinity	PSU	5	27.112	4	4
MB	Ecology	BUD005	salinity	PSU	6	27.93	4	4
MB	Ecology	BUD005	salinity	PSU	7	28.443	4	4
MB	Ecology	BUD005	salinity	PSU	8	28.826	4	4
MB	Ecology	BUD005	salinity	PSU	9	29.214	4	4
MB	Ecology	BUD005	salinity	PSU	10	29.431	4	4
MB	Ecology	BUD005	salinity	PSU	11	29.168	4	4
MB	Ecology	BUD005	salinity	PSU	12	27.51	4	4
MB	Ecology	BUD005	oxygen	mg/L	1	8.351	4	4
MB	Ecology	BUD005	oxygen	mg/L	2	8.463	3	3
MB	Ecology	BUD005	oxygen	mg/L	3	9.229	2	2
MB	Ecology	BUD005	oxygen	mg/L	4	13.304	3	3
MB	Ecology	BUD005	oxygen	mg/L	5	13.22	4	4
MB	Ecology	BUD005	oxygen	mg/L	6	11.309	4	4
MB	Ecology	BUD005	oxygen	mg/L	7	13.543	4	4
MB	Ecology	BUD005	oxygen	mg/L	8	10.982	4	4
MB	Ecology	BUD005	oxygen	mg/L	9	9.296	4	4
MB	Ecology	BUD005	oxygen	mg/L	10	7.827	4	4
MB	Ecology	BUD005	oxygen	mg/L	11	7.274	4	4
MB	Ecology	BUD005	oxygen	mg/L	12	7.693	3	3
MB	Ecology	BUD005	chlorophyll	mg/m3	1	1.646	4	4
MB	Ecology	BUD005	chlorophyll	mg/m3	2	2.118	3	3
MB	Ecology	BUD005	chlorophyll	mg/m3	3	2.842	4	4
MB	Ecology	BUD005	chlorophyll	mg/m3	4	18.218	4	4
MB	Ecology	BUD005	chlorophyll	mg/m3	5	10.355	4	4
MB	Ecology	BUD005	chlorophyll	mg/m3	6	11.743	4	4
MB	Ecology	BUD005	chlorophyll	mg/m3	7	65.356	4	4
MB	Ecology	BUD005	chlorophyll	mg/m3	8	55.044	4	4
MB	Ecology	BUD005	chlorophyll	mg/m3	9	32.817	4	4
MB	Ecology	BUD005	chlorophyll	mg/m3	10	20.298	4	4
MB	Ecology	BUD005	chlorophyll	mg/m3	11	12.479	4	4
MB	Ecology	BUD005	chlorophyll	mg/m3	12	2.016	4	4
NS18_Disco_Wild	Ecology	PTH005	temperature	degC	1	8.823	2	2
NS18_Disco_Wild	Ecology	PTH005	temperature	degC	2	8.521	4	4
NS18_Disco_Wild	Ecology	PTH005	temperature	degC	3	8.83	3	3
NS18_Disco_Wild	Ecology	PTH005	temperature	degC	4	10.133	3	3
NS18_Disco_Wild	Ecology	PTH005	temperature	degC	5	10.701	3	3
NS18_Disco_Wild	Ecology	PTH005	temperature	degC	6	11.578	3	3
NS18_Disco_Wild	Ecology	PTH005	temperature	degC	7	12.663	3	3
NS18_Disco_Wild	Ecology	PTH005	temperature	degC	8	13.033	4	4
NS18_Disco_Wild	Ecology	PTH005	temperature	degC	9	12.608	4	4
NS18_Disco_Wild	Ecology	PTH005	temperature	degC	10	11.466	2	2
NS18_Disco_Wild	Ecology	PTH005	temperature	degC	11	10.386	4	4
NS18_Disco_Wild	Ecology	PTH005	temperature	degC	12	9.217	3	3
NS18_Disco_Wild	Ecology	PTH005	salinity	PSU	1	29.742	2	2
NS18_Disco_Wild	Ecology	PTH005	salinity	PSU	2	29.366	4	4
NS18_Disco_Wild	Ecology	PTH005	salinity	PSU	3	29.788	3	3
NS18_Disco_Wild	Ecology	PTH005	salinity	PSU	4	29.763	3	3
NS18_Disco_Wild	Ecology	PTH005	salinity	PSU	5	29.684	3	3
NS18_Disco_Wild	Ecology	PTH005	salinity	PSU	6	30.033	3	3
NS18_Disco_Wild	Ecology	PTH005	salinity	PSU	7	30.344	3	3
NS18_Disco_Wild	Ecology	PTH005	salinity	PSU	8	30.82	4	4
NS18_Disco_Wild	Ecology	PTH005	salinity	PSU	9	30.933	4	4
NS18_Disco_Wild	Ecology	PTH005	salinity	PSU	10	31.178	2	2
NS18_Disco_Wild	Ecology	PTH005	salinity	PSU	11	30.929	4	4
NS18_Disco_Wild	Ecology	PTH005	salinity	PSU	12	30.356	3	3
NS18_Disco_Wild	Ecology	PTH005	oxygen	mg/L	1	8.003	2	2
NS18_Disco_Wild	Ecology	PTH005	oxygen	mg/L	2	8.794	4	4
NS18_Disco_Wild	Ecology	PTH005	oxygen	mg/L	3	8.66	3	3
NS18_Disco_Wild	Ecology	PTH005	oxygen	mg/L	4	10.456	2	2
NS18_Disco_Wild	Ecology	PTH005	oxygen	mg/L	5	8.844	2	2
NS18_Disco_Wild	Ecology	PTH005	oxygen	mg/L	6	9.405	2	2
NS18_Disco_Wild	Ecology	PTH005	oxygen	mg/L	7	9.515	3	3
NS18_Disco_Wild	Ecology	PTH005	oxygen	mg/L	8	8.418	4	4
NS18_Disco_Wild	Ecology	PTH005	oxygen	mg/L	9	8.485	4	4
NS18_Disco_Wild	Ecology	PTH005	oxygen	mg/L	10	6.679	2	2
NS18_Disco_Wild	Ecology	PTH005	oxygen	mg/L	11	6.776	4	4
NS18_Disco_Wild	Ecology	PTH005	oxygen	mg/L	12	7.678	2	2
NS18_Disco_Wild	Ecology	PTH005	chlorophyll	mg/m3	1	1.233	2	2
NS18_Disco_Wild	Ecology	PTH005	chlorophyll	mg/m3	2	1.476	4	4
NS18_Disco_Wild	Ecology	PTH005	chlorophyll	mg/m3	3	2.105	3	3
NS18_Disco_Wild	Ecology	PTH005	chlorophyll	mg/m3	4	6.803	3	3
NS18_Disco_Wild	Ecology	PTH005	chlorophyll	mg/m3	5	4.533	3	3
NS18_Disco_Wild	Ecology	PTH005	chlorophyll	mg/m3	6	12.381	3	3
NS18_Disco_Wild	Ecology	PTH005	chlorophyll	mg/m3	7	11.933	3	3
NS18_Disco_Wild	Ecology	PTH005	chlorophyll	mg/m3	8	7.931	4	4
NS18_Disco_Wild	Ecology	PTH005	chlorophyll	mg/m3	9	14.255	4	4
NS18_Disco_Wild	Ecology	PTH005	chlorophyll	mg/m3	10	3.563	2	2
NS18_Disco_Wild	Ecology	PTH005	chlorophyll	mg/m3	11	1.342	4	4
NS18_Disco_Wild	Ecology	PTH005	chlorophyll	mg/m3	12	1.047	3	3
NS18_Sequim_Wild	Ecology	ADM002	temperature	degC	1	8.884	2	2
NS18_Sequim_Wild	Ecology	ADM002	temperature	degC	2	8.525	4	4
NS18_Sequim_Wild	Ecology	ADM002	temperature	degC	3	8.286	3	3
NS18_Sequim_Wild	Ecology	ADM002	temperature	degC	4	8.998	3	3
NS18_Sequim_Wild	Ecology	ADM002	temperature	degC	5	9.588	4	4
NS18_Sequim_Wild	Ecology	ADM002	temperature	degC	6	10.473	4	4
NS18_Sequim_Wild	Ecology	ADM002	temperature	degC	7	10.906	2	2
NS18_Sequim_Wild	Ecology	ADM002	temperature	degC	8	11.418	4	4
NS18_Sequim_Wild	Ecology	ADM002	temperature	degC	9	11.397	4	4
NS18_Sequim_Wild	Ecology	ADM002	temperature	degC	10	11.152	4	4
NS18_Sequim_Wild	Ecology	ADM002	temperature	degC	11	10.283	4	4
NS18_Sequim_Wild	Ecology	ADM002	temperature	degC	12	9.389	2	2
NS18_Sequim_Wild	Ecology	ADM002	salinity	PSU	1	30.388	2	2
NS18_Sequim_Wild	Ecology	ADM002	salinity	PSU	2	29.543	3	3
NS18_Sequim_Wild	Ecology	ADM002	salinity	PSU	3	30.209	3	3
NS18_Sequim_Wild	Ecology	ADM002	salinity	PSU	4	30.049	3	3
NS18_Sequim_Wild	Ecology	ADM002	salinity	PSU	5	30.305	4	4
NS18_Sequim_Wild	Ecology	ADM002	salinity	PSU	6	30.408	4	4
NS18_Sequim_Wild	Ecology	ADM002	salinity	PSU	7	30.59	2	2
NS18_Sequim_Wild	Ecology	ADM002	salinity	PSU	8	30.931	4	4
NS18_Sequim_Wild	Ecology	ADM002	salinity	PSU	9	31.273	4	4
NS18_Sequim_Wild	Ecology	ADM002	salinity	PSU	10	31.207	4	4
NS18_Sequim_Wild	Ecology	ADM002	salinity	PSU	11	30.935	4	4
NS18_Sequim_Wild	Ecology	ADM002	salinity	PSU	12	30.624	2	2
NS18_Sequim_Wild	Ecology	ADM002	oxygen	mg/L	1	7.432	2	2
NS18_Sequim_Wild	Ecology	ADM002	oxygen	mg/L	2	8.245	3	3
NS18_Sequim_Wild	Ecology	ADM002	oxygen	mg/L	3	8.136	3	3
NS18_Sequim_Wild	Ecology	ADM002	oxygen	mg/L	4	8.495	2	2
NS18_Sequim_Wild	Ecology	ADM002	oxygen	mg/L	5	7.871	3	3
NS18_Sequim_Wild	Ecology	ADM002	oxygen	mg/L	6	7.167	3	3
NS18_Sequim_Wild	Ecology	ADM002	oxygen	mg/L	7	6.918	2	2
NS18_Sequim_Wild	Ecology	ADM002	oxygen	mg/L	8	6.25	4	4
NS18_Sequim_Wild	Ecology	ADM002	oxygen	mg/L	9	5.794	4	4
NS18_Sequim_Wild	Ecology	ADM002	oxygen	mg/L	10	5.711	3	3
NS18_Sequim_Wild	Ecology	ADM002	oxygen	mg/L	11	6.27	4	4
NS18_Sequim_Wild	Ecology	ADM002	oxygen	mg/L	12	7.153	2	2
NS18_Sequim_Wild	Ecology	ADM002	chlorophyll	mg/m3	1	1.125	2	2
NS18_Sequim_Wild	Ecology	ADM002	chlorophyll	mg/m3	2	1.083	4	4
NS18_Sequim_Wild	Ecology	ADM002	chlorophyll	mg/m3	3	1.143	3	3
NS18_Sequim_Wild	Ecology	ADM002	chlorophyll	mg/m3	4	1.861	3	3
NS18_Sequim_Wild	Ecology	ADM002	chlorophyll	mg/m3	5	1.717	4	4
NS18_Sequim_Wild	Ecology	ADM002	chlorophyll	mg/m3	6	2.101	4	4
NS18_Sequim_Wild	Ecology	ADM002	chlorophyll	mg/m3	7	2.686	2	2
NS18_Sequim_Wild	Ecology	ADM002	chlorophyll	mg/m3	8	2.164	4	4
NS18_Sequim_Wild	Ecology	ADM002	chlorophyll	mg/m3	9	2.386	4	4
NS18_Sequim_Wild	Ecology	ADM002	chlorophyll	mg/m3	10	2.073	4	4
NS18_Sequim_Wild	Ecology	ADM002	chlorophyll	mg/m3	11	1.037	4	4
NS18_Sequim_Wild	Ecology	ADM002	chlorophyll	mg/m3	12	0.846	2	2
Ostrich_Bay	Ecology	SIN001	temperature	degC	1	9.116	3	3
Ostrich_Bay	Ecology	SIN001	temperature	degC	2	9.127	3	3
Ostrich_Bay	Ecology	SIN001	temperature	degC	3	9.186	3	3
Ostrich_Bay	Ecology	SIN001	temperature	degC	4	10.403	4	4
Ostrich_Bay	Ecology	SIN001	temperature	degC	5	12.97	4	4
Ostrich_Bay	Ecology	SIN001	temperature	degC	6	14.537	4	4
Ostrich_Bay	Ecology	SIN001	temperature	degC	7	16.334	4	4
Ostrich_Bay	Ecology	SIN001	temperature	degC	8	16.491	3	3
Ostrich_Bay	Ecology	SIN001	temperature	degC	9	15.339	4	4
Ostrich_Bay	Ecology	SIN001	temperature	degC	10	12.566	2	2
Ostrich_Bay	Ecology	SIN001	temperature	degC	11	11.676	3	4
Ostrich_Bay	Ecology	SIN001	temperature	degC	12	10.355	1	1
Ostrich_Bay	Ecology	SIN001	salinity	PSU	1	28.214	3	3
Ostrich_Bay	Ecology	SIN001	salinity	PSU	2	27.703	3	3
Ostrich_Bay	Ecology	SIN001	salinity	PSU	3	27.422	3	3
Ostrich_Bay	Ecology	SIN001	salinity	PSU	4	27.926	4	4
Ostrich_Bay	Ecology	SIN001	salinity	PSU	5	27.676	4	4
Ostrich_Bay	Ecology	SIN001	salinity	PSU	6	28.256	4	4
Ostrich_Bay	Ecology	SIN001	salinity	PSU	7	28.916	4	4
Ostrich_Bay	Ecology	SIN001	salinity	PSU	8	29.354	3	3
Ostrich_Bay	Ecology	SIN001	salinity	PSU	9	29.784	4	4
Ostrich_Bay	Ecology	SIN001	salinity	PSU	10	29.672	2	2
Ostrich_Bay	Ecology	SIN001	salinity	PSU	11	29.447	3	4
Ostrich_Bay	Ecology	SIN001	salinity	PSU	12	28.343	1	1
Ostrich_Bay	Ecology	SIN001	oxygen	mg/L	1	7.822	3	3
Ostrich_Bay	Ecology	SIN001	oxygen	mg/L	2	8.581	3	3
Ostrich_Bay	Ecology	SIN001	oxygen	mg/L	3	9.356	3	3
Ostrich_Bay	Ecology	SIN001	oxygen	mg/L	4	11.601	4	4
Ostrich_Bay	Ecology	SIN001	oxygen	mg/L	5	14.061	4	4
Ostrich_Bay	Ecology	SIN001	oxygen	mg/L	6	11.244	4	4
Ostrich_Bay	Ecology	SIN001	oxygen	mg/L	7	12.818	4	4
Ostrich_Bay	Ecology	SIN001	oxygen	mg/L	8	11.161	3	3
Ostrich_Bay	Ecology	SIN001	oxygen	mg/L	9	9.868	4	4
Ostrich_Bay	Ecology	SIN001	oxygen	mg/L	10	7.181	2	2
Ostrich_Bay	Ecology	SIN001	oxygen	mg/L	11	7.243	3	4
Ostrich_Bay	Ecology	SIN001	oxygen	mg/L	12	8.405	1	1
Ostrich_Bay	Ecology	SIN001	chlorophyll	mg/m3	1	1.675	3	3
Ostrich_Bay	Ecology	SIN001	chlorophyll	mg/m3	2	2.043	3	3
Ostrich_Bay	Ecology	SIN001	chlorophyll	mg/m3	3	3.113	3	3
Ostrich_Bay	Ecology	SIN001	chlorophyll	mg/m3	4	8.853	4	4
Ostrich_Bay	Ecology	SIN001	chlorophyll	mg/m3	5	9.375	4	4
Ostrich_Bay	Ecology	SIN001	chlorophyll	mg/m3	6	5.035	4	4
Ostrich_Bay	Ecology	SIN001	chlorophyll	mg/m3	7	17.281	4	4
Ostrich_Bay	Ecology	SIN001	chlorophyll	mg/m3	8	27.959	3	3
Ostrich_Bay	Ecology	SIN001	chlorophyll	mg/m3	9	15.078	4	4
Ostrich_Bay	Ecology	SIN001	chlorophyll	mg/m3	10	3.191	2	2
Ostrich_Bay	Ecology	SIN001	chlorophyll	mg/m3	11	3.871	3	4
Ostrich_Bay	Ecology	SIN001	chlorophyll	mg/m3	12	0.921	1	1
PGB18_Wild	Ecology	HCB013	temperature	degC	1	8.494	1	1
PGB18_Wild	Ecology	HCB013	temperature	degC	3	7.912	1	1
PGB18_Wild	Ecology	HCB013	temperature	degC	4	10.026	3	3
PGB18_Wild	Ecology	HCB013	temperature	degC	5	11.693	3	3
PGB18_Wild	Ecology	HCB013	temperature	degC	6	12.638	3	3
PGB18_Wild	Ecology	HCB013	temperature	degC	7	14.212	3	3
PGB18_Wild	Ecology	HCB013	temperature	degC	8	15.114	2	2
PGB18_Wild	Ecology	HCB013	temperature	degC	9	12.579	3	3
PGB18_Wild	Ecology	HCB013	temperature	degC	10	11.01	1	1
PGB18_Wild	Ecology	HCB013	temperature	degC	11	10.798	2	2
PGB18_Wild	Ecology	HCB013	temperature	degC	12	9.755	1	1
PGB18_Wild	Ecology	HCB013	salinity	PSU	1	27.521	1	1
PGB18_Wild	Ecology	HCB013	salinity	PSU	3	28.983	1	1
PGB18_Wild	Ecology	HCB013	salinity	PSU	4	28.088	3	3
PGB18_Wild	Ecology	HCB013	salinity	PSU	5	28.443	3	3
PGB18_Wild	Ecology	HCB013	salinity	PSU	6	28.534	3	3
PGB18_Wild	Ecology	HCB013	salinity	PSU	7	29.029	3	3
PGB18_Wild	Ecology	HCB013	salinity	PSU	8	28.569	2	2
PGB18_Wild	Ecology	HCB013	salinity	PSU	9	29.88	3	3
PGB18_Wild	Ecology	HCB013	salinity	PSU	10	29.102	1	1
PGB18_Wild	Ecology	HCB013	salinity	PSU	11	28.968	2	2
PGB18_Wild	Ecology	HCB013	salinity	PSU	12	29.84	1	1
PGB18_Wild	Ecology	HCB013	oxygen	mg/L	1	8.577	1	1
PGB18_Wild	Ecology	HCB013	oxygen	mg/L	3	10.406	1	1
PGB18_Wild	Ecology	HCB013	oxygen	mg/L	4	9.824	3	3
PGB18_Wild	Ecology	HCB013	oxygen	mg/L	5	10.112	3	3
PGB18_Wild	Ecology	HCB013	oxygen	mg/L	6	10.5	3	3
PGB18_Wild	Ecology	HCB013	oxygen	mg/L	7	9.028	3	3
PGB18_Wild	Ecology	HCB013	oxygen	mg/L	8	7.538	2	2
PGB18_Wild	Ecology	HCB013	oxygen	mg/L	9	6.943	3	3
PGB18_Wild	Ecology	HCB013	oxygen	mg/L	10	6.334	1	1
PGB18_Wild	Ecology	HCB013	oxygen	mg/L	11	7.446	2	2
PGB18_Wild	Ecology	HCB013	oxygen	mg/L	12	6.869	1	1
PGB18_Wild	Ecology	HCB013	chlorophyll	mg/m3	1	3.373	1	1
PGB18_Wild	Ecology	HCB013	chlorophyll	mg/m3	3	10.011	1	1
PGB18_Wild	Ecology	HCB013	chlorophyll	mg/m3	4	4.543	3	3
PGB18_Wild	Ecology	HCB013	chlorophyll	mg/m3	5	5.271	3	3
PGB18_Wild	Ecology	HCB013	chlorophyll	mg/m3	6	16.515	3	3
PGB18_Wild	Ecology	HCB013	chlorophyll	mg/m3	7	6.037	3	3
PGB18_Wild	Ecology	HCB013	chlorophyll	mg/m3	8	5.945	2	2
PGB18_Wild	Ecology	HCB013	chlorophyll	mg/m3	9	4.897	3	3
PGB18_Wild	Ecology	HCB013	chlorophyll	mg/m3	10	1.489	1	1
PGB18_Wild	Ecology	HCB013	chlorophyll	mg/m3	11	10.769	2	2
PGB18_Wild	Ecology	HCB013	chlorophyll	mg/m3	12	0.676	1	1
SS18_North_Bay_Wild	Ecology	HCB007	temperature	degC	1	8.865	4	4
SS18_North_Bay_Wild	Ecology	HCB007	temperature	degC	2	9.076	4	4
SS18_North_Bay_Wild	Ecology	HCB007	temperature	degC	3	8.915	3	3
SS18_North_Bay_Wild	Ecology	HCB007	temperature	degC	4	11.125	3	3
SS18_North_Bay_Wild	Ecology	HCB007	temperature	degC	5	15.155	4	4
SS18_North_Bay_Wild	Ecology	HCB007	temperature	degC	6	19.06	3	3
SS18_North_Bay_Wild	Ecology	HCB007	temperature	degC	7	19.409	3	3
SS18_North_Bay_Wild	Ecology	HCB007	temperature	degC	8	20.327	4	4
SS18_North_Bay_Wild	Ecology	HCB007	temperature	degC	9	18.37	4	4
SS18_North_Bay_Wild	Ecology	HCB007	temperature	degC	10	13.54	4	4
SS18_North_Bay_Wild	Ecology	HCB007	temperature	degC	11	12.087	3	3
SS18_North_Bay_Wild	Ecology	HCB007	temperature	degC	12	9.456	4	4
SS18_North_Bay_Wild	Ecology	HCB007	salinity	PSU	1	24.276	4	4
SS18_North_Bay_Wild	Ecology	HCB007	salinity	PSU	2	22.051	4	4
SS18_North_Bay_Wild	Ecology	HCB007	salinity	PSU	3	23.517	3	3
SS18_North_Bay_Wild	Ecology	HCB007	salinity	PSU	4	22.72	3	3
SS18_North_Bay_Wild	Ecology	HCB007	salinity	PSU	5	23.446	4	4
SS18_North_Bay_Wild	Ecology	HCB007	salinity	PSU	6	24.39	3	3
SS18_North_Bay_Wild	Ecology	HCB007	salinity	PSU	7	24.635	3	3
SS18_North_Bay_Wild	Ecology	HCB007	salinity	PSU	8	25.822	4	4
SS18_North_Bay_Wild	Ecology	HCB007	salinity	PSU	9	26.008	4	4
SS18_North_Bay_Wild	Ecology	HCB007	salinity	PSU	10	24.758	4	4
SS18_North_Bay_Wild	Ecology	HCB007	salinity	PSU	11	24.077	3	3
SS18_North_Bay_Wild	Ecology	HCB007	salinity	PSU	12	22.321	4	4
SS18_North_Bay_Wild	Ecology	HCB007	oxygen	mg/L	1	8.385	4	4
SS18_North_Bay_Wild	Ecology	HCB007	oxygen	mg/L	2	9.736	4	4
SS18_North_Bay_Wild	Ecology	HCB007	oxygen	mg/L	3	10.477	3	3
SS18_North_Bay_Wild	Ecology	HCB007	oxygen	mg/L	4	11.111	2	2
SS18_North_Bay_Wild	Ecology	HCB007	oxygen	mg/L	5	10.421	4	4
SS18_North_Bay_Wild	Ecology	HCB007	oxygen	mg/L	6	9.393	3	3
SS18_North_Bay_Wild	Ecology	HCB007	oxygen	mg/L	7	9.975	3	3
SS18_North_Bay_Wild	Ecology	HCB007	oxygen	mg/L	8	8.941	4	4
SS18_North_Bay_Wild	Ecology	HCB007	oxygen	mg/L	9	9.352	4	4
SS18_North_Bay_Wild	Ecology	HCB007	oxygen	mg/L	10	9.67	4	4
SS18_North_Bay_Wild	Ecology	HCB007	oxygen	mg/L	11	8.094	3	3
SS18_North_Bay_Wild	Ecology	HCB007	oxygen	mg/L	12	8.143	4	4
SS18_North_Bay_Wild	Ecology	HCB007	chlorophyll	mg/m3	1	8.137	4	4
SS18_North_Bay_Wild	Ecology	HCB007	chlorophyll	mg/m3	2	10.634	4	4
SS18_North_Bay_Wild	Ecology	HCB007	chlorophyll	mg/m3	3	19.783	3	3
SS18_North_Bay_Wild	Ecology	HCB007	chlorophyll	mg/m3	4	9.108	3	3
SS18_North_Bay_Wild	Ecology	HCB007	chlorophyll	mg/m3	5	1.847	4	4
SS18_North_Bay_Wild	Ecology	HCB007	chlorophyll	mg/m3	6	3.403	3	3
SS18_North_Bay_Wild	Ecology	HCB007	chlorophyll	mg/m3	7	2.902	3	3
SS18_North_Bay_Wild	Ecology	HCB007	chlorophyll	mg/m3	8	5.277	4	4
SS18_North_Bay_Wild	Ecology	HCB007	chlorophyll	mg/m3	9	18.8	4	4
SS18_North_Bay_Wild	Ecology	HCB007	chlorophyll	mg/m3	10	15.273	4	4
SS18_North_Bay_Wild	Ecology	HCB007	chlorophyll	mg/m3	11	14.859	3	3
SS18_North_Bay_Wild	Ecology	HCB007	chlorophyll	mg/m3	12	5.636	4	4
Squaxin_Island	Ecology	DNA001	temperature	degC	1	8.869	4	4
Squaxin_Island	Ecology	DNA001	temperature	degC	2	9.343	3	3
Squaxin_Island	Ecology	DNA001	temperature	degC	3	8.754	4	4
Squaxin_Island	Ecology	DNA001	temperature	degC	4	9.86	4	4
Squaxin_Island	Ecology	DNA001	temperature	degC	5	11.621	4	4
Squaxin_Island	Ecology	DNA001	temperature	degC	6	13.094	4	4
Squaxin_Island	Ecology	DNA001	temperature	degC	7	14.573	4	4
Squaxin_Island	Ecology	DNA001	temperature	degC	8	15.678	4	4
Squaxin_Island	Ecology	DNA001	temperature	degC	9	15.258	4	4
Squaxin_Island	Ecology	DNA001	temperature	degC	10	14.347	4	4
Squaxin_Island	Ecology	DNA001	temperature	degC	11	12.494	4	4
Squaxin_Island	Ecology	DNA001	temperature	degC	12	10.322	4	4
Squaxin_Island	Ecology	DNA001	salinity	PSU	1	27.846	4	4
Squaxin_Island	Ecology	DNA001	salinity	PSU	2	27.493	3	3
Squaxin_Island	Ecology	DNA001	salinity	PSU	3	27.161	4	4
Squaxin_Island	Ecology	DNA001	salinity	PSU	4	27.221	4	4
Squaxin_Island	Ecology	DNA001	salinity	PSU	5	27.778	4	4
Squaxin_Island	Ecology	DNA001	salinity	PSU	6	28.135	4	4
Squaxin_Island	Ecology	DNA001	salinity	PSU	7	28.696	4	4
Squaxin_Island	Ecology	DNA001	salinity	PSU	8	29.138	4	4
Squaxin_Island	Ecology	DNA001	salinity	PSU	9	29.538	4	4
Squaxin_Island	Ecology	DNA001	salinity	PSU	10	29.748	4	4
Squaxin_Island	Ecology	DNA001	salinity	PSU	11	29.619	4	4
Squaxin_Island	Ecology	DNA001	salinity	PSU	12	28.662	4	4
Squaxin_Island	Ecology	DNA001	oxygen	mg/L	1	8.09	4	4
Squaxin_Island	Ecology	DNA001	oxygen	mg/L	2	8.065	3	3
Squaxin_Island	Ecology	DNA001	oxygen	mg/L	3	9.296	2	2
Squaxin_Island	Ecology	DNA001	oxygen	mg/L	4	10.017	3	3
Squaxin_Island	Ecology	DNA001	oxygen	mg/L	5	11.126	4	4
Squaxin_Island	Ecology	DNA001	oxygen	mg/L	6	9.851	4	4
Squaxin_Island	Ecology	DNA001	oxygen	mg/L	7	9.034	4	4
Squaxin_Island	Ecology	DNA001	oxygen	mg/L	8	8.295	4	4
Squaxin_Island	Ecology	DNA001	oxygen	mg/L	9	7.709	4	4
Squaxin_Island	Ecology	DNA001	oxygen	mg/L	10	7.491	4	4
Squaxin_Island	Ecology	DNA001	oxygen	mg/L	11	6.733	4	4
Squaxin_Island	Ecology	DNA001	oxygen	mg/L	12	7.326	3	3
Squaxin_Island	Ecology	DNA001	chlorophyll	mg/m3	1	1.127	4	4
Squaxin_Island	Ecology	DNA001	chlorophyll	mg/m3	2	1.433	3	3
Squaxin_Island	Ecology	DNA001	chlorophyll	mg/m3	3	1.722	4	4
Squaxin_Island	Ecology	DNA001	chlorophyll	mg/m3	4	5.764	4	4
Squaxin_Island	Ecology	DNA001	chlorophyll	mg/m3	5	6.13	4	4
Squaxin_Island	Ecology	DNA001	chlorophyll	mg/m3	6	6.796	4	4
Squaxin_Island	Ecology	DNA001	chlorophyll	mg/m3	7	6.078	4	4
Squaxin_Island	Ecology	DNA001	chlorophyll	mg/m3	8	5.077	4	4
Squaxin_Island	Ecology	DNA001	chlorophyll	mg/m3	9	5.546	4	4
Squaxin_Island	Ecology	DNA001	chlorophyll	mg/m3	10	6.312	4	4
Squaxin_Island	Ecology	DNA001	chlorophyll	mg/m3	11	3.093	4	4
Squaxin_Island	Ecology	DNA001	chlorophyll	mg/m3	12	1.154	4	4
WB	Ecology	WPA006	temperature	degC	1	8.361	3	3
WB	Ecology	WPA006	temperature	degC	2	8.712	3	3
WB	Ecology	WPA006	temperature	degC	3	10.58	4	4
WB	Ecology	WPA006	temperature	degC	4	12.696	3	3
WB	Ecology	WPA006	temperature	degC	5	14.196	3	3
WB	Ecology	WPA006	temperature	degC	6	17.0	4	4
WB	Ecology	WPA006	temperature	degC	7	18.931	4	4
WB	Ecology	WPA006	temperature	degC	8	18.671	4	4
WB	Ecology	WPA006	temperature	degC	9	16.559	4	4
WB	Ecology	WPA006	temperature	degC	10	13.265	4	4
WB	Ecology	WPA006	temperature	degC	11	10.159	1	1
WB	Ecology	WPA006	temperature	degC	12	7.287	2	2
WB	Ecology	WPA006	salinity	PSU	1	21.589	3	3
WB	Ecology	WPA006	salinity	PSU	2	20.048	3	3
WB	Ecology	WPA006	salinity	PSU	3	20.135	4	4
WB	Ecology	WPA006	salinity	PSU	4	22.307	3	3
WB	Ecology	WPA006	salinity	PSU	5	25.171	3	3
WB	Ecology	WPA006	salinity	PSU	6	26.453	4	4
WB	Ecology	WPA006	salinity	PSU	7	28.739	4	4
WB	Ecology	WPA006	salinity	PSU	8	30.296	4	4
WB	Ecology	WPA006	salinity	PSU	9	29.699	4	4
WB	Ecology	WPA006	salinity	PSU	10	28.198	4	4
WB	Ecology	WPA006	salinity	PSU	11	27.053	1	1
WB	Ecology	WPA006	salinity	PSU	12	22.138	2	2
WB	Ecology	WPA006	oxygen	mg/L	1	10.433	3	3
WB	Ecology	WPA006	oxygen	mg/L	2	10.376	3	3
WB	Ecology	WPA006	oxygen	mg/L	3	9.806	3	3
WB	Ecology	WPA006	oxygen	mg/L	4	10.031	3	3
WB	Ecology	WPA006	oxygen	mg/L	5	9.035	3	3
WB	Ecology	WPA006	oxygen	mg/L	6	7.867	4	4
WB	Ecology	WPA006	oxygen	mg/L	7	7.573	4	4
WB	Ecology	WPA006	oxygen	mg/L	8	7.381	4	4
WB	Ecology	WPA006	oxygen	mg/L	9	8.01	4	4
WB	Ecology	WPA006	oxygen	mg/L	10	8.339	4	4
WB	Ecology	WPA006	oxygen	mg/L	11	9.558	1	1
WB	Ecology	WPA006	oxygen	mg/L	12	10.36	2	2
WB	Ecology	WPA006	chlorophyll	mg/m3	1	3.664	3	3
WB	Ecology	WPA006	chlorophyll	mg/m3	2	3.35	3	3
WB	Ecology	WPA006	chlorophyll	mg/m3	3	5.267	4	4
WB	Ecology	WPA006	chlorophyll	mg/m3	4	6.943	3	3
WB	Ecology	WPA006	chlorophyll	mg/m3	5	5.874	3	3
WB	Ecology	WPA006	chlorophyll	mg/m3	6	5.562	4	4
WB	Ecology	WPA006	chlorophyll	mg/m3	7	7.863	4	4
WB	Ecology	WPA006	chlorophyll	mg/m3	8	7.499	4	4
WB	Ecology	WPA006	chlorophyll	mg/m3	9	6.355	4	4
WB	Ecology	WPA006	chlorophyll	mg/m3	10	3.694	4	4
WB	Ecology	WPA006	chlorophyll	mg/m3	11	6.273	1	1
WB	Ecology	WPA006	chlorophyll	mg/m3	12	1.844	2	2
