location	putative_site	nearest_station	nearest_distance_km	nearest_n_profiles	assigned_station	assignment_method	assigned_distance_km	assigned_n_profiles	assigned_first_date	assigned_last_date	orca_dataset	orca_distance_km	orca_n_days
CS18_22_Wild_plate1	Central Sound wild collection, 2018 (Clam Bay / Manchester vicinity)	SIN001	7.74	39	SIN001	nearest	7.74	39	2015-01-22	2018-11-13	orca_hydro_pointwells	23.4	0.0
Coos_Bay	Coos Bay, Oregon	WPA007	346.48	36		none		0					
Dogfish_Bay	Dogfish Bay, Liberty Bay vicinity, Kitsap Peninsula	HCB010	14.58	47	SIN001	override	16.26	39	2015-01-22	2018-11-13	orca_hydro_dabobbay	17.57	0.0
FB18_Wild	Fidalgo Bay wild collection, 2018, Anacortes	RSR837	19.84	38	RSR837	nearest	19.84	38	2015-01-21	2018-12-06			
Fidalgo_Bay	Fidalgo Bay, Anacortes	RSR837	19.84	38	RSR837	nearest	19.84	38	2015-01-21	2018-12-06			
HC18_Triton_Wild	Triton Cove, Hood Canal	HCB003	7.99	48	HCB003	nearest	7.99	48	2015-01-13	2018-12-06	orca_hydro_hoodsport	22.67	0.0
LS	Little Skookum Inlet, southern Puget Sound	OAK004	6.9	46	OAK004	nearest	6.9	46	2015-01-22	2018-12-10	orca_hydro_twanoh	23.96	0.0
MB	Mud Bay, Eld Inlet, southern Puget Sound	BUD005	4.91	47	BUD005	nearest	4.91	47	2015-01-22	2018-12-10	orca_hydro_carrinlet	26.72	0.0
NS18_Disco_Wild	Discovery Bay, north Olympic Peninsula	PTH005	10.2	38	PTH005	nearest	10.2	38	2015-01-21	2018-12-04	orca_hydro_hansville	24.76	0.0
NS18_Sequim_Wild	Sequim Bay, north Olympic Peninsula	ADM002	19.59	40	ADM002	nearest	19.59	40	2015-01-21	2018-12-04			
Ostrich_Bay	Ostrich Bay, Dyes Inlet, Bremerton	SIN001	5.4	39	SIN001	nearest	5.4	39	2015-01-22	2018-11-13	orca_hydro_dabobbay	25.57	0.0
PGB18_Wild	Port Gamble Bay, northern Hood Canal	HCB013	3.91	23	HCB013	nearest	3.91	23	2016-04-12	2018-11-13	orca_hydro_hansville	7.24	0.0
SS18_North_Bay_Wild	North Bay, Case Inlet, southern Puget Sound	HCB007	7.68	43	HCB007	nearest	7.68	43	2015-01-13	2018-12-06	orca_hydro_twanoh	13.41	0.0
Squaxin_Island	Squaxin Island, southern Puget Sound	DNA001	4.29	47	DNA001	nearest	4.29	47	2015-01-22	2018-12-10	orca_hydro_carrinlet	18.15	0.0
WB	Stony Point, Willapa Bay, Washington coast	WPA006	2.78	39	WPA006	nearest	2.78	39	2015-01-28	2018-11-19			
