unit	PCo1	PCo2	PCo3	PCo4	PCo5	PCo6	PCo7	PCo8	PCo9	PCo10	PCo11	PCo12	PCo13	PCo14
CS18_22_Wild_plate1	-771.4204062217447	-630.8813238964898	-313.0413987811581	-435.7562511587716	1714.8244104464666	-76.8628065299658	-45.52214527240212	1044.0209957675072	311.3765171961136	-545.0018652251493	-570.7202002073773	388.2271394461045	-322.5556410107412	276.81100936603053
Coos_Bay	2698.477653377414	-587.9235562405933	-265.34064950475573	-109.85874699834294	-21.469779866045897	20.935603171164917	-227.59916909932255	542.5367785140386	-112.95219989829867	1438.076878571005	-404.0995717463061	274.01380823256983	139.8055273669534	-1.7066416326537006
Dogfish_Bay	-718.4878414592134	-678.5183825030725	-279.95369658663475	-205.95158620468004	455.53739225248415	-163.84034559803052	-126.05608606687815	-846.9548043924273	-483.78049373429985	428.0235141444909	374.23383414395744	-632.3781232529437	578.5162398697548	1499.4585631875375
FB18_Wild	-46.60545526787627	93.43288756450572	2576.576636432372	-1262.592815408522	-201.97333340961498	-78.17405174131454	-52.60015352648711	60.38562492391095	-95.01103617482815	-4.835147635126238	104.7985342494055	30.429774973183314	-83.68277749203494	-5.786393355439879
Fidalgo_Bay	-223.48722226858476	-321.17948572527763	1179.594245373092	2424.7173131931986	230.73682176105757	-138.95157527198475	4.865730600319463	161.35855919500565	-80.83630306887014	33.410557667539294	63.55884274105469	11.501114991064297	-65.72068045042641	21.65687234707297
HC18_Triton_Wild	21.0816572204509	1903.2609036727638	-423.28264058236823	-29.97740962068818	-121.55244010964047	-1902.4724075987215	-25.438602664299342	256.2942800071373	-7.081869751916219	-16.57564484761223	140.87592068770954	-15.007436816108957	157.88800126622664	-23.974710585437602
LS	-791.7584609585341	-910.550089730042	-430.81840495615336	-31.9151953921164	-1105.711447762432	-24.148799839495908	-1659.413132332095	256.66733087146974	-245.53576003693087	-545.002619188482	-88.40307913817834	438.48728208515973	310.8647859706307	-136.9529368410262
MB	-118.83797941325477	1051.2131468358657	-287.46593337628826	41.31511453964863	-22.8513642245092	453.13201624022446	-39.607550500062544	-987.6191927294498	-604.7715291786644	85.21861056230834	-476.9795693351427	986.6081150361692	-1277.156214767851	250.476456083528
NS18_Disco_Wild	-321.2954959088207	419.5783802636736	-177.83257354050414	2.546079169564576	-113.76726268741545	513.888294427553	176.43150741740644	-244.94001698613528	1618.326935027766	246.46023690650955	891.7982885421861	922.4171307067473	477.6197480964986	152.4881362730493
NS18_Sequim_Wild	-161.12859458631027	767.0801920165285	20.57641562371255	67.04311841151065	-116.26212505902	470.8445307172367	126.46471018065088	-528.0886744851865	527.8545956065761	-194.93451081252587	-1629.6102185909679	-637.3985506507825	866.0988264697329	-282.65463412388493
Ostrich_Bay	-705.1906692785662	-606.2853546140501	-298.0093665142273	-223.89721569440974	862.3514338611358	-100.86403526739751	82.71909024196685	-724.0380567206894	-552.2077512218799	359.0347711715729	533.6184580878604	-11.788292803548355	345.93650579544095	-1587.8463524083727
PGB18_Wild	27.398325811477097	1643.0455976982405	-325.30315506194665	13.93038693635153	37.581958204828624	1290.0058770163748	-105.36550541583851	927.36567425753	-661.8278555989436	-105.78932705419105	715.7995197026318	-687.1125270966531	103.988026723792	-19.6385232767053
SS18_North_Bay_Wild	-774.706231614879	-673.8691852791867	-373.1858130650755	-118.48262574925265	-572.7350628688738	-139.576988385623	28.826125674325752	76.89751124896017	838.1726318171353	445.2936823885697	76.92248341595648	-1209.1781604823177	-1329.2796225283723	-219.89486265831187
Squaxin_Island	-796.0022894872882	-894.417659541139	-391.75152593278756	-111.80893394725045	-1072.7438043875893	-47.54028762088666	1628.7959869127822	518.8241374196025	-576.019501040253	-171.18387026268428	-152.22387606830875	441.8612906028845	257.5206783159598	78.27280901174193
WB	2681.963010055735	-573.9860705217268	-210.76213952727716	-19.31123207623844	48.034603849170864	-76.37502371913324	233.4991938499337	-512.7101468912713	124.29362005729436	-1452.1952663862257	420.43063351551683	-300.6825649715268	-159.8434036255653	-0.7087913871295815
