unit	PCo1	PCo2	PCo3	PCo4	PCo5	PCo6	PCo7	PCo8	PCo9	PCo10	PCo11	PCo12	PCo13
CS18_22_Wild_plate1	-896.7121130305532	238.3353860795628	-288.678865353261	-436.21294513960703	1731.6624588941036	82.9837715334973	-6.940020616466126	1166.4925399594658	182.95037090025198	-677.3863523399904	-383.5352896192946	331.74240860098496	275.2201635807555
Dogfish_Bay	-864.9213919835258	317.0964793258556	-272.9626604338959	-212.00733220840246	458.3358480637594	166.83987144672784	175.81758640921103	-959.5716043164301	-383.2784622747794	476.1538264667243	641.6572459325682	-549.5758834130618	1523.331572031572
FB18_Wild	299.8592957490945	278.09999301179954	2579.604285594815	-1240.4978654890404	-199.61826290852483	75.67515822398862	48.44563937538576	54.737419742259625	-100.01317865737867	103.63904458650458	-36.90773360761944	82.87267606023892	-7.80893821348789
Fidalgo_Bay	-98.70284773588808	476.99532051410904	1103.3273950236523	2459.2172354103814	232.1086449403538	143.09074208041537	-19.335190285278063	128.60615163091694	-87.1738565959872	73.61138360809558	-8.805972290334838	70.33786537778215	22.341539216698767
HC18_Triton_Wild	1035.6404257715612	-1613.3991945967537	-322.5739722291295	-21.380622481614402	-122.5672725268042	1923.3083359713216	5.6057489463923496	247.6234494197658	-17.043348460588916	142.56730057225286	7.948012363404305	-162.11942045409234	-23.33908576327386
LS	-1053.5322699210556	467.44730861640915	-428.1151568641284	-41.433872999799156	-1114.4171881676516	25.37140302580059	1680.7271618374136	460.9607943981101	-308.23252680028077	-216.3384889360824	-498.8069635927738	-344.71854194927914	-136.29588485184263
MB	517.379144127483	-907.7499844559317	-242.50890828354994	40.00219255431219	-19.638121752126054	-457.56691558289265	107.64770294029148	-1061.3167073395514	-520.4354551398154	-503.77392469640074	-959.5679435465856	1303.0961062459692	221.61851190827548
NS18_Disco_Wild	35.66843440777754	-432.62326568172324	-149.62919873873068	2.363566660437754	-115.32073255394799	-529.1076038656641	-184.6403444800601	-125.09602296430641	1667.2409006587836	858.6180053694685	-968.5666006348054	-468.92663657641816	173.55230700708077
NS18_Sequim_Wild	366.19813757710693	-634.3415333541127	49.648148488502656	68.95233473816492	-120.768005582752	-482.21238376170845	-95.94670769145931	-459.35979447476006	557.697555340328	-1647.8119225358143	712.8815017266381	-876.8692127214917	-263.7947065056828
Ostrich_Bay	-818.3610451453229	259.2480637993524	-285.18194436358175	-226.20802542306535	872.3886940516583	99.03176045698585	-55.70886894541584	-837.3110947930047	-456.90146942869876	593.23721071829	-3.553062310622173	-389.3292098606497	-1597.3833001304017
PGB18_Wild	922.3036875383976	-1371.2911841786922	-247.4172034029391	28.149872365813255	39.778151286492914	-1293.5111217698072	59.28402135782253	902.8757538522292	-759.4879630308917	743.9154571553372	645.2090570039755	-121.4460022789374	-18.493740485821355
SS18_North_Bay_Wild	-926.8150050726899	266.0763671181731	-352.7275097336809	-118.2003275689139	-581.1734521148774	138.81099917231015	-44.46605446834391	52.804061265288844	857.8826569073544	228.87763661854655	1263.2451410173237	1347.556147297373	-256.8914318611497
Squaxin_Island	-1040.4586321711736	461.41369484164454	-389.1795663914875	-116.66447140840563	-1082.7379593369844	53.52461380125344	-1670.7082525353078	389.20824151421454	-637.4885580490591	-194.27380611311352	-439.9508009824356	-246.00018633179272	91.18145418052626
WB	2522.454179888788	2194.692548960308	-753.6048433125891	-186.07973901025977	21.967197707302436	53.761369267771414	0.21757815581339401	39.34681210580076	4.283334630762694	18.96462952618056	28.753408540561615	23.379890003374236	-3.2384601132486175
