unit	PCo1	PCo2	PCo3	PCo4	PCo5	PCo6	PCo7	PCo8	PCo9	PCo10	PCo11	PCo12
FB18_Wild+Fidalgo_Bay	45.94880022277749	175.72656208487427	-49.15546263666799	582.4819321890583	-1233.6960614532363	-193.27962466202115	-99.00254042705167	384.6373315707466	-233.6932861935249	-540.4291871121695	-78.27570305174123	1690.0767329884293
CS18_22_Wild_plate1	-909.0899879409443	300.6692265436809	-1807.9654394316638	-247.27503949679493	487.20471776100646	125.23216175473905	-1070.8975226019331	713.1607981362761	537.1833632862501	311.20581459846227	272.86884402632325	74.33029372724975
Dogfish_Bay	-871.8989039290025	372.7754468596955	-477.433627215969	-194.42073899370163	-134.8209157794085	-238.00997377160778	1038.0823904803112	-418.4199461804779	-782.8213261601795	-268.9357229180086	1604.6192320240823	-289.09133651418045
HC18_Triton_Wild	1076.4602787053302	-1601.4588721257392	145.34219595947735	-1988.3245753870403	-263.06530090967647	-5.564035090796359	-185.3218481098254	43.49489417404091	-120.78768843998722	-274.65961731641937	-26.731726974821434	90.77501125079374
LS	-1060.5980332419579	536.15687113224	1164.2990270794148	-179.8694839334481	759.4900947461753	-1589.8061591564417	-203.5837765934699	499.4544628249639	383.6622637217899	-500.7880192140109	-124.1540161385126	-83.84813467172593
MB	544.9532820895937	-884.0054692990769	40.02220464760629	378.90012469609053	155.49599348284272	-139.35964563093387	1189.6388266342528	39.69527893129055	1384.3606676605145	1095.9053385304194	168.16426630598758	344.7472422335551
NS18_Disco_Wild	48.13874330568024	-408.665908523422	113.22996931788974	583.1094630085772	-426.4559693977044	46.127511378521355	-918.9395849870109	-1621.8403205575469	848.6344304443647	-621.5907590755838	218.45110120599762	-434.93589412773713
NS18_Sequim_Wild	381.7804505349838	-631.4330194037683	111.2154861259802	746.8749677651628	-1131.7845762868153	-188.4662441288385	-167.9146931242594	1047.5727183067581	-370.7098574946808	270.9110401595008	-155.4847274597	-1373.9050968535976
Ostrich_Bay	-825.0310127406207	315.3647780384186	-899.7793946390051	-161.1752964566327	16.501612818215353	45.92180387659473	1009.5156639643035	-476.58887723889137	-173.46674428582168	-500.558867234675	-1625.1012018687898	-306.0932837353112
PGB18_Wild	958.9091511554085	-1355.9368690452359	-27.38346914543126	1020.8548127364649	1479.2852798132853	264.1797130228746	-134.15402043165304	40.62796118214712	-934.5955113930665	-328.60764233055966	-37.23146579627693	252.96888805290044
SS18_North_Bay_Wild	-933.7639066839224	323.6909289083437	598.2022529870142	-206.66296671516216	-81.26827224847457	16.0749584854322	-553.6196683728252	-734.5584860944942	-900.1762677095243	1654.6523414856008	-334.7717957053944	263.6287395112639
Squaxin_Island	-1049.4441951575266	527.6691215869668	1106.7482124873168	-156.8756322881268	167.4035560772695	1821.5217567700322	116.71439418689563	539.3638386944201	364.44152579719736	-380.1256154736895	114.6729675065636	-69.42153377832821
WB	2593.635333680201	2329.447203243027	-17.341955535966047	-177.61756712444654	205.70984137652172	35.42777715244467	-20.517620617733545	-56.59965374923276	-2.031569233330929	83.02089590113326	2.9742259262856607	-159.23162808331327
