set	unit	location
env	CS18_22_Wild_plate1	CS18_22_Wild_plate1
env	Dogfish_Bay	Dogfish_Bay
env	FB18_Wild	FB18_Wild
env	Fidalgo_Bay	Fidalgo_Bay
env	HC18_Triton_Wild	HC18_Triton_Wild
env	LS	LS
env	MB	MB
env	NS18_Disco_Wild	NS18_Disco_Wild
env	NS18_Sequim_Wild	NS18_Sequim_Wild
env	Ostrich_Bay	Ostrich_Bay
env	PGB18_Wild	PGB18_Wild
env	SS18_North_Bay_Wild	SS18_North_Bay_Wild
env	Squaxin_Island	Squaxin_Island
env	WB	WB
all	CS18_22_Wild_plate1	CS18_22_Wild_plate1
all	Coos_Bay	Coos_Bay
all	Dogfish_Bay	Dogfish_Bay
all	FB18_Wild	FB18_Wild
all	Fidalgo_Bay	Fidalgo_Bay
all	HC18_Triton_Wild	HC18_Triton_Wild
all	LS	LS
all	MB	MB
all	NS18_Disco_Wild	NS18_Disco_Wild
all	NS18_Sequim_Wild	NS18_Sequim_Wild
all	Ostrich_Bay	Ostrich_Bay
all	PGB18_Wild	PGB18_Wild
all	SS18_North_Bay_Wild	SS18_North_Bay_Wild
all	Squaxin_Island	Squaxin_Island
all	WB	WB
env_2018	CS18_22_Wild_plate1	CS18_22_Wild_plate1
env_2018	FB18_Wild	FB18_Wild
env_2018	HC18_Triton_Wild	HC18_Triton_Wild
env_2018	NS18_Disco_Wild	NS18_Disco_Wild
env_2018	NS18_Sequim_Wild	NS18_Sequim_Wild
env_2018	PGB18_Wild	PGB18_Wild
env_2018	SS18_North_Bay_Wild	SS18_North_Bay_Wild
env_2024	Dogfish_Bay	Dogfish_Bay
env_2024	Fidalgo_Bay	Fidalgo_Bay
env_2024	LS	LS
env_2024	MB	MB
env_2024	Ostrich_Bay	Ostrich_Bay
env_2024	Squaxin_Island	Squaxin_Island
env_2024	WB	WB
env_merge_fidalgo	FB18_Wild+Fidalgo_Bay	FB18_Wild
env_merge_fidalgo	FB18_Wild+Fidalgo_Bay	Fidalgo_Bay
env_merge_fidalgo	CS18_22_Wild_plate1	CS18_22_Wild_plate1
env_merge_fidalgo	Dogfish_Bay	Dogfish_Bay
env_merge_fidalgo	HC18_Triton_Wild	HC18_Triton_Wild
env_merge_fidalgo	LS	LS
env_merge_fidalgo	MB	MB
env_merge_fidalgo	NS18_Disco_Wild	NS18_Disco_Wild
env_merge_fidalgo	NS18_Sequim_Wild	NS18_Sequim_Wild
env_merge_fidalgo	Ostrich_Bay	Ostrich_Bay
env_merge_fidalgo	PGB18_Wild	PGB18_Wild
env_merge_fidalgo	SS18_North_Bay_Wild	SS18_North_Bay_Wild
env_merge_fidalgo	Squaxin_Island	Squaxin_Island
env_merge_fidalgo	WB	WB
