predictor	selected	sites	n_sites	pearson_r	spearman_rho	mean_reference	mean_alternative	mean_shift	sd_reference	sd_alternative	max_abs_rank_change
temp_annual_mean	False	env model sites	14	0.9885	0.9956	11.89	11.61	-0.2799	1.261	1.375	1
temp_annual_mean	False	env model sites, collected 2018	7	0.9967	1	11.55	11.28	-0.2741	1.45	1.559	0
temp_annual_mean	False	env model sites, collected 2024	7	0.9733	0.9636	12.23	11.94	-0.2856	1.04	1.188	1
temp_summer_mean	True	env model sites	14	0.9971	0.9956	15.35	15.33	-0.02693	2.642	2.766	1
temp_summer_mean	True	env model sites, collected 2018	7	0.9979	1	14.69	14.76	0.074	3.04	3.259	0
temp_summer_mean	True	env model sites, collected 2024	7	0.9992	1	16.02	15.9	-0.1279	2.199	2.282	0
temp_winter_mean	False	env model sites	14	0.523	0.5556	9.002	8.693	-0.3085	0.4514	0.4043	12
temp_winter_mean	False	env model sites, collected 2018	7	0.8811	0.8571	9.004	8.556	-0.448	0.2904	0.2913	2
temp_winter_mean	False	env model sites, collected 2024	7	0.4686	0.09091	9	8.831	-0.169	0.5976	0.4744	5
temp_month_max	False	env model sites	14	0.9839	0.9867	15.96	16.13	0.1699	2.858	3.141	2
temp_month_max	False	env model sites, collected 2018	7	0.9859	1	15.36	15.64	0.2781	3.393	3.88	0
temp_month_max	False	env model sites, collected 2024	7	0.9858	1	16.57	16.63	0.06157	2.312	2.399	0
temp_month_min	False	env model sites	14	0.7694	0.8183	8.434	7.81	-0.6236	0.5848	0.6179	7
temp_month_min	False	env model sites, collected 2018	7	0.3313	0.3424	8.511	7.902	-0.6094	0.3997	0.3219	5
temp_month_min	False	env model sites, collected 2024	7	0.8596	0.9636	8.356	7.719	-0.6377	0.7531	0.8391	1
temp_range	False	env model sites	14	0.9657	0.9733	7.531	8.324	0.7934	2.953	3.335	2
temp_range	False	env model sites, collected 2018	7	0.9648	1	6.851	7.738	0.8876	3.192	3.829	0
temp_range	False	env model sites, collected 2024	7	0.9716	1	8.211	8.91	0.6993	2.762	2.938	0
sal_annual_mean	False	env model sites	14	0.9844	0.9289	27.86	28.34	0.4785	2.138	1.944	5
sal_annual_mean	False	env model sites, collected 2018	7	0.9825	0.9643	28.24	28.64	0.3994	2.396	2.114	1
sal_annual_mean	False	env model sites, collected 2024	7	0.9885	0.9636	27.49	28.04	0.5576	1.957	1.874	1
sal_summer_mean	False	env model sites	14	0.9835	0.8622	28.94	29.23	0.2888	1.399	1.213	5
sal_summer_mean	False	env model sites, collected 2018	7	0.9943	0.9643	28.86	29.23	0.3757	1.945	1.647	1
sal_summer_mean	False	env model sites, collected 2024	7	0.9424	0.6727	29.02	29.22	0.2019	0.6635	0.6889	3
sal_winter_mean	False	env model sites	14	0.9735	0.9289	26.92	27.39	0.4723	3.171	2.785	5
sal_winter_mean	False	env model sites, collected 2018	7	0.9451	0.9643	27.67	28.04	0.3753	2.895	2.317	1
sal_winter_mean	False	env model sites, collected 2024	7	0.9918	0.9636	26.18	26.75	0.5693	3.481	3.235	1
sal_month_max	False	env model sites	14	0.9836	0.9867	29.61	29.98	0.3671	1.395	1.217	2
sal_month_max	False	env model sites, collected 2018	7	0.9858	1	29.53	29.91	0.3771	1.903	1.632	0
sal_month_max	False	env model sites, collected 2024	7	0.9766	0.9636	29.69	30.05	0.357	0.7606	0.7323	1
sal_month_min	False	env model sites	14	0.9627	0.92	25.96	26.68	0.7127	3.325	3.16	5
sal_month_min	False	env model sites, collected 2018	7	0.9404	0.9643	26.78	27.22	0.4393	2.951	3.037	1
sal_month_min	False	env model sites, collected 2024	7	0.983	0.9636	25.15	26.13	0.9861	3.701	3.425	1
sal_range	True	env model sites	14	0.9145	0.8978	3.646	3.301	-0.3456	2.604	2.551	6
sal_range	True	env model sites, collected 2018	7	0.5709	0.8214	2.753	2.691	-0.06214	1.147	1.588	2
sal_range	True	env model sites, collected 2024	7	0.9772	1	4.54	3.911	-0.6291	3.393	3.273	0
do_annual_mean	False	env model sites	14	0.9517	0.9333	8.894	8.654	-0.2399	1.051	0.9206	4
do_annual_mean	False	env model sites, collected 2018	7	0.9255	0.8929	8.668	8.431	-0.2377	1.147	0.9774	2
do_annual_mean	False	env model sites, collected 2024	7	0.9809	1	9.12	8.878	-0.2421	0.9793	0.874	0
do_summer_mean	False	env model sites	14	0.9249	0.8489	8.906	8.546	-0.3594	1.803	1.451	5
do_summer_mean	False	env model sites, collected 2018	7	0.8882	0.7143	8.52	8.253	-0.2667	1.71	1.465	3
do_summer_mean	False	env model sites, collected 2024	7	0.9527	0.8545	9.292	8.84	-0.4521	1.943	1.488	2
do_winter_mean	False	env model sites	14	0.6255	0.4267	8.366	8.151	-0.215	0.7931	0.7104	10
do_winter_mean	False	env model sites, collected 2018	7	-0.1774	0.03571	8.231	7.898	-0.3329	0.6786	0.5103	5
do_winter_mean	False	env model sites, collected 2024	7	0.972	0.7091	8.501	8.404	-0.09714	0.9273	0.827	2
do_month_max	False	env model sites	14	0.8256	0.7644	11.32	11.15	-0.1649	2.018	1.824	6
do_month_max	False	env model sites, collected 2018	7	0.8247	0.8571	10.76	11.19	0.4307	1.941	2.168	2
do_month_max	False	env model sites, collected 2024	7	0.9602	0.8545	11.88	11.12	-0.7606	2.08	1.582	2
do_month_min	False	env model sites	14	0.08661	0.3556	6.89	6.284	-0.6061	0.6421	1.065	13
do_month_min	False	env model sites, collected 2018	7	-0.2545	0.1786	6.76	5.894	-0.8659	0.8045	1.225	6
do_month_min	False	env model sites, collected 2024	7	0.739	0.5273	7.02	6.674	-0.3463	0.4545	0.7767	4
do_range	False	env model sites	14	0.34	0.6133	4.427	4.868	0.4411	1.669	1.844	10
do_range	False	env model sites, collected 2018	7	0.1986	0.6071	3.996	5.293	1.297	1.514	2.273	4
do_range	False	env model sites, collected 2024	7	0.828	0.8182	4.857	4.443	-0.4143	1.82	1.334	2
chl_annual_mean	False	env model sites	14	0.9746	0.9289	6.709	6.007	-0.7023	4.486	3.685	4
chl_annual_mean	False	env model sites, collected 2018	7	0.9246	0.8214	5.905	5.39	-0.5153	3.018	2.634	2
chl_annual_mean	False	env model sites, collected 2024	7	0.9892	1	7.513	6.623	-0.8893	5.743	4.646	0
chl_summer_mean	True	env model sites	14	0.9848	0.9333	12.49	9.804	-2.689	12.75	7.446	3
chl_summer_mean	True	env model sites, collected 2018	7	0.9196	0.8571	8.367	7.536	-0.831	6.034	4.021	2
chl_summer_mean	True	env model sites, collected 2024	7	0.9943	0.9636	16.62	12.07	-4.546	16.62	9.589	1
chl_winter_mean	False	env model sites	14	0.8394	0.7644	2.403	2.272	-0.1312	2.247	1.185	6
chl_winter_mean	False	env model sites, collected 2018	7	0.9059	0.9286	3.09	2.477	-0.6126	3.061	1.564	1
chl_winter_mean	False	env model sites, collected 2024	7	0.368	0.3091	1.716	2.067	0.3501	0.6856	0.7067	4
chl_month_max	False	env model sites	14	0.9415	0.8311	17.91	15.71	-2.204	16.38	11.85	6
chl_month_max	False	env model sites, collected 2018	7	0.7214	0.3929	14.4	14.5	0.09957	8.813	7.388	4
chl_month_max	False	env model sites, collected 2024	7	0.9915	0.9636	21.43	16.92	-4.508	21.78	15.7	1
chl_month_min	False	env model sites	14	0.2608	0.3644	1.236	1.428	0.1918	0.5232	0.5296	7
chl_month_min	False	env model sites, collected 2018	7	0.3402	0.6071	1.194	1.271	0.07757	0.6174	0.4901	3
chl_month_min	False	env model sites, collected 2024	7	0.1496	-0.01818	1.279	1.585	0.306	0.4558	0.5567	4
chl_range	False	env model sites	14	0.9302	0.8311	16.68	14.28	-2.396	16.28	11.58	6
chl_range	False	env model sites, collected 2018	7	0.6712	0.3929	13.2	13.23	0.022	8.664	7.084	4
chl_range	False	env model sites, collected 2024	7	0.9866	0.9636	20.15	15.34	-4.814	21.71	15.42	1
