location	collection_year	in_env_model_reference	in_env_model_alternative	station_reference	station_alternative	n_profiles_reference	n_profiles_alternative	station_changed
CS18_22_Wild_plate1	2018	True	True	SIN001	SIN001	39.0	36.0	False
Coos_Bay	2024	False	False	CO-OPS 9432780	CO-OPS 9432780			False
Dogfish_Bay	2024	True	True	SIN001	SIN001	39.0	36.0	False
FB18_Wild	2018	True	True	RSR837	RSR837	38.0	38.0	False
Fidalgo_Bay	2024	True	True	RSR837	RSR837	38.0	38.0	False
HC18_Triton_Wild	2018	True	True	HCB003	HCB003	48.0	36.0	False
LS	2024	True	True	OAK004	OAK004	46.0	38.0	False
MB	2024	True	True	BUD005	BUD005	47.0	38.0	False
NS18_Disco_Wild	2018	True	True	PTH005	PTH005	38.0	38.0	False
NS18_Sequim_Wild	2018	True	True	ADM002	ADM002	40.0	39.0	False
Ostrich_Bay	2024	True	True	SIN001	SIN001	39.0	36.0	False
PGB18_Wild	2018	True	True	HCB013	ADM003	23.0	37.0	True
SS18_North_Bay_Wild	2018	True	True	HCB007	HCB007	43.0	36.0	False
Squaxin_Island	2024	True	True	DNA001	DNA001	47.0	38.0	False
WB	2024	True	True	WPA006	WPA006	39.0	26.0	False
